# Generated by scripts/hydro-models.cjs
mtllib homelink_energy:models/hydro.mtl
usemtl dark
v 0.03125 0 0.96875
v 0.03125 0.05859375 0.96875
v 0.03125 0.05859375 0.03125
v 0.03125 0 0.03125
vt 0.0625 0.0625
vt 0.25 0.0625
vt 0.25 0.25
vt 0.0625 0.25
f 1/1 2/2 3/3 4/4
v 0.96875 0 0.03125
v 0.96875 0.05859375 0.03125
v 0.96875 0.05859375 0.96875
v 0.96875 0 0.96875
vt 0.0625 0.25
vt 0.25 0.25
vt 0.25 0.0625
vt 0.0625 0.0625
f 5/5 6/6 7/7 8/8
v 0.03125 0 0.03125
v 0.96875 0 0.03125
v 0.96875 0 0.96875
v 0.03125 0 0.96875
vt 0.0625 0.25
vt 0.25 0.25
vt 0.25 0.0625
vt 0.0625 0.0625
f 9/9 10/10 11/11 12/12
v 0.96875 0.05859375 0.04003906
v 0.96875 0.05859375 0.03125
v 0.93945313 0.05859375 0.03125
v 0.93945313 0.05859375 0.04003906
vt 0.25 0.24824219
vt 0.25 0.25
vt 0.24414063 0.25
vt 0.24414063 0.24824219
f 13/13 14/14 15/15 16/16
v 0.88085938 0.05859375 0.03125
v 0.11914063 0.05859375 0.03125
v 0.11914063 0.05859375 0.04003906
v 0.88085938 0.05859375 0.04003906
vt 0.23242188 0.25
vt 0.08007813 0.25
vt 0.08007813 0.24824219
vt 0.23242188 0.24824219
f 17/17 18/18 19/19 20/20
v 0.06054688 0.05859375 0.03125
v 0.03125 0.05859375 0.03125
v 0.03125 0.05859375 0.04003906
v 0.06054688 0.05859375 0.04003906
vt 0.06835938 0.25
vt 0.0625 0.25
vt 0.0625 0.24824219
vt 0.06835938 0.24824219
f 21/21 22/22 23/23 24/24
v 0.96875 0.05859375 0.1484375
v 0.96875 0.05859375 0.04003906
v 0.95996094 0.05859375 0.04003906
v 0.95996094 0.05859375 0.1484375
vt 0.25 0.2265625
vt 0.25 0.24824219
vt 0.24824219 0.24824219
vt 0.24824219 0.2265625
f 25/25 26/26 27/27 28/28
v 0.93945313 0.05859375 0.1484375
v 0.95996094 0.05859375 0.1484375
v 0.95996094 0.05859375 0.11328125
v 0.93945313 0.05859375 0.11328125
vt 0.24414062 0.2265625
vt 0.24824219 0.2265625
vt 0.24824219 0.23359375
vt 0.24414063 0.23359375
f 29/29 30/30 31/31 32/32
v 0.11914063 0.05859375 0.1484375
v 0.88085938 0.05859375 0.1484375
v 0.88085938 0.05859375 0.11328125
v 0.11914063 0.05859375 0.11328125
vt 0.08007813 0.2265625
vt 0.23242187 0.2265625
vt 0.23242188 0.23359375
vt 0.08007813 0.23359375
f 33/33 34/34 35/35 36/36
v 0.88085938 0.05859375 0.04003906
v 0.11914063 0.05859375 0.04003906
v 0.11914063 0.05859375 0.11328125
v 0.88085938 0.05859375 0.11328125
vt 0.23242188 0.24824219
vt 0.08007813 0.24824219
vt 0.08007813 0.23359375
vt 0.23242188 0.23359375
f 37/37 38/38 39/39 40/40
v 0.03125 0.05859375 0.11328125
v 0.03125 0.05859375 0.1484375
v 0.06054688 0.05859375 0.1484375
v 0.06054687 0.05859375 0.11328125
vt 0.0625 0.23359375
vt 0.0625 0.2265625
vt 0.06835938 0.2265625
vt 0.06835938 0.23359375
f 41/41 42/42 43/43 44/44
v 0.04003906 0.05859375 0.04003906
v 0.03125 0.05859375 0.04003906
v 0.03125 0.05859375 0.11328125
v 0.04003906 0.05859375 0.11328125
vt 0.06425781 0.24824219
vt 0.0625 0.24824219
vt 0.0625 0.23359375
vt 0.06425781 0.23359375
f 45/45 46/46 47/47 48/48
v 0.96875 0.05859375 0.88671875
v 0.96875 0.05859375 0.1484375
v 0.88085938 0.05859375 0.1484375
v 0.88085938 0.05859375 0.88671875
vt 0.25 0.07890625
vt 0.25 0.2265625
vt 0.23242188 0.2265625
vt 0.23242188 0.07890625
f 49/49 50/50 51/51 52/52
v 0.95996094 0.05859375 0.96875
v 0.96875 0.05859375 0.96875
v 0.96875 0.05859375 0.88671875
v 0.95996094 0.05859375 0.88671875
vt 0.24824219 0.0625
vt 0.25 0.0625
vt 0.25 0.07890625
vt 0.24824219 0.07890625
f 53/53 54/54 55/55 56/56
v 0.88085938 0.05859375 0.96875
v 0.95996094 0.05859375 0.96875
v 0.95996094 0.05859375 0.95996094
v 0.88085938 0.05859375 0.95996094
vt 0.23242188 0.0625
vt 0.24824219 0.0625
vt 0.24824219 0.06425781
vt 0.23242188 0.06425781
f 57/57 58/58 59/59 60/60
v 0.88671875 0.05859375 0.88671875
v 0.88085938 0.05859375 0.88671875
v 0.88085938 0.05859375 0.95996094
v 0.88671875 0.05859375 0.95996094
vt 0.23359375 0.07890625
vt 0.23242188 0.07890625
vt 0.23242188 0.06425781
vt 0.23359375 0.06425781
f 61/61 62/62 63/63 64/64
v 0.11914063 0.05859375 0.6171875
v 0.03125 0.05859375 0.6171875
v 0.03125 0.05859375 0.88671875
v 0.11914063 0.05859375 0.88671875
vt 0.08007813 0.1328125
vt 0.0625 0.1328125
vt 0.0625 0.07890625
vt 0.08007813 0.07890625
f 65/65 66/66 67/67 68/68
v 0.11328125 0.05859375 0.96875
v 0.88085938 0.05859375 0.96875
v 0.88085938 0.05859375 0.88671875
v 0.11328125 0.05859375 0.88671875
vt 0.07890625 0.0625
vt 0.23242188 0.0625
vt 0.23242188 0.07890625
vt 0.07890625 0.07890625
f 69/69 70/70 71/71 72/72
v 0.03125 0.05859375 0.96875
v 0.11328125 0.05859375 0.96875
v 0.11328125 0.05859375 0.95996094
v 0.03125 0.05859375 0.95996094
vt 0.0625 0.0625
vt 0.07890625 0.0625
vt 0.07890625 0.06425781
vt 0.0625 0.06425781
f 73/73 74/74 75/75 76/76
v 0.04003906 0.05859375 0.88671875
v 0.03125 0.05859375 0.88671875
v 0.03125 0.05859375 0.95996094
v 0.04003906 0.05859375 0.95996094
vt 0.06425781 0.07890625
vt 0.0625 0.07890625
vt 0.0625 0.06425781
vt 0.06425781 0.06425781
f 77/77 78/78 79/79 80/80
v 0.11914063 0.05859375 0.1484375
v 0.03125 0.05859375 0.1484375
v 0.03125 0.05859375 0.6171875
v 0.11914063 0.05859375 0.6171875
vt 0.08007813 0.2265625
vt 0.0625 0.2265625
vt 0.0625 0.1328125
vt 0.08007813 0.1328125
f 81/81 82/82 83/83 84/84
v 0.03125 0.05859375 0.03125
v 0.96875 0.05859375 0.03125
v 0.96875 0 0.03125
v 0.03125 0 0.03125
vt 0.0625 0.0625
vt 0.25 0.0625
vt 0.25 0.25
vt 0.0625 0.25
f 85/85 86/86 87/87 88/88
v 0.03125 0 0.96875
v 0.96875 0 0.96875
v 0.96875 0.05859375 0.96875
v 0.03125 0.05859375 0.96875
vt 0.0625 0.25
vt 0.25 0.25
vt 0.25 0.0625
vt 0.0625 0.0625
f 89/89 90/90 91/91 92/92
usemtl body
v 0.11914063 0.05859375 0.6171875
v 0.11914063 0.234375 0.6171875
v 0.11914063 0.234375 0.1484375
v 0.11914063 0.05859375 0.1484375
vt 0 0
vt 1 0
vt 1 1
vt 0 1
f 93/93 94/94 95/95 96/96
v 0.88085938 0.05859375 0.1484375
v 0.88085938 0.234375 0.1484375
v 0.88085938 0.234375 0.6171875
v 0.88085938 0.05859375 0.6171875
vt 0 1
vt 1 1
vt 1 0
vt 0 0
f 97/97 98/98 99/99 100/100
v 0.11914063 0.05859375 0.1484375
v 0.88085938 0.05859375 0.1484375
v 0.88085938 0.05859375 0.6171875
v 0.11914063 0.05859375 0.6171875
vt 0 1
vt 1 1
vt 1 0
vt 0 0
f 101/101 102/102 103/103 104/104
v 0.11914063 0.234375 0.1484375
v 0.88085938 0.234375 0.1484375
v 0.88085938 0.05859375 0.1484375
v 0.11914063 0.05859375 0.1484375
vt 0 0
vt 1 0
vt 1 1
vt 0 1
f 105/105 106/106 107/107 108/108
v 0.88085938 0.1171875 0.6171875
v 0.88085938 0.234375 0.6171875
v 0.11914063 0.234375 0.6171875
v 0.11914063 0.1171875 0.6171875
vt 1 0.66666667
vt 1 0
vt 0 0
vt 0 0.66666667
f 109/109 110/110 111/111 112/112
v 0.11914063 0.234375 0.6171875
v 0.11914063 0.79101563 0.6171875
v 0.11914063 0.79101563 0.11914063
v 0.11914063 0.234375 0.11914063
vt 0 0
vt 1 0
vt 1 1
vt 0 1
f 113/113 114/114 115/115 116/116
v 0.88085938 0.234375 0.11914063
v 0.88085938 0.79101563 0.11914063
v 0.88085938 0.79101563 0.6171875
v 0.88085938 0.234375 0.6171875
vt 0 1
vt 1 1
vt 1 0
vt 0 0
f 117/117 118/118 119/119 120/120
v 0.11914063 0.234375 0.11914063
v 0.88085938 0.234375 0.11914063
v 0.88085938 0.234375 0.6171875
v 0.11914063 0.234375 0.6171875
vt 0 1
vt 1 1
vt 1 0
vt 0 0
f 121/121 122/122 123/123 124/124
v 0.88085938 0.79101563 0.1484375
v 0.88085938 0.79101563 0.11914063
v 0.11914063 0.79101563 0.11914063
v 0.11914063 0.79101563 0.1484375
vt 1 0.94117647
vt 1 1
vt 0 1
vt 0 0.94117647
f 125/125 126/126 127/127 128/128
v 0.8515625 0.79101563 0.6171875
v 0.88085938 0.79101563 0.6171875
v 0.88085938 0.79101563 0.1484375
v 0.8515625 0.79101563 0.1484375
vt 0.96153846 0
vt 1 0
vt 1 0.94117647
vt 0.96153846 0.94117647
f 129/129 130/130 131/131 132/132
v 0.11914063 0.79101563 0.6171875
v 0.8515625 0.79101563 0.6171875
v 0.8515625 0.79101563 0.55859375
v 0.11914063 0.79101563 0.55859375
vt 0 0
vt 0.96153846 0
vt 0.96153846 0.11764706
vt 0 0.11764706
f 133/133 134/134 135/135 136/136
v 0.1484375 0.79101563 0.1484375
v 0.11914063 0.79101563 0.1484375
v 0.11914063 0.79101563 0.55859375
v 0.1484375 0.79101563 0.55859375
vt 0.03846154 0.94117647
vt 0 0.94117647
vt 0 0.11764706
vt 0.03846154 0.11764706
f 137/137 138/138 139/139 140/140
v 0.88085938 0.30761719 0.11914063
v 0.88085938 0.27832031 0.11914063
v 0.11914063 0.27832031 0.11914063
v 0.11914063 0.30761719 0.11914063
vt 1 0.86842105
vt 1 0.92105263
vt 0 0.92105263
vt 0 0.86842105
f 141/141 142/142 143/143 144/144
v 0.88085938 0.32226563 0.11914063
v 0.88085938 0.30761719 0.11914063
v 0.45605469 0.30761719 0.11914063
v 0.45605469 0.32226563 0.11914063
vt 1 0.84210526
vt 1 0.86842105
vt 0.44230769 0.86842105
vt 0.44230769 0.84210526
f 145/145 146/146 147/147 148/148
v 0.16308594 0.30761719 0.11914063
v 0.11914063 0.30761719 0.11914063
v 0.11914063 0.32226563 0.11914063
v 0.16308594 0.32226563 0.11914063
vt 0.05769231 0.86842105
vt 0 0.86842105
vt 0 0.84210526
vt 0.05769231 0.84210526
f 149/149 150/150 151/151 152/152
v 0.88085938 0.5859375 0.11914063
v 0.88085938 0.32226563 0.11914063
v 0.83691406 0.32226563 0.11914063
v 0.83691406 0.5859375 0.11914063
vt 1 0.36842105
vt 1 0.84210526
vt 0.94230769 0.84210526
vt 0.94230769 0.36842105
f 153/153 154/154 155/155 156/156
v 0.52929688 0.32226563 0.11914063
v 0.45605469 0.32226563 0.11914063
v 0.45605469 0.5859375 0.11914063
v 0.52929688 0.5859375 0.11914063
vt 0.53846154 0.84210526
vt 0.44230769 0.84210526
vt 0.44230769 0.36842105
vt 0.53846154 0.36842105
f 157/157 158/158 159/159 160/160
v 0.11914063 0.55078125 0.11914063
v 0.11914063 0.5859375 0.11914063
v 0.45605469 0.5859375 0.11914063
v 0.45605469 0.55078125 0.11914063
vt 0 0.43157895
vt 0 0.36842105
vt 0.44230769 0.36842105
vt 0.44230769 0.43157895
f 161/161 162/162 163/163 164/164
v 0.16308594 0.32226563 0.11914063
v 0.11914063 0.32226563 0.11914063
v 0.11914063 0.55078125 0.11914063
v 0.16308594 0.55078125 0.11914063
vt 0.05769231 0.84210526
vt 0 0.84210526
vt 0 0.43157895
vt 0.05769231 0.43157895
f 165/165 166/166 167/167 168/168
v 0.83691406 0.79101563 0.11914063
v 0.88085938 0.79101563 0.11914063
v 0.88085938 0.5859375 0.11914063
v 0.83691406 0.5859375 0.11914063
vt 0.94230769 0
vt 1 0
vt 1 0.36842105
vt 0.94230769 0.36842105
f 169/169 170/170 171/171 172/172
v 0.45605469 0.79101563 0.11914063
v 0.52929688 0.79101563 0.11914063
v 0.52929688 0.5859375 0.11914063
v 0.45605469 0.5859375 0.11914063
vt 0.44230769 0
vt 0.53846154 0
vt 0.53846154 0.36842105
vt 0.44230769 0.36842105
f 173/173 174/174 175/175 176/176
v 0.11914063 0.79101563 0.11914063
v 0.16308594 0.79101563 0.11914063
v 0.16308594 0.5859375 0.11914063
v 0.11914063 0.5859375 0.11914063
vt 0 0
vt 0.05769231 0
vt 0.05769231 0.36842105
vt 0 0.36842105
f 177/177 178/178 179/179 180/180
v 0.11914063 0.234375 0.6171875
v 0.88085938 0.234375 0.6171875
v 0.88085938 0.79101563 0.6171875
v 0.11914063 0.79101563 0.6171875
vt 0 1
vt 1 1
vt 1 0
vt 0 0
f 181/181 182/182 183/183 184/184
usemtl paint
v 0.04003906 0.05859375 0.11328125
v 0.04003906 0.92285156 0.11328125
v 0.04003906 0.92285156 0.04003906
v 0.04003906 0.05859375 0.04003906
vt 0 0
vt 0.0625 0
vt 0.0625 0.0625
vt 0 0.0625
f 185/185 186/186 187/187 188/188
v 0.11328125 0.05859375 0.04003906
v 0.11328125 0.92285156 0.04003906
v 0.11328125 0.92285156 0.11328125
v 0.11328125 0.05859375 0.11328125
vt 0 0.0625
vt 0.0625 0.0625
vt 0.0625 0
vt 0 0
f 189/189 190/190 191/191 192/192
v 0.04003906 0.05859375 0.04003906
v 0.06054688 0.05859375 0.04003906
v 0.06054688 0.05859375 0.11328125
v 0.04003906 0.05859375 0.11328125
vt 0 0.0625
vt 0.0175 0.0625
vt 0.0175 0
vt 0 0
f 193/193 194/194 195/195 196/196
v 0.04003906 0.92285156 0.11328125
v 0.11328125 0.92285156 0.11328125
v 0.11328125 0.92285156 0.04003906
v 0.04003906 0.92285156 0.04003906
vt 0 0
vt 0.0625 0
vt 0.0625 0.0625
vt 0 0.0625
f 197/197 198/198 199/199 200/200
v 0.04003906 0.92285156 0.04003906
v 0.11328125 0.92285156 0.04003906
v 0.11328125 0.05859375 0.04003906
v 0.04003906 0.05859375 0.04003906
vt 0 0
vt 0.0625 0
vt 0.0625 0.0625
vt 0 0.0625
f 201/201 202/202 203/203 204/204
v 0.04003906 0.05859375 0.11328125
v 0.11328125 0.05859375 0.11328125
v 0.11328125 0.92285156 0.11328125
v 0.04003906 0.92285156 0.11328125
vt 0 0.0625
vt 0.0625 0.0625
vt 0.0625 0
vt 0 0
f 205/205 206/206 207/207 208/208
usemtl dark
v 0.03417969 0.10253906 0.11914063
v 0.03417969 0.14648438 0.11914063
v 0.03417969 0.14648438 0.03417969
v 0.03417969 0.10253906 0.03417969
vt 0.0625 0.0625
vt 0.25 0.0625
vt 0.25 0.25
vt 0.0625 0.25
f 209/209 210/210 211/211 212/212
v 0.03417969 0.10253906 0.03417969
v 0.11914063 0.10253906 0.03417969
v 0.11914063 0.10253906 0.11914063
v 0.03417969 0.10253906 0.11914063
vt 0.0625 0.25
vt 0.25 0.25
vt 0.25 0.0625
vt 0.0625 0.0625
f 213/213 214/214 215/215 216/216
v 0.03417969 0.14648438 0.11914063
v 0.11914063 0.14648438 0.11914063
v 0.11914063 0.14648438 0.03417969
v 0.03417969 0.14648438 0.03417969
vt 0.0625 0.0625
vt 0.25 0.0625
vt 0.25 0.25
vt 0.0625 0.25
f 217/217 218/218 219/219 220/220
v 0.03417969 0.14648438 0.03417969
v 0.11914063 0.14648438 0.03417969
v 0.11914063 0.10253906 0.03417969
v 0.03417969 0.10253906 0.03417969
vt 0.0625 0.0625
vt 0.25 0.0625
vt 0.25 0.25
vt 0.0625 0.25
f 221/221 222/222 223/223 224/224
v 0.03417969 0.10253906 0.11914063
v 0.11914063 0.10253906 0.11914063
v 0.11914063 0.14648438 0.11914063
v 0.03417969 0.14648438 0.11914063
vt 0.0625 0.25
vt 0.25 0.25
vt 0.25 0.0625
vt 0.0625 0.0625
f 225/225 226/226 227/227 228/228
v 0.03417969 0.80566406 0.11914063
v 0.03417969 0.84960938 0.11914063
v 0.03417969 0.84960938 0.03417969
v 0.03417969 0.80566406 0.03417969
vt 0.0625 0.0625
vt 0.25 0.0625
vt 0.25 0.25
vt 0.0625 0.25
f 229/229 230/230 231/231 232/232
v 0.11914063 0.80566406 0.03417969
v 0.11914063 0.84960938 0.03417969
v 0.11914063 0.84960938 0.11914063
v 0.11914063 0.80566406 0.11914063
vt 0.0625 0.25
vt 0.25 0.25
vt 0.25 0.0625
vt 0.0625 0.0625
f 233/233 234/234 235/235 236/236
v 0.03417969 0.80566406 0.03417969
v 0.11914063 0.80566406 0.03417969
v 0.11914063 0.80566406 0.11914063
v 0.03417969 0.80566406 0.11914063
vt 0.0625 0.25
vt 0.25 0.25
vt 0.25 0.0625
vt 0.0625 0.0625
f 237/237 238/238 239/239 240/240
v 0.10449219 0.84960938 0.11914063
v 0.11914063 0.84960938 0.11914063
v 0.11914063 0.84960938 0.10449219
v 0.10449219 0.84960938 0.10449219
vt 0.21767241 0.0625
vt 0.25 0.0625
vt 0.25 0.09482759
vt 0.21767241 0.09482759
f 241/241 242/242 243/243 244/244
v 0.03417969 0.84960938 0.03417969
v 0.11914063 0.84960938 0.03417969
v 0.11914063 0.80566406 0.03417969
v 0.03417969 0.80566406 0.03417969
vt 0.0625 0.0625
vt 0.25 0.0625
vt 0.25 0.25
vt 0.0625 0.25
f 245/245 246/246 247/247 248/248
v 0.03417969 0.80566406 0.11914063
v 0.11914063 0.80566406 0.11914063
v 0.11914063 0.84960938 0.11914063
v 0.03417969 0.84960938 0.11914063
vt 0.0625 0.25
vt 0.25 0.25
vt 0.25 0.0625
vt 0.0625 0.0625
f 249/249 250/250 251/251 252/252
usemtl paint
v 0.04003906 0.05859375 0.95996094
v 0.04003906 0.92285156 0.95996094
v 0.04003906 0.92285156 0.88671875
v 0.04003906 0.05859375 0.88671875
vt 0 0
vt 0.0625 0
vt 0.0625 0.0625
vt 0 0.0625
f 253/253 254/254 255/255 256/256
v 0.11328125 0.05859375 0.88671875
v 0.11328125 0.92285156 0.88671875
v 0.11328125 0.92285156 0.95996094
v 0.11328125 0.05859375 0.95996094
vt 0 0.0625
vt 0.0625 0.0625
vt 0.0625 0
vt 0 0
f 257/257 258/258 259/259 260/260
v 0.04003906 0.05859375 0.88671875
v 0.11328125 0.05859375 0.88671875
v 0.11328125 0.05859375 0.95996094
v 0.04003906 0.05859375 0.95996094
vt 0 0.0625
vt 0.0625 0.0625
vt 0.0625 0
vt 0 0
f 261/261 262/262 263/263 264/264
v 0.04003906 0.92285156 0.95996094
v 0.11328125 0.92285156 0.95996094
v 0.11328125 0.92285156 0.88671875
v 0.04003906 0.92285156 0.88671875
vt 0 0
vt 0.0625 0
vt 0.0625 0.0625
vt 0 0.0625
f 265/265 266/266 267/267 268/268
v 0.11328125 0.1171875 0.88671875
v 0.11328125 0.05859375 0.88671875
v 0.04003906 0.05859375 0.88671875
v 0.04003906 0.1171875 0.88671875
vt 0.0625 0.05826271
vt 0.0625 0.0625
vt 0 0.0625
vt 0 0.05826271
f 269/269 270/270 271/271 272/272
v 0.04003906 0.92285156 0.88671875
v 0.11328125 0.92285156 0.88671875
v 0.11328125 0.84960938 0.88671875
v 0.04003906 0.84960938 0.88671875
vt 0 0
vt 0.0625 0
vt 0.0625 0.00529661
vt 0 0.00529661
f 273/273 274/274 275/275 276/276
v 0.08984375 0.1171875 0.88671875
v 0.04003906 0.1171875 0.88671875
v 0.04003906 0.84960938 0.88671875
v 0.08984375 0.84960938 0.88671875
vt 0.0425 0.05826271
vt 0 0.05826271
vt 0 0.00529661
vt 0.0425 0.00529661
f 277/277 278/278 279/279 280/280
v 0.04003906 0.05859375 0.95996094
v 0.11328125 0.05859375 0.95996094
v 0.11328125 0.92285156 0.95996094
v 0.04003906 0.92285156 0.95996094
vt 0 0.0625
vt 0.0625 0.0625
vt 0.0625 0
vt 0 0
f 281/281 282/282 283/283 284/284
usemtl dark
v 0.03417969 0.10253906 0.96582031
v 0.03417969 0.14648438 0.96582031
v 0.03417969 0.14648438 0.88085938
v 0.03417969 0.10253906 0.88085938
vt 0.0625 0.0625
vt 0.25 0.0625
vt 0.25 0.25
vt 0.0625 0.25
f 285/285 286/286 287/287 288/288
v 0.11914063 0.14648438 0.88671875
v 0.11914063 0.14648438 0.96582031
v 0.11914063 0.10253906 0.96582031
v 0.11914063 0.10253906 0.88671875
vt 0.25 0.23706897
vt 0.25 0.0625
vt 0.0625 0.0625
vt 0.0625 0.23706897
f 289/289 290/290 291/291 292/292
v 0.03417969 0.10253906 0.88085938
v 0.11914063 0.10253906 0.88085938
v 0.11914063 0.10253906 0.96582031
v 0.03417969 0.10253906 0.96582031
vt 0.0625 0.25
vt 0.25 0.25
vt 0.25 0.0625
vt 0.0625 0.0625
f 293/293 294/294 295/295 296/296
v 0.03417969 0.14648438 0.96582031
v 0.11914063 0.14648438 0.96582031
v 0.11914063 0.14648438 0.88085938
v 0.03417969 0.14648438 0.88085938
vt 0.0625 0.0625
vt 0.25 0.0625
vt 0.25 0.25
vt 0.0625 0.25
f 297/297 298/298 299/299 300/300
v 0.03417969 0.14648438 0.88085938
v 0.11914063 0.14648438 0.88085938
v 0.11914063 0.10253906 0.88085938
v 0.03417969 0.10253906 0.88085938
vt 0.0625 0.0625
vt 0.25 0.0625
vt 0.25 0.25
vt 0.0625 0.25
f 301/301 302/302 303/303 304/304
v 0.03417969 0.10253906 0.96582031
v 0.11914063 0.10253906 0.96582031
v 0.11914063 0.14648438 0.96582031
v 0.03417969 0.14648438 0.96582031
vt 0.0625 0.25
vt 0.25 0.25
vt 0.25 0.0625
vt 0.0625 0.0625
f 305/305 306/306 307/307 308/308
v 0.03417969 0.80566406 0.96582031
v 0.03417969 0.84960938 0.96582031
v 0.03417969 0.84960938 0.88085938
v 0.03417969 0.80566406 0.88085938
vt 0.0625 0.0625
vt 0.25 0.0625
vt 0.25 0.25
vt 0.0625 0.25
f 309/309 310/310 311/311 312/312
v 0.11914063 0.84960938 0.95996094
v 0.11914063 0.84960938 0.96582031
v 0.11914063 0.80566406 0.96582031
v 0.11914063 0.80566406 0.95996094
vt 0.25 0.07543103
vt 0.25 0.0625
vt 0.0625 0.0625
vt 0.0625 0.07543103
f 313/313 314/314 315/315 316/316
v 0.11914063 0.84960938 0.88671875
v 0.11914063 0.84960938 0.95996094
v 0.11914063 0.81005859 0.95996094
v 0.11914063 0.81005859 0.88671875
vt 0.25 0.23706897
vt 0.25 0.07543103
vt 0.08125 0.07543103
vt 0.08125 0.23706897
f 317/317 318/318 319/319 320/320
v 0.11914063 0.80566406 0.93945313
v 0.11914063 0.80566406 0.88671875
v 0.11914063 0.81005859 0.88671875
v 0.11914063 0.81005859 0.93945313
vt 0.0625 0.12068966
vt 0.0625 0.23706897
vt 0.08125 0.23706897
vt 0.08125 0.12068966
f 321/321 322/322 323/323 324/324
v 0.03417969 0.80566406 0.88085938
v 0.11914063 0.80566406 0.88085938
v 0.11914063 0.80566406 0.96582031
v 0.03417969 0.80566406 0.96582031
vt 0.0625 0.25
vt 0.25 0.25
vt 0.25 0.0625
vt 0.0625 0.0625
f 325/325 326/326 327/327 328/328
v 0.11914063 0.84960938 0.89550781
v 0.11914063 0.84960938 0.88671875
v 0.10449219 0.84960938 0.88671875
v 0.10449219 0.84960938 0.89550781
vt 0.25 0.21767241
vt 0.25 0.23706897
vt 0.21767241 0.23706897
vt 0.21767241 0.21767241
f 329/329 330/330 331/331 332/332
v 0.03417969 0.84960938 0.88085938
v 0.11914063 0.84960938 0.88085938
v 0.11914063 0.80566406 0.88085938
v 0.03417969 0.80566406 0.88085938
vt 0.0625 0.0625
vt 0.25 0.0625
vt 0.25 0.25
vt 0.0625 0.25
f 333/333 334/334 335/335 336/336
v 0.03417969 0.80566406 0.96582031
v 0.11914063 0.80566406 0.96582031
v 0.11914063 0.84960938 0.96582031
v 0.03417969 0.84960938 0.96582031
vt 0.0625 0.25
vt 0.25 0.25
vt 0.25 0.0625
vt 0.0625 0.0625
f 337/337 338/338 339/339 340/340
usemtl paint
v 0.88671875 0.05859375 0.11328125
v 0.88671875 0.92285156 0.11328125
v 0.88671875 0.92285156 0.04003906
v 0.88671875 0.05859375 0.04003906
vt 0 0
vt 0.0625 0
vt 0.0625 0.0625
vt 0 0.0625
f 341/341 342/342 343/343 344/344
v 0.95996094 0.05859375 0.04003906
v 0.95996094 0.92285156 0.04003906
v 0.95996094 0.92285156 0.11328125
v 0.95996094 0.05859375 0.11328125
vt 0 0.0625
vt 0.0625 0.0625
vt 0.0625 0
vt 0 0
f 345/345 346/346 347/347 348/348
v 0.93945313 0.05859375 0.04003906
v 0.95996094 0.05859375 0.04003906
v 0.95996094 0.05859375 0.11328125
v 0.93945313 0.05859375 0.11328125
vt 0.045 0.0625
vt 0.0625 0.0625
vt 0.0625 0
vt 0.045 0
f 349/349 350/350 351/351 352/352
v 0.88671875 0.92285156 0.11328125
v 0.95996094 0.92285156 0.11328125
v 0.95996094 0.92285156 0.04003906
v 0.88671875 0.92285156 0.04003906
vt 0 0
vt 0.0625 0
vt 0.0625 0.0625
vt 0 0.0625
f 353/353 354/354 355/355 356/356
v 0.88671875 0.92285156 0.04003906
v 0.95996094 0.92285156 0.04003906
v 0.95996094 0.05859375 0.04003906
v 0.88671875 0.05859375 0.04003906
vt 0 0
vt 0.0625 0
vt 0.0625 0.0625
vt 0 0.0625
f 357/357 358/358 359/359 360/360
v 0.88671875 0.05859375 0.11328125
v 0.95996094 0.05859375 0.11328125
v 0.95996094 0.92285156 0.11328125
v 0.88671875 0.92285156 0.11328125
vt 0 0.0625
vt 0.0625 0.0625
vt 0.0625 0
vt 0 0
f 361/361 362/362 363/363 364/364
usemtl dark
v 0.96582031 0.10253906 0.03417969
v 0.96582031 0.14648438 0.03417969
v 0.96582031 0.14648438 0.11914063
v 0.96582031 0.10253906 0.11914063
vt 0.0625 0.25
vt 0.25 0.25
vt 0.25 0.0625
vt 0.0625 0.0625
f 365/365 366/366 367/367 368/368
v 0.88085938 0.10253906 0.03417969
v 0.96582031 0.10253906 0.03417969
v 0.96582031 0.10253906 0.11914063
v 0.88085938 0.10253906 0.11914063
vt 0.0625 0.25
vt 0.25 0.25
vt 0.25 0.0625
vt 0.0625 0.0625
f 369/369 370/370 371/371 372/372
v 0.88085938 0.14648438 0.11914063
v 0.96582031 0.14648438 0.11914063
v 0.96582031 0.14648438 0.03417969
v 0.88085938 0.14648438 0.03417969
vt 0.0625 0.0625
vt 0.25 0.0625
vt 0.25 0.25
vt 0.0625 0.25
f 373/373 374/374 375/375 376/376
v 0.88085938 0.14648438 0.03417969
v 0.96582031 0.14648438 0.03417969
v 0.96582031 0.10253906 0.03417969
v 0.88085938 0.10253906 0.03417969
vt 0.0625 0.0625
vt 0.25 0.0625
vt 0.25 0.25
vt 0.0625 0.25
f 377/377 378/378 379/379 380/380
v 0.88085938 0.10253906 0.11914063
v 0.96582031 0.10253906 0.11914063
v 0.96582031 0.14648438 0.11914063
v 0.88085938 0.14648438 0.11914063
vt 0.0625 0.25
vt 0.25 0.25
vt 0.25 0.0625
vt 0.0625 0.0625
f 381/381 382/382 383/383 384/384
v 0.88085938 0.80566406 0.11914063
v 0.88085938 0.84960938 0.11914063
v 0.88085938 0.84960938 0.03417969
v 0.88085938 0.80566406 0.03417969
vt 0.0625 0.0625
vt 0.25 0.0625
vt 0.25 0.25
vt 0.0625 0.25
f 385/385 386/386 387/387 388/388
v 0.96582031 0.80566406 0.03417969
v 0.96582031 0.84960938 0.03417969
v 0.96582031 0.84960938 0.11914063
v 0.96582031 0.80566406 0.11914063
vt 0.0625 0.25
vt 0.25 0.25
vt 0.25 0.0625
vt 0.0625 0.0625
f 389/389 390/390 391/391 392/392
v 0.88085938 0.80566406 0.03417969
v 0.96582031 0.80566406 0.03417969
v 0.96582031 0.80566406 0.11914063
v 0.88085938 0.80566406 0.11914063
vt 0.0625 0.25
vt 0.25 0.25
vt 0.25 0.0625
vt 0.0625 0.0625
f 393/393 394/394 395/395 396/396
v 0.88085938 0.84960938 0.11914063
v 0.89550781 0.84960938 0.11914063
v 0.89550781 0.84960938 0.10449219
v 0.88085938 0.84960938 0.10449219
vt 0.0625 0.0625
vt 0.09482759 0.0625
vt 0.09482759 0.09482759
vt 0.0625 0.09482759
f 397/397 398/398 399/399 400/400
v 0.88085938 0.84960938 0.03417969
v 0.96582031 0.84960938 0.03417969
v 0.96582031 0.80566406 0.03417969
v 0.88085938 0.80566406 0.03417969
vt 0.0625 0.0625
vt 0.25 0.0625
vt 0.25 0.25
vt 0.0625 0.25
f 401/401 402/402 403/403 404/404
v 0.88085938 0.80566406 0.11914063
v 0.96582031 0.80566406 0.11914063
v 0.96582031 0.84960938 0.11914063
v 0.88085938 0.84960938 0.11914063
vt 0.0625 0.25
vt 0.25 0.25
vt 0.25 0.0625
vt 0.0625 0.0625
f 405/405 406/406 407/407 408/408
usemtl paint
v 0.88671875 0.05859375 0.95996094
v 0.88671875 0.92285156 0.95996094
v 0.88671875 0.92285156 0.88671875
v 0.88671875 0.05859375 0.88671875
vt 0 0
vt 0.0625 0
vt 0.0625 0.0625
vt 0 0.0625
f 409/409 410/410 411/411 412/412
v 0.95996094 0.05859375 0.88671875
v 0.95996094 0.92285156 0.88671875
v 0.95996094 0.92285156 0.95996094
v 0.95996094 0.05859375 0.95996094
vt 0 0.0625
vt 0.0625 0.0625
vt 0.0625 0
vt 0 0
f 413/413 414/414 415/415 416/416
v 0.88671875 0.05859375 0.88671875
v 0.95996094 0.05859375 0.88671875
v 0.95996094 0.05859375 0.95996094
v 0.88671875 0.05859375 0.95996094
vt 0 0.0625
vt 0.0625 0.0625
vt 0.0625 0
vt 0 0
f 417/417 418/418 419/419 420/420
v 0.88671875 0.92285156 0.95996094
v 0.95996094 0.92285156 0.95996094
v 0.95996094 0.92285156 0.88671875
v 0.88671875 0.92285156 0.88671875
vt 0 0
vt 0.0625 0
vt 0.0625 0.0625
vt 0 0.0625
f 421/421 422/422 423/423 424/424
v 0.95996094 0.1171875 0.88671875
v 0.95996094 0.05859375 0.88671875
v 0.88671875 0.05859375 0.88671875
v 0.88671875 0.1171875 0.88671875
vt 0.0625 0.05826271
vt 0.0625 0.0625
vt 0 0.0625
vt 0 0.05826271
f 425/425 426/426 427/427 428/428
v 0.91015625 0.92285156 0.88671875
v 0.95996094 0.92285156 0.88671875
v 0.95996094 0.1171875 0.88671875
v 0.91015625 0.1171875 0.88671875
vt 0.02 0
vt 0.0625 0
vt 0.0625 0.05826271
vt 0.02 0.05826271
f 429/429 430/430 431/431 432/432
v 0.88671875 0.92285156 0.88671875
v 0.91015625 0.92285156 0.88671875
v 0.91015625 0.84960938 0.88671875
v 0.88671875 0.84960938 0.88671875
vt 0 0
vt 0.02 0
vt 0.02 0.00529661
vt 0 0.00529661
f 433/433 434/434 435/435 436/436
v 0.88671875 0.05859375 0.95996094
v 0.95996094 0.05859375 0.95996094
v 0.95996094 0.92285156 0.95996094
v 0.88671875 0.92285156 0.95996094
vt 0 0.0625
vt 0.0625 0.0625
vt 0.0625 0
vt 0 0
f 437/437 438/438 439/439 440/440
usemtl dark
v 0.88085938 0.10253906 0.96582031
v 0.88085938 0.14648438 0.96582031
v 0.88085938 0.14648438 0.88671875
v 0.88085938 0.10253906 0.88671875
vt 0.0625 0.0625
vt 0.25 0.0625
vt 0.25 0.23706897
vt 0.0625 0.23706897
f 441/441 442/442 443/443 444/444
v 0.96582031 0.10253906 0.88085938
v 0.96582031 0.14648438 0.88085938
v 0.96582031 0.14648438 0.96582031
v 0.96582031 0.10253906 0.96582031
vt 0.0625 0.25
vt 0.25 0.25
vt 0.25 0.0625
vt 0.0625 0.0625
f 445/445 446/446 447/447 448/448
v 0.88085938 0.10253906 0.88085938
v 0.96582031 0.10253906 0.88085938
v 0.96582031 0.10253906 0.96582031
v 0.88085938 0.10253906 0.96582031
vt 0.0625 0.25
vt 0.25 0.25
vt 0.25 0.0625
vt 0.0625 0.0625
f 449/449 450/450 451/451 452/452
v 0.88085938 0.14648438 0.96582031
v 0.96582031 0.14648438 0.96582031
v 0.96582031 0.14648438 0.88085938
v 0.88085938 0.14648438 0.88085938
vt 0.0625 0.0625
vt 0.25 0.0625
vt 0.25 0.25
vt 0.0625 0.25
f 453/453 454/454 455/455 456/456
v 0.88085938 0.14648438 0.88085938
v 0.96582031 0.14648438 0.88085938
v 0.96582031 0.10253906 0.88085938
v 0.88085938 0.10253906 0.88085938
vt 0.0625 0.0625
vt 0.25 0.0625
vt 0.25 0.25
vt 0.0625 0.25
f 457/457 458/458 459/459 460/460
v 0.88085938 0.10253906 0.96582031
v 0.96582031 0.10253906 0.96582031
v 0.96582031 0.14648438 0.96582031
v 0.88085938 0.14648438 0.96582031
vt 0.0625 0.25
vt 0.25 0.25
vt 0.25 0.0625
vt 0.0625 0.0625
f 461/461 462/462 463/463 464/464
v 0.88085938 0.84960938 0.93945313
v 0.88085938 0.84960938 0.88671875
v 0.88085938 0.80566406 0.88671875
v 0.88085938 0.80566406 0.93945313
vt 0.25 0.12068966
vt 0.25 0.23706897
vt 0.0625 0.23706897
vt 0.0625 0.12068966
f 465/465 466/466 467/467 468/468
v 0.88085938 0.81005859 0.96582031
v 0.88085938 0.84960938 0.96582031
v 0.88085938 0.84960938 0.93945313
v 0.88085938 0.81005859 0.93945313
vt 0.08125 0.0625
vt 0.25 0.0625
vt 0.25 0.12068966
vt 0.08125 0.12068966
f 469/469 470/470 471/471 472/472
v 0.88085938 0.80566406 0.96582031
v 0.88085938 0.81005859 0.96582031
v 0.88085938 0.81005859 0.95996094
v 0.88085938 0.80566406 0.95996094
vt 0.0625 0.0625
vt 0.08125 0.0625
vt 0.08125 0.07543103
vt 0.0625 0.07543103
f 473/473 474/474 475/475 476/476
v 0.96582031 0.80566406 0.88085938
v 0.96582031 0.84960938 0.88085938
v 0.96582031 0.84960938 0.96582031
v 0.96582031 0.80566406 0.96582031
vt 0.0625 0.25
vt 0.25 0.25
vt 0.25 0.0625
vt 0.0625 0.0625
f 477/477 478/478 479/479 480/480
v 0.88085938 0.80566406 0.88085938
v 0.96582031 0.80566406 0.88085938
v 0.96582031 0.80566406 0.96582031
v 0.88085938 0.80566406 0.96582031
vt 0.0625 0.25
vt 0.25 0.25
vt 0.25 0.0625
vt 0.0625 0.0625
f 481/481 482/482 483/483 484/484
v 0.88085938 0.84960938 0.88671875
v 0.88085938 0.84960938 0.89550781
v 0.89550781 0.84960938 0.89550781
v 0.89550781 0.84960938 0.88671875
vt 0.0625 0.23706897
vt 0.0625 0.21767241
vt 0.09482759 0.21767241
vt 0.09482759 0.23706897
f 485/485 486/486 487/487 488/488
v 0.88085938 0.84960938 0.88085938
v 0.96582031 0.84960938 0.88085938
v 0.96582031 0.80566406 0.88085938
v 0.88085938 0.80566406 0.88085938
vt 0.0625 0.0625
vt 0.25 0.0625
vt 0.25 0.25
vt 0.0625 0.25
f 489/489 490/490 491/491 492/492
v 0.88085938 0.80566406 0.96582031
v 0.96582031 0.80566406 0.96582031
v 0.96582031 0.84960938 0.96582031
v 0.88085938 0.84960938 0.96582031
vt 0.0625 0.25
vt 0.25 0.25
vt 0.25 0.0625
vt 0.0625 0.0625
f 493/493 494/494 495/495 496/496
v 0.03125 0.84960938 0.10449219
v 0.03125 0.9375 0.10449219
v 0.03125 0.9375 0.03125
v 0.03125 0.84960938 0.03125
vt 0.0625 0.0625
vt 0.25 0.0625
vt 0.25 0.25
vt 0.0625 0.25
f 497/497 498/498 499/499 500/500
v 0.96875 0.84960938 0.03125
v 0.96875 0.9375 0.03125
v 0.96875 0.9375 0.10449219
v 0.96875 0.84960938 0.10449219
vt 0.0625 0.25
vt 0.25 0.25
vt 0.25 0.0625
vt 0.0625 0.0625
f 501/501 502/502 503/503 504/504
v 0.03125 0.84960938 0.03125
v 0.96875 0.84960938 0.03125
v 0.96875 0.84960938 0.10449219
v 0.03125 0.84960938 0.10449219
vt 0.0625 0.25
vt 0.25 0.25
vt 0.25 0.0625
vt 0.0625 0.0625
f 505/505 506/506 507/507 508/508
v 0.03125 0.9375 0.10449219
v 0.96875 0.9375 0.10449219
v 0.96875 0.9375 0.03125
v 0.03125 0.9375 0.03125
vt 0.0625 0.0625
vt 0.25 0.0625
vt 0.25 0.25
vt 0.0625 0.25
f 509/509 510/510 511/511 512/512
v 0.03125 0.9375 0.03125
v 0.96875 0.9375 0.03125
v 0.96875 0.84960938 0.03125
v 0.03125 0.84960938 0.03125
vt 0.0625 0.0625
vt 0.25 0.0625
vt 0.25 0.25
vt 0.0625 0.25
f 513/513 514/514 515/515 516/516
v 0.10449219 0.84960938 0.10449219
v 0.89550781 0.84960938 0.10449219
v 0.89550781 0.9375 0.10449219
v 0.10449219 0.9375 0.10449219
vt 0.07714844 0.25
vt 0.23535156 0.25
vt 0.23535156 0.0625
vt 0.07714844 0.0625
f 517/517 518/518 519/519 520/520
v 0.03125 0.84960938 0.96875
v 0.03125 0.9375 0.96875
v 0.03125 0.9375 0.89550781
v 0.03125 0.84960938 0.89550781
vt 0.0625 0.0625
vt 0.25 0.0625
vt 0.25 0.25
vt 0.0625 0.25
f 521/521 522/522 523/523 524/524
v 0.96875 0.84960938 0.89550781
v 0.96875 0.9375 0.89550781
v 0.96875 0.9375 0.96875
v 0.96875 0.84960938 0.96875
vt 0.0625 0.25
vt 0.25 0.25
vt 0.25 0.0625
vt 0.0625 0.0625
f 525/525 526/526 527/527 528/528
v 0.96875 0.84960938 0.96289063
v 0.96875 0.84960938 0.96875
v 0.03125 0.84960938 0.96875
v 0.03125 0.84960938 0.96289063
vt 0.25 0.0775
vt 0.25 0.0625
vt 0.0625 0.0625
vt 0.0625 0.0775
f 529/529 530/530 531/531 532/532
v 0.72558594 0.84960938 0.89550781
v 0.96875 0.84960938 0.89550781
v 0.96875 0.84960938 0.96289063
v 0.72558594 0.84960938 0.96289063
vt 0.20136719 0.25
vt 0.25 0.25
vt 0.25 0.0775
vt 0.20136719 0.0775
f 533/533 534/534 535/535 536/536
v 0.50585938 0.84960938 0.89550781
v 0.72558594 0.84960938 0.89550781
v 0.72558594 0.84960938 0.94238281
v 0.50585938 0.84960938 0.94238281
vt 0.15742187 0.25
vt 0.20136719 0.25
vt 0.20136719 0.13
vt 0.15742187 0.13
f 537/537 538/538 539/539 540/540
v 0.70507813 0.84960938 0.96289063
v 0.50585938 0.84960938 0.96289063
v 0.50585938 0.84960938 0.94238281
v 0.70507813 0.84960938 0.94238281
vt 0.19726563 0.0775
vt 0.15742187 0.0775
vt 0.15742187 0.13
vt 0.19726563 0.13
f 541/541 542/542 543/543 544/544
v 0.28613281 0.84960938 0.89550781
v 0.50585938 0.84960938 0.89550781
v 0.50585938 0.84960938 0.94238281
v 0.28613281 0.84960938 0.94238281
vt 0.11347656 0.25
vt 0.15742187 0.25
vt 0.15742187 0.13
vt 0.11347656 0.13
f 545/545 546/546 547/547 548/548
v 0.48535156 0.84960938 0.96289063
v 0.28613281 0.84960938 0.96289063
v 0.28613281 0.84960938 0.94238281
v 0.48535156 0.84960938 0.94238281
vt 0.15332031 0.0775
vt 0.11347656 0.0775
vt 0.11347656 0.13
vt 0.15332031 0.13
f 549/549 550/550 551/551 552/552
v 0.03125 0.84960938 0.89550781
v 0.28613281 0.84960938 0.89550781
v 0.28613281 0.84960938 0.94238281
v 0.03125 0.84960938 0.94238281
vt 0.0625 0.25
vt 0.11347656 0.25
vt 0.11347656 0.13
vt 0.0625 0.13
f 553/553 554/554 555/555 556/556
v 0.265625 0.84960938 0.96289063
v 0.03125 0.84960938 0.96289063
v 0.03125 0.84960938 0.94238281
v 0.265625 0.84960938 0.94238281
vt 0.109375 0.0775
vt 0.0625 0.0775
vt 0.0625 0.13
vt 0.109375 0.13
f 557/557 558/558 559/559 560/560
v 0.10449219 0.9375 0.89550781
v 0.03125 0.9375 0.89550781
v 0.03125 0.9375 0.96622193
v 0.03556569 0.9375 0.96443431
vt 0.07714844 0.25
vt 0.0625 0.25
vt 0.0625 0.06897186
vt 0.06336314 0.07354816
f 561/561 562/562 563/563 564/564
v 0.17367741 0.9375 0.89550781
v 0.10449219 0.9375 0.89550781
v 0.03556569 0.9375 0.96443431
v 0.1878232 0.9375 0.90136719
vt 0.09098548 0.25
vt 0.07714844 0.25
vt 0.06336314 0.07354816
vt 0.09381464 0.235
f 565/565 566/566 567/567 568/568
v 0.03125 0.9375 0.96875
v 0.03556569 0.9375 0.96443431
v 0.03125 0.9375 0.96622193
vt 0.0625 0.0625
vt 0.06336314 0.07354816
vt 0.0625 0.06897186
f 569/569 570/570 571/571
v 0.03125 0.9375 0.96875
v 0.265625 0.9375 0.96875
v 0.265625 0.9375 0.93359375
vt 0.0625 0.0625
vt 0.109375 0.0625
vt 0.109375 0.1525
f 572/572 573/573 574/574
v 0.03125 0.9375 0.96875
v 0.265625 0.9375 0.93359375
v 0.1878232 0.9375 0.90136719
vt 0.0625 0.0625
vt 0.109375 0.1525
vt 0.09381464 0.235
f 575/575 576/576 577/577
v 0.03125 0.9375 0.96875
v 0.1878232 0.9375 0.90136719
v 0.03556569 0.9375 0.96443431
vt 0.0625 0.0625
vt 0.09381464 0.235
vt 0.06336314 0.07354816
f 578/578 579/579 580/580
v 0.265625 0.9375 0.96875
v 0.96875 0.9375 0.96875
v 0.96875 0.9375 0.89550781
vt 0.109375 0.0625
vt 0.25 0.0625
vt 0.25 0.25
f 581/581 582/582 583/583
v 0.265625 0.9375 0.96875
v 0.96875 0.9375 0.89550781
v 0.35757259 0.9375 0.89550781
vt 0.109375 0.0625
vt 0.25 0.25
vt 0.12776452 0.25
f 584/584 585/585 586/586
v 0.265625 0.9375 0.96875
v 0.35757259 0.9375 0.89550781
v 0.265625 0.9375 0.93359375
vt 0.109375 0.0625
vt 0.12776452 0.25
vt 0.109375 0.1525
f 587/587 588/588 589/589
v 0.10449219 0.9375 0.89550781
v 0.89550781 0.9375 0.89550781
v 0.89550781 0.84960938 0.89550781
v 0.10449219 0.84960938 0.89550781
vt 0.07714844 0.0625
vt 0.23535156 0.0625
vt 0.23535156 0.25
vt 0.07714844 0.25
f 590/590 591/591 592/592 593/593
v 0.03125 0.84960938 0.96875
v 0.96875 0.84960938 0.96875
v 0.96875 0.9375 0.96875
v 0.03125 0.9375 0.96875
vt 0.0625 0.25
vt 0.25 0.25
vt 0.25 0.0625
vt 0.0625 0.0625
f 594/594 595/595 596/596 597/597
v 0.03125 0.84960938 0.89550781
v 0.03125 0.9375 0.89550781
v 0.03125 0.9375 0.10449219
v 0.03125 0.84960938 0.10449219
vt 0.0625 0.0625
vt 0.25 0.0625
vt 0.25 0.25
vt 0.0625 0.25
f 598/598 599/599 600/600 601/601
v 0.10449219 0.84960938 0.10449219
v 0.10449219 0.9375 0.10449219
v 0.10449219 0.9375 0.89550781
v 0.10449219 0.84960938 0.89550781
vt 0.0625 0.25
vt 0.25 0.25
vt 0.25 0.0625
vt 0.0625 0.0625
f 602/602 603/603 604/604 605/605
v 0.10449219 0.84960938 0.88671875
v 0.10449219 0.84960938 0.89550781
v 0.03125 0.84960938 0.89550781
v 0.03125 0.84960938 0.88671875
vt 0.25 0.06458333
vt 0.25 0.0625
vt 0.0625 0.0625
vt 0.0625 0.06458333
f 606/606 607/607 608/608 609/609
v 0.03125 0.84960938 0.10449219
v 0.10449219 0.84960938 0.10449219
v 0.10449219 0.84960938 0.6171875
v 0.03125 0.84960938 0.6171875
vt 0.0625 0.25
vt 0.25 0.25
vt 0.25 0.12847222
vt 0.0625 0.12847222
f 610/610 611/611 612/612 613/613
v 0.08984375 0.84960938 0.88671875
v 0.03125 0.84960938 0.88671875
v 0.03125 0.84960938 0.6171875
v 0.08984375 0.84960938 0.6171875
vt 0.2125 0.06458333
vt 0.0625 0.06458333
vt 0.0625 0.12847222
vt 0.2125 0.12847222
f 614/614 615/615 616/616 617/617
v 0.10449219 0.9375 0.57324219
v 0.10449219 0.9375 0.10449219
v 0.03125 0.9375 0.10449219
vt 0.25 0.13888889
vt 0.25 0.25
vt 0.0625 0.25
f 618/618 619/619 620/620
v 0.10449219 0.9375 0.57324219
v 0.03125 0.9375 0.10449219
v 0.03125 0.9375 0.4938967
vt 0.25 0.13888889
vt 0.0625 0.25
vt 0.0625 0.15769671
f 621/621 622/622 623/623
v 0.10449219 0.9375 0.57324219
v 0.03125 0.9375 0.4938967
v 0.03556569 0.9375 0.50431569
vt 0.25 0.13888889
vt 0.0625 0.15769671
vt 0.07354816 0.15522702
f 624/624 625/625 626/626
v 0.10449219 0.9375 0.64242741
v 0.10449219 0.9375 0.57324219
v 0.03556569 0.9375 0.50431569
v 0.09863281 0.9375 0.6565732
vt 0.25 0.12248943
vt 0.25 0.13888889
vt 0.07354816 0.15522702
vt 0.235 0.11913635
f 627/627 628/628 629/629 630/630
v 0.03556569 0.9375 0.50431569
v 0.03125 0.9375 0.4938967
v 0.03125 0.9375 0.5
vt 0.07354816 0.15522702
vt 0.0625 0.15769671
vt 0.0625 0.15625
f 631/631 632/632 633/633
v 0.09863281 0.9375 0.6565732
v 0.03556569 0.9375 0.50431569
v 0.03125 0.9375 0.5
vt 0.235 0.11913635
vt 0.07354816 0.15522702
vt 0.0625 0.15625
f 634/634 635/635 636/636
v 0.09863281 0.9375 0.6565732
v 0.03125 0.9375 0.5
v 0.03125 0.9375 0.734375
vt 0.235 0.11913635
vt 0.0625 0.15625
vt 0.0625 0.10069444
f 637/637 638/638 639/639
v 0.09863281 0.9375 0.6565732
v 0.03125 0.9375 0.734375
v 0.06640625 0.9375 0.734375
vt 0.235 0.11913635
vt 0.0625 0.10069444
vt 0.1525 0.10069444
f 640/640 641/641 642/642
v 0.03125 0.9375 0.89550781
v 0.10449219 0.9375 0.89550781
v 0.10449219 0.9375 0.82632259
vt 0.0625 0.0625
vt 0.25 0.0625
vt 0.25 0.07889946
f 643/643 644/644 645/645
v 0.03125 0.9375 0.89550781
v 0.10449219 0.9375 0.82632259
v 0.06640625 0.9375 0.734375
vt 0.0625 0.0625
vt 0.25 0.07889946
vt 0.1525 0.10069444
f 646/646 647/647 648/648
v 0.03125 0.9375 0.89550781
v 0.06640625 0.9375 0.734375
v 0.03125 0.9375 0.734375
vt 0.0625 0.0625
vt 0.1525 0.10069444
vt 0.0625 0.10069444
f 649/649 650/650 651/651
v 0.03125 0.9375 0.10449219
v 0.10449219 0.9375 0.10449219
v 0.10449219 0.84960938 0.10449219
v 0.03125 0.84960938 0.10449219
vt 0.0625 0.0625
vt 0.25 0.0625
vt 0.25 0.25
vt 0.0625 0.25
f 652/652 653/653 654/654 655/655
v 0.03125 0.84960938 0.89550781
v 0.10449219 0.84960938 0.89550781
v 0.10449219 0.9375 0.89550781
v 0.03125 0.9375 0.89550781
vt 0.0625 0.25
vt 0.25 0.25
vt 0.25 0.0625
vt 0.0625 0.0625
f 656/656 657/657 658/658 659/659
v 0.89550781 0.84960938 0.89550781
v 0.89550781 0.9375 0.89550781
v 0.89550781 0.9375 0.10449219
v 0.89550781 0.84960938 0.10449219
vt 0.0625 0.0625
vt 0.25 0.0625
vt 0.25 0.25
vt 0.0625 0.25
f 660/660 661/661 662/662 663/663
v 0.96875 0.84960938 0.10449219
v 0.96875 0.9375 0.10449219
v 0.96875 0.9375 0.89550781
v 0.96875 0.84960938 0.89550781
vt 0.0625 0.25
vt 0.25 0.25
vt 0.25 0.0625
vt 0.0625 0.0625
f 664/664 665/665 666/666 667/667
v 0.96875 0.84960938 0.88671875
v 0.96875 0.84960938 0.89550781
v 0.89550781 0.84960938 0.89550781
v 0.89550781 0.84960938 0.88671875
vt 0.25 0.06458333
vt 0.25 0.0625
vt 0.0625 0.0625
vt 0.0625 0.06458333
f 668/668 669/669 670/670 671/671
v 0.91015625 0.84960938 0.10449219
v 0.96875 0.84960938 0.10449219
v 0.96875 0.84960938 0.88671875
v 0.91015625 0.84960938 0.88671875
vt 0.1 0.25
vt 0.25 0.25
vt 0.25 0.06458333
vt 0.1 0.06458333
f 672/672 673/673 674/674 675/675
v 0.89550781 0.84960938 0.10449219
v 0.91015625 0.84960938 0.10449219
v 0.91015625 0.84960938 0.6171875
v 0.89550781 0.84960938 0.6171875
vt 0.0625 0.25
vt 0.1 0.25
vt 0.1 0.12847222
vt 0.0625 0.12847222
f 676/676 677/677 678/678 679/679
v 0.89550781 0.9375 0.89550781
v 0.96875 0.9375 0.89550781
v 0.96875 0.9375 0.10449219
v 0.89550781 0.9375 0.10449219
vt 0.0625 0.0625
vt 0.25 0.0625
vt 0.25 0.25
vt 0.0625 0.25
f 680/680 681/681 682/682 683/683
v 0.89550781 0.9375 0.10449219
v 0.96875 0.9375 0.10449219
v 0.96875 0.84960938 0.10449219
v 0.89550781 0.84960938 0.10449219
vt 0.0625 0.0625
vt 0.25 0.0625
vt 0.25 0.25
vt 0.0625 0.25
f 684/684 685/685 686/686 687/687
v 0.89550781 0.84960938 0.89550781
v 0.96875 0.84960938 0.89550781
v 0.96875 0.9375 0.89550781
v 0.89550781 0.9375 0.89550781
vt 0.0625 0.25
vt 0.25 0.25
vt 0.25 0.0625
vt 0.0625 0.0625
f 688/688 689/689 690/690 691/691
v 0.1484375 0.79101563 0.55859375
v 0.1484375 0.83496094 0.55859375
v 0.1484375 0.83496094 0.1484375
v 0.1484375 0.79101563 0.1484375
vt 0.0625 0.0625
vt 0.25 0.0625
vt 0.25 0.25
vt 0.0625 0.25
f 692/692 693/693 694/694 695/695
v 0.8515625 0.79101563 0.1484375
v 0.8515625 0.83496094 0.1484375
v 0.8515625 0.83496094 0.55859375
v 0.8515625 0.79101563 0.55859375
vt 0.0625 0.25
vt 0.25 0.25
vt 0.25 0.0625
vt 0.0625 0.0625
f 696/696 697/697 698/698 699/699
v 0.1484375 0.79101563 0.1484375
v 0.8515625 0.79101563 0.1484375
v 0.8515625 0.79101563 0.55859375
v 0.1484375 0.79101563 0.55859375
vt 0.0625 0.25
vt 0.25 0.25
vt 0.25 0.0625
vt 0.0625 0.0625
f 700/700 701/701 702/702 703/703
v 0.8515625 0.83496094 0.20703125
v 0.8515625 0.83496094 0.1484375
v 0.1484375 0.83496094 0.1484375
v 0.1484375 0.83496094 0.20703125
vt 0.25 0.22321429
vt 0.25 0.25
vt 0.0625 0.25
vt 0.0625 0.22321429
f 704/704 705/705 706/706 707/707
v 0.76367188 0.83496094 0.55859375
v 0.8515625 0.83496094 0.55859375
v 0.8515625 0.83496094 0.20703125
v 0.76367188 0.83496094 0.20703125
vt 0.2265625 0.0625
vt 0.25 0.0625
vt 0.25 0.22321429
vt 0.2265625 0.22321429
f 708/708 709/709 710/710 711/711
v 0.1484375 0.83496094 0.55859375
v 0.76367188 0.83496094 0.55859375
v 0.76367188 0.83496094 0.5
v 0.1484375 0.83496094 0.5
vt 0.0625 0.0625
vt 0.2265625 0.0625
vt 0.2265625 0.08928571
vt 0.0625 0.08928571
f 712/712 713/713 714/714 715/715
v 0.23632813 0.83496094 0.20703125
v 0.1484375 0.83496094 0.20703125
v 0.1484375 0.83496094 0.5
v 0.23632813 0.83496094 0.5
vt 0.0859375 0.22321429
vt 0.0625 0.22321429
vt 0.0625 0.08928571
vt 0.0859375 0.08928571
f 716/716 717/717 718/718 719/719
v 0.1484375 0.83496094 0.1484375
v 0.8515625 0.83496094 0.1484375
v 0.8515625 0.79101563 0.1484375
v 0.1484375 0.79101563 0.1484375
vt 0.0625 0.0625
vt 0.25 0.0625
vt 0.25 0.25
vt 0.0625 0.25
f 720/720 721/721 722/722 723/723
v 0.1484375 0.79101563 0.55859375
v 0.8515625 0.79101563 0.55859375
v 0.8515625 0.83496094 0.55859375
v 0.1484375 0.83496094 0.55859375
vt 0.0625 0.25
vt 0.25 0.25
vt 0.25 0.0625
vt 0.0625 0.0625
f 724/724 725/725 726/726 727/727
usemtl body
v 0.23632813 0.83496094 0.5
v 0.23632813 0.87890625 0.5
v 0.23632813 0.87890625 0.20703125
v 0.23632813 0.83496094 0.20703125
vt 0 0
vt 1 0
vt 1 1
vt 0 1
f 728/728 729/729 730/730 731/731
v 0.76367188 0.83496094 0.20703125
v 0.76367188 0.87890625 0.20703125
v 0.76367188 0.87890625 0.5
v 0.76367188 0.83496094 0.5
vt 0 1
vt 1 1
vt 1 0
vt 0 0
f 732/732 733/733 734/734 735/735
v 0.23632813 0.83496094 0.20703125
v 0.76367188 0.83496094 0.20703125
v 0.76367188 0.83496094 0.5
v 0.23632813 0.83496094 0.5
vt 0 1
vt 1 1
vt 1 0
vt 0 0
f 736/736 737/737 738/738 739/739
v 0.76367188 0.87890625 0.23632813
v 0.76367188 0.87890625 0.20703125
v 0.23632813 0.87890625 0.20703125
v 0.23632813 0.87890625 0.23632813
vt 1 0.9
vt 1 1
vt 0 1
vt 0 0.9
f 740/740 741/741 742/742 743/743
v 0.67578125 0.87890625 0.5
v 0.76367188 0.87890625 0.5
v 0.76367188 0.87890625 0.23632813
v 0.67578125 0.87890625 0.23632813
vt 0.83333333 0
vt 1 0
vt 1 0.9
vt 0.83333333 0.9
f 744/744 745/745 746/746 747/747
v 0.58789063 0.87890625 0.5
v 0.67578125 0.87890625 0.5
v 0.67578125 0.87890625 0.47070313
v 0.58789063 0.87890625 0.47070313
vt 0.66666667 0
vt 0.83333333 0
vt 0.83333333 0.1
vt 0.66666667 0.1
f 748/748 749/749 750/750 751/751
v 0.64648438 0.87890625 0.23632813
v 0.58789063 0.87890625 0.23632813
v 0.58789063 0.87890625 0.47070313
v 0.64648438 0.87890625 0.47070313
vt 0.77777778 0.9
vt 0.66666667 0.9
vt 0.66666667 0.1
vt 0.77777778 0.1
f 752/752 753/753 754/754 755/755
v 0.5 0.87890625 0.5
v 0.58789063 0.87890625 0.5
v 0.58789063 0.87890625 0.47070313
v 0.5 0.87890625 0.47070313
vt 0.5 0
vt 0.66666667 0
vt 0.66666667 0.1
vt 0.5 0.1
f 756/756 757/757 758/758 759/759
v 0.55859375 0.87890625 0.23632813
v 0.5 0.87890625 0.23632813
v 0.5 0.87890625 0.47070313
v 0.55859375 0.87890625 0.47070313
vt 0.61111111 0.9
vt 0.5 0.9
vt 0.5 0.1
vt 0.61111111 0.1
f 760/760 761/761 762/762 763/763
v 0.41210938 0.87890625 0.5
v 0.5 0.87890625 0.5
v 0.5 0.87890625 0.47070313
v 0.41210938 0.87890625 0.47070313
vt 0.33333333 0
vt 0.5 0
vt 0.5 0.1
vt 0.33333333 0.1
f 764/764 765/765 766/766 767/767
v 0.47070313 0.87890625 0.23632813
v 0.41210938 0.87890625 0.23632813
v 0.41210938 0.87890625 0.47070313
v 0.47070313 0.87890625 0.47070313
vt 0.44444444 0.9
vt 0.33333333 0.9
vt 0.33333333 0.1
vt 0.44444444 0.1
f 768/768 769/769 770/770 771/771
v 0.32421875 0.87890625 0.5
v 0.41210938 0.87890625 0.5
v 0.41210938 0.87890625 0.47070313
v 0.32421875 0.87890625 0.47070313
vt 0.16666667 0
vt 0.33333333 0
vt 0.33333333 0.1
vt 0.16666667 0.1
f 772/772 773/773 774/774 775/775
v 0.3828125 0.87890625 0.23632813
v 0.32421875 0.87890625 0.23632813
v 0.32421875 0.87890625 0.47070313
v 0.3828125 0.87890625 0.47070313
vt 0.27777778 0.9
vt 0.16666667 0.9
vt 0.16666667 0.1
vt 0.27777778 0.1
f 776/776 777/777 778/778 779/779
v 0.23632813 0.87890625 0.5
v 0.32421875 0.87890625 0.5
v 0.32421875 0.87890625 0.47070313
v 0.23632813 0.87890625 0.47070313
vt 0 0
vt 0.16666667 0
vt 0.16666667 0.1
vt 0 0.1
f 780/780 781/781 782/782 783/783
v 0.29492188 0.87890625 0.23632813
v 0.23632813 0.87890625 0.23632813
v 0.23632813 0.87890625 0.47070313
v 0.29492188 0.87890625 0.47070313
vt 0.11111111 0.9
vt 0 0.9
vt 0 0.1
vt 0.11111111 0.1
f 784/784 785/785 786/786 787/787
v 0.23632813 0.87890625 0.20703125
v 0.76367188 0.87890625 0.20703125
v 0.76367188 0.83496094 0.20703125
v 0.23632813 0.83496094 0.20703125
vt 0 0
vt 1 0
vt 1 1
vt 0 1
f 788/788 789/789 790/790 791/791
v 0.23632813 0.83496094 0.5
v 0.76367188 0.83496094 0.5
v 0.76367188 0.87890625 0.5
v 0.23632813 0.87890625 0.5
vt 0 1
vt 1 1
vt 1 0
vt 0 0
f 792/792 793/793 794/794 795/795
usemtl paint
v 0.29492188 0.87890625 0.47070313
v 0.29492188 0.90234375 0.47070313
v 0.29492188 0.90234375 0.23632813
v 0.29492188 0.87890625 0.23632813
vt 0 0
vt 0.0625 0
vt 0.0625 0.0625
vt 0 0.0625
f 796/796 797/797 798/798 799/799
v 0.32421875 0.87890625 0.23632813
v 0.32421875 0.90234375 0.23632813
v 0.32421875 0.90234375 0.47070313
v 0.32421875 0.87890625 0.47070313
vt 0 0.0625
vt 0.0625 0.0625
vt 0.0625 0
vt 0 0
f 800/800 801/801 802/802 803/803
v 0.29492188 0.87890625 0.23632813
v 0.32421875 0.87890625 0.23632813
v 0.32421875 0.87890625 0.47070313
v 0.29492188 0.87890625 0.47070313
vt 0 0.0625
vt 0.0625 0.0625
vt 0.0625 0
vt 0 0
f 804/804 805/805 806/806 807/807
v 0.29492188 0.90234375 0.47070313
v 0.32421875 0.90234375 0.47070313
v 0.32421875 0.90234375 0.23632813
v 0.29492188 0.90234375 0.23632813
vt 0 0
vt 0.0625 0
vt 0.0625 0.0625
vt 0 0.0625
f 808/808 809/809 810/810 811/811
v 0.29492188 0.90234375 0.23632813
v 0.32421875 0.90234375 0.23632813
v 0.32421875 0.87890625 0.23632813
v 0.29492188 0.87890625 0.23632813
vt 0 0
vt 0.0625 0
vt 0.0625 0.0625
vt 0 0.0625
f 812/812 813/813 814/814 815/815
v 0.29492188 0.87890625 0.47070313
v 0.32421875 0.87890625 0.47070313
v 0.32421875 0.90234375 0.47070313
v 0.29492188 0.90234375 0.47070313
vt 0 0.0625
vt 0.0625 0.0625
vt 0.0625 0
vt 0 0
f 816/816 817/817 818/818 819/819
v 0.3828125 0.87890625 0.47070313
v 0.3828125 0.90234375 0.47070313
v 0.3828125 0.90234375 0.23632813
v 0.3828125 0.87890625 0.23632813
vt 0 0
vt 0.0625 0
vt 0.0625 0.0625
vt 0 0.0625
f 820/820 821/821 822/822 823/823
v 0.41210938 0.87890625 0.23632813
v 0.41210938 0.90234375 0.23632813
v 0.41210938 0.90234375 0.47070313
v 0.41210938 0.87890625 0.47070313
vt 0 0.0625
vt 0.0625 0.0625
vt 0.0625 0
vt 0 0
f 824/824 825/825 826/826 827/827
v 0.3828125 0.87890625 0.23632813
v 0.41210938 0.87890625 0.23632813
v 0.41210938 0.87890625 0.47070313
v 0.3828125 0.87890625 0.47070313
vt 0 0.0625
vt 0.0625 0.0625
vt 0.0625 0
vt 0 0
f 828/828 829/829 830/830 831/831
v 0.3828125 0.90234375 0.47070313
v 0.41210938 0.90234375 0.47070313
v 0.41210938 0.90234375 0.23632813
v 0.3828125 0.90234375 0.23632813
vt 0 0
vt 0.0625 0
vt 0.0625 0.0625
vt 0 0.0625
f 832/832 833/833 834/834 835/835
v 0.3828125 0.90234375 0.23632813
v 0.41210938 0.90234375 0.23632813
v 0.41210938 0.87890625 0.23632813
v 0.3828125 0.87890625 0.23632813
vt 0 0
vt 0.0625 0
vt 0.0625 0.0625
vt 0 0.0625
f 836/836 837/837 838/838 839/839
v 0.3828125 0.87890625 0.47070313
v 0.41210938 0.87890625 0.47070313
v 0.41210938 0.90234375 0.47070313
v 0.3828125 0.90234375 0.47070313
vt 0 0.0625
vt 0.0625 0.0625
vt 0.0625 0
vt 0 0
f 840/840 841/841 842/842 843/843
v 0.47070313 0.87890625 0.47070313
v 0.47070313 0.90234375 0.47070313
v 0.47070313 0.90234375 0.23632813
v 0.47070313 0.87890625 0.23632813
vt 0 0
vt 0.0625 0
vt 0.0625 0.0625
vt 0 0.0625
f 844/844 845/845 846/846 847/847
v 0.5 0.87890625 0.23632813
v 0.5 0.90234375 0.23632813
v 0.5 0.90234375 0.47070313
v 0.5 0.87890625 0.47070313
vt 0 0.0625
vt 0.0625 0.0625
vt 0.0625 0
vt 0 0
f 848/848 849/849 850/850 851/851
v 0.47070313 0.87890625 0.23632813
v 0.5 0.87890625 0.23632813
v 0.5 0.87890625 0.47070313
v 0.47070313 0.87890625 0.47070313
vt 0 0.0625
vt 0.0625 0.0625
vt 0.0625 0
vt 0 0
f 852/852 853/853 854/854 855/855
v 0.47070313 0.90234375 0.47070313
v 0.5 0.90234375 0.47070313
v 0.5 0.90234375 0.23632813
v 0.47070313 0.90234375 0.23632813
vt 0 0
vt 0.0625 0
vt 0.0625 0.0625
vt 0 0.0625
f 856/856 857/857 858/858 859/859
v 0.47070313 0.90234375 0.23632813
v 0.5 0.90234375 0.23632813
v 0.5 0.87890625 0.23632813
v 0.47070313 0.87890625 0.23632813
vt 0 0
vt 0.0625 0
vt 0.0625 0.0625
vt 0 0.0625
f 860/860 861/861 862/862 863/863
v 0.47070313 0.87890625 0.47070313
v 0.5 0.87890625 0.47070313
v 0.5 0.90234375 0.47070313
v 0.47070313 0.90234375 0.47070313
vt 0 0.0625
vt 0.0625 0.0625
vt 0.0625 0
vt 0 0
f 864/864 865/865 866/866 867/867
v 0.55859375 0.87890625 0.47070313
v 0.55859375 0.90234375 0.47070313
v 0.55859375 0.90234375 0.23632813
v 0.55859375 0.87890625 0.23632813
vt 0 0
vt 0.0625 0
vt 0.0625 0.0625
vt 0 0.0625
f 868/868 869/869 870/870 871/871
v 0.58789063 0.87890625 0.23632813
v 0.58789063 0.90234375 0.23632813
v 0.58789063 0.90234375 0.47070313
v 0.58789063 0.87890625 0.47070313
vt 0 0.0625
vt 0.0625 0.0625
vt 0.0625 0
vt 0 0
f 872/872 873/873 874/874 875/875
v 0.55859375 0.87890625 0.23632813
v 0.58789063 0.87890625 0.23632813
v 0.58789063 0.87890625 0.47070313
v 0.55859375 0.87890625 0.47070313
vt 0 0.0625
vt 0.0625 0.0625
vt 0.0625 0
vt 0 0
f 876/876 877/877 878/878 879/879
v 0.55859375 0.90234375 0.47070313
v 0.58789063 0.90234375 0.47070313
v 0.58789063 0.90234375 0.23632813
v 0.55859375 0.90234375 0.23632813
vt 0 0
vt 0.0625 0
vt 0.0625 0.0625
vt 0 0.0625
f 880/880 881/881 882/882 883/883
v 0.55859375 0.90234375 0.23632813
v 0.58789063 0.90234375 0.23632813
v 0.58789063 0.87890625 0.23632813
v 0.55859375 0.87890625 0.23632813
vt 0 0
vt 0.0625 0
vt 0.0625 0.0625
vt 0 0.0625
f 884/884 885/885 886/886 887/887
v 0.55859375 0.87890625 0.47070313
v 0.58789063 0.87890625 0.47070313
v 0.58789063 0.90234375 0.47070313
v 0.55859375 0.90234375 0.47070313
vt 0 0.0625
vt 0.0625 0.0625
vt 0.0625 0
vt 0 0
f 888/888 889/889 890/890 891/891
v 0.64648438 0.87890625 0.47070313
v 0.64648438 0.90234375 0.47070313
v 0.64648438 0.90234375 0.23632813
v 0.64648438 0.87890625 0.23632813
vt 0 0
vt 0.0625 0
vt 0.0625 0.0625
vt 0 0.0625
f 892/892 893/893 894/894 895/895
v 0.67578125 0.87890625 0.23632813
v 0.67578125 0.90234375 0.23632813
v 0.67578125 0.90234375 0.47070313
v 0.67578125 0.87890625 0.47070313
vt 0 0.0625
vt 0.0625 0.0625
vt 0.0625 0
vt 0 0
f 896/896 897/897 898/898 899/899
v 0.64648438 0.87890625 0.23632813
v 0.67578125 0.87890625 0.23632813
v 0.67578125 0.87890625 0.47070313
v 0.64648438 0.87890625 0.47070313
vt 0 0.0625
vt 0.0625 0.0625
vt 0.0625 0
vt 0 0
f 900/900 901/901 902/902 903/903
v 0.64648438 0.90234375 0.47070313
v 0.67578125 0.90234375 0.47070313
v 0.67578125 0.90234375 0.23632813
v 0.64648438 0.90234375 0.23632813
vt 0 0
vt 0.0625 0
vt 0.0625 0.0625
vt 0 0.0625
f 904/904 905/905 906/906 907/907
v 0.64648438 0.90234375 0.23632813
v 0.67578125 0.90234375 0.23632813
v 0.67578125 0.87890625 0.23632813
v 0.64648438 0.87890625 0.23632813
vt 0 0
vt 0.0625 0
vt 0.0625 0.0625
vt 0 0.0625
f 908/908 909/909 910/910 911/911
v 0.64648438 0.87890625 0.47070313
v 0.67578125 0.87890625 0.47070313
v 0.67578125 0.90234375 0.47070313
v 0.64648438 0.90234375 0.47070313
vt 0 0.0625
vt 0.0625 0.0625
vt 0.0625 0
vt 0 0
f 912/912 913/913 914/914 915/915
usemtl dark
v 0.16308594 0.5859375 0.11914063
v 0.16308594 0.80566406 0.11914063
v 0.16308594 0.80566406 0.08398438
v 0.16308594 0.5859375 0.08398438
vt 0.0625 0.0625
vt 0.25 0.0625
vt 0.25 0.25
vt 0.0625 0.25
f 916/916 917/917 918/918 919/919
v 0.45605469 0.5859375 0.08398438
v 0.45605469 0.80566406 0.08398438
v 0.45605469 0.80566406 0.11914063
v 0.45605469 0.5859375 0.11914063
vt 0.0625 0.25
vt 0.25 0.25
vt 0.25 0.0625
vt 0.0625 0.0625
f 920/920 921/921 922/922 923/923
v 0.45605469 0.5859375 0.08984375
v 0.45605469 0.5859375 0.11914063
v 0.16308594 0.5859375 0.11914063
v 0.16308594 0.5859375 0.08984375
vt 0.25 0.21875
vt 0.25 0.0625
vt 0.0625 0.0625
vt 0.0625 0.21875
f 924/924 925/925 926/926 927/927
v 0.41210938 0.5859375 0.08398438
v 0.45605469 0.5859375 0.08398438
v 0.45605469 0.5859375 0.08984375
v 0.41210938 0.5859375 0.08984375
vt 0.221875 0.25
vt 0.25 0.25
vt 0.25 0.21875
vt 0.221875 0.21875
f 928/928 929/929 930/930 931/931
v 0.16308594 0.5859375 0.08398438
v 0.19238281 0.5859375 0.08398438
v 0.19238281 0.5859375 0.08984375
v 0.16308594 0.5859375 0.08984375
vt 0.0625 0.25
vt 0.08125 0.25
vt 0.08125 0.21875
vt 0.0625 0.21875
f 932/932 933/933 934/934 935/935
v 0.16308594 0.80566406 0.11914063
v 0.45605469 0.80566406 0.11914063
v 0.45605469 0.80566406 0.08398438
v 0.16308594 0.80566406 0.08398438
vt 0.0625 0.0625
vt 0.25 0.0625
vt 0.25 0.25
vt 0.0625 0.25
f 936/936 937/937 938/938 939/939
v 0.45605469 0.60058594 0.08398438
v 0.45605469 0.5859375 0.08398438
v 0.16308594 0.5859375 0.08398438
v 0.16308594 0.60058594 0.08398438
vt 0.25 0.2375
vt 0.25 0.25
vt 0.0625 0.25
vt 0.0625 0.2375
f 940/940 941/941 942/942 943/943
v 0.44140625 0.80566406 0.08398438
v 0.45605469 0.80566406 0.08398438
v 0.45605469 0.60058594 0.08398438
v 0.44140625 0.60058594 0.08398438
vt 0.240625 0.0625
vt 0.25 0.0625
vt 0.25 0.2375
vt 0.240625 0.2375
f 944/944 945/945 946/946 947/947
v 0.16308594 0.80566406 0.08398438
v 0.44140625 0.80566406 0.08398438
v 0.44140625 0.79101563 0.08398438
v 0.16308594 0.79101563 0.08398438
vt 0.0625 0.0625
vt 0.240625 0.0625
vt 0.240625 0.075
vt 0.0625 0.075
f 948/948 949/949 950/950 951/951
v 0.17773438 0.60058594 0.08398438
v 0.16308594 0.60058594 0.08398438
v 0.16308594 0.79101563 0.08398438
v 0.17773438 0.79101563 0.08398438
vt 0.071875 0.2375
vt 0.0625 0.2375
vt 0.0625 0.075
vt 0.071875 0.075
f 952/952 953/953 954/954 955/955
v 0.16308594 0.5859375 0.11914063
v 0.45605469 0.5859375 0.11914063
v 0.45605469 0.80566406 0.11914063
v 0.16308594 0.80566406 0.11914063
vt 0.0625 0.25
vt 0.25 0.25
vt 0.25 0.0625
vt 0.0625 0.0625
f 956/956 957/957 958/958 959/959
usemtl paint
v 0.17773438 0.60058594 0.08398438
v 0.17773438 0.79101563 0.08398438
v 0.17773438 0.79101563 0.07519531
v 0.17773438 0.60058594 0.07519531
vt 0 0
vt 0.0625 0
vt 0.0625 0.0625
vt 0 0.0625
f 960/960 961/961 962/962 963/963
v 0.44140625 0.60058594 0.07519531
v 0.44140625 0.79101563 0.07519531
v 0.44140625 0.79101563 0.08398438
v 0.44140625 0.60058594 0.08398438
vt 0 0.0625
vt 0.0625 0.0625
vt 0.0625 0
vt 0 0
f 964/964 965/965 966/966 967/967
v 0.17773438 0.60058594 0.07519531
v 0.44140625 0.60058594 0.07519531
v 0.44140625 0.60058594 0.08398438
v 0.17773438 0.60058594 0.08398438
vt 0 0.0625
vt 0.0625 0.0625
vt 0.0625 0
vt 0 0
f 968/968 969/969 970/970 971/971
v 0.17773438 0.79101563 0.08398438
v 0.44140625 0.79101563 0.08398438
v 0.44140625 0.79101563 0.07519531
v 0.17773438 0.79101563 0.07519531
vt 0 0
vt 0.0625 0
vt 0.0625 0.0625
vt 0 0.0625
f 972/972 973/973 974/974 975/975
v 0.44140625 0.64453125 0.07519531
v 0.44140625 0.60058594 0.07519531
v 0.17773438 0.60058594 0.07519531
v 0.17773438 0.64453125 0.07519531
vt 0.0625 0.04807692
vt 0.0625 0.0625
vt 0 0.0625
vt 0 0.04807692
f 976/976 977/977 978/978 979/979
v 0.41210938 0.79101563 0.07519531
v 0.44140625 0.79101563 0.07519531
v 0.44140625 0.64453125 0.07519531
v 0.41210938 0.64453125 0.07519531
vt 0.05555556 0
vt 0.0625 0
vt 0.0625 0.04807692
vt 0.05555556 0.04807692
f 980/980 981/981 982/982 983/983
v 0.17773438 0.79101563 0.07519531
v 0.41210938 0.79101563 0.07519531
v 0.41210938 0.76171875 0.07519531
v 0.17773438 0.76171875 0.07519531
vt 0 0
vt 0.05555556 0
vt 0.05555556 0.00961538
vt 0 0.00961538
f 984/984 985/985 986/986 987/987
v 0.20703125 0.64453125 0.07519531
v 0.17773438 0.64453125 0.07519531
v 0.17773438 0.76171875 0.07519531
v 0.20703125 0.76171875 0.07519531
vt 0.00694444 0.04807692
vt 0 0.04807692
vt 0 0.00961538
vt 0.00694444 0.00961538
f 988/988 989/989 990/990 991/991
v 0.17773438 0.60058594 0.08398438
v 0.44140625 0.60058594 0.08398438
v 0.44140625 0.79101563 0.08398438
v 0.17773438 0.79101563 0.08398438
vt 0 0.0625
vt 0.0625 0.0625
vt 0.0625 0
vt 0 0
f 992/992 993/993 994/994 995/995
usemtl screen
v 0.20703125 0.64453125 0.07519531
v 0.20703125 0.76171875 0.07519531
v 0.20703125 0.76171875 0.06933594
v 0.20703125 0.64453125 0.06933594
vt 0 0
vt 1 0
vt 1 1
vt 0 1
f 996/996 997/997 998/998 999/999
v 0.41210938 0.64453125 0.06933594
v 0.41210938 0.76171875 0.06933594
v 0.41210938 0.76171875 0.07519531
v 0.41210938 0.64453125 0.07519531
vt 0 1
vt 1 1
vt 1 0
vt 0 0
f 1000/1000 1001/1001 1002/1002 1003/1003
v 0.20703125 0.64453125 0.06933594
v 0.41210938 0.64453125 0.06933594
v 0.41210938 0.64453125 0.07519531
v 0.20703125 0.64453125 0.07519531
vt 0 1
vt 1 1
vt 1 0
vt 0 0
f 1004/1004 1005/1005 1006/1006 1007/1007
v 0.20703125 0.76171875 0.07519531
v 0.41210938 0.76171875 0.07519531
v 0.41210938 0.76171875 0.06933594
v 0.20703125 0.76171875 0.06933594
vt 0 0
vt 1 0
vt 1 1
vt 0 1
f 1008/1008 1009/1009 1010/1010 1011/1011
v 0.20703125 0.76171875 0.06933594
v 0.41210938 0.76171875 0.06933594
v 0.41210938 0.64453125 0.06933594
v 0.20703125 0.64453125 0.06933594
vt 0 0
vt 1 0
vt 1 1
vt 0 1
f 1012/1012 1013/1013 1014/1014 1015/1015
v 0.20703125 0.64453125 0.07519531
v 0.41210938 0.64453125 0.07519531
v 0.41210938 0.76171875 0.07519531
v 0.20703125 0.76171875 0.07519531
vt 0 1
vt 1 1
vt 1 0
vt 0 0
f 1016/1016 1017/1017 1018/1018 1019/1019
usemtl dark
v 0.52929688 0.32226563 0.11914063
v 0.52929688 0.79101563 0.11914063
v 0.52929688 0.79101563 0.08398438
v 0.52929688 0.32226563 0.08398438
vt 0.0625 0.0625
vt 0.25 0.0625
vt 0.25 0.25
vt 0.0625 0.25
f 1020/1020 1021/1021 1022/1022 1023/1023
v 0.83691406 0.32226563 0.08398438
v 0.83691406 0.79101563 0.08398438
v 0.83691406 0.79101563 0.11914063
v 0.83691406 0.32226563 0.11914063
vt 0.0625 0.25
vt 0.25 0.25
vt 0.25 0.0625
vt 0.0625 0.0625
f 1024/1024 1025/1025 1026/1026 1027/1027
v 0.52929688 0.32226563 0.08398438
v 0.83691406 0.32226563 0.08398438
v 0.83691406 0.32226563 0.11914063
v 0.52929688 0.32226563 0.11914063
vt 0.0625 0.25
vt 0.25 0.25
vt 0.25 0.0625
vt 0.0625 0.0625
f 1028/1028 1029/1029 1030/1030 1031/1031
v 0.52929688 0.79101563 0.11914063
v 0.83691406 0.79101563 0.11914063
v 0.83691406 0.79101563 0.08398438
v 0.52929688 0.79101563 0.08398438
vt 0.0625 0.0625
vt 0.25 0.0625
vt 0.25 0.25
vt 0.0625 0.25
f 1032/1032 1033/1033 1034/1034 1035/1035
v 0.83691406 0.34277344 0.08398438
v 0.83691406 0.32226563 0.08398438
v 0.52929688 0.32226563 0.08398438
v 0.52929688 0.34277344 0.08398438
vt 0.25 0.24179688
vt 0.25 0.25
vt 0.0625 0.25
vt 0.0625 0.24179687
f 1036/1036 1037/1037 1038/1038 1039/1039
v 0.81640625 0.79101563 0.08398438
v 0.83691406 0.79101563 0.08398438
v 0.83691406 0.34277344 0.08398438
v 0.81640625 0.34277344 0.08398438
vt 0.2375 0.0625
vt 0.25 0.0625
vt 0.25 0.24179688
vt 0.2375 0.24179688
f 1040/1040 1041/1041 1042/1042 1043/1043
v 0.52929688 0.79101563 0.08398438
v 0.81640625 0.79101563 0.08398438
v 0.81640625 0.77050781 0.08398438
v 0.52929688 0.77050781 0.08398438
vt 0.0625 0.0625
vt 0.2375 0.0625
vt 0.2375 0.07070313
vt 0.0625 0.07070312
f 1044/1044 1045/1045 1046/1046 1047/1047
v 0.54980469 0.34277344 0.08398438
v 0.52929688 0.34277344 0.08398438
v 0.52929688 0.77050781 0.08398438
v 0.54980469 0.77050781 0.08398438
vt 0.075 0.24179687
vt 0.0625 0.24179687
vt 0.0625 0.07070312
vt 0.075 0.07070312
f 1048/1048 1049/1049 1050/1050 1051/1051
v 0.52929688 0.32226563 0.11914063
v 0.83691406 0.32226563 0.11914063
v 0.83691406 0.79101563 0.11914063
v 0.52929688 0.79101563 0.11914063
vt 0.0625 0.25
vt 0.25 0.25
vt 0.25 0.0625
vt 0.0625 0.0625
f 1052/1052 1053/1053 1054/1054 1055/1055
usemtl vent
v 0.54980469 0.34277344 0.08398438
v 0.54980469 0.77050781 0.08398438
v 0.54980469 0.77050781 0.078125
v 0.54980469 0.34277344 0.078125
vt 0 0
vt 1 0
vt 1 1
vt 0 1
f 1056/1056 1057/1057 1058/1058 1059/1059
v 0.81640625 0.34277344 0.078125
v 0.81640625 0.77050781 0.078125
v 0.81640625 0.77050781 0.08398438
v 0.81640625 0.34277344 0.08398438
vt 0 1
vt 1 1
vt 1 0
vt 0 0
f 1060/1060 1061/1061 1062/1062 1063/1063
v 0.54980469 0.34277344 0.078125
v 0.81640625 0.34277344 0.078125
v 0.81640625 0.34277344 0.08398438
v 0.54980469 0.34277344 0.08398438
vt 0 1
vt 1 1
vt 1 0
vt 0 0
f 1064/1064 1065/1065 1066/1066 1067/1067
v 0.54980469 0.77050781 0.08398438
v 0.81640625 0.77050781 0.08398438
v 0.81640625 0.77050781 0.078125
v 0.54980469 0.77050781 0.078125
vt 0 0
vt 1 0
vt 1 1
vt 0 1
f 1068/1068 1069/1069 1070/1070 1071/1071
v 0.81640625 0.38085938 0.078125
v 0.81640625 0.34277344 0.078125
v 0.54980469 0.34277344 0.078125
v 0.54980469 0.38085938 0.078125
vt 1 0.9109589
vt 1 1
vt 0 1
vt 0 0.9109589
f 1072/1072 1073/1073 1074/1074 1075/1075
v 0.81640625 0.46289063 0.078125
v 0.81640625 0.40429688 0.078125
v 0.54980469 0.40429688 0.078125
v 0.54980469 0.46289063 0.078125
vt 1 0.71917808
vt 1 0.85616438
vt 0 0.85616438
vt 0 0.71917808
f 1076/1076 1077/1077 1078/1078 1079/1079
v 0.81640625 0.54492188 0.078125
v 0.81640625 0.48632813 0.078125
v 0.54980469 0.48632813 0.078125
v 0.54980469 0.54492188 0.078125
vt 1 0.52739726
vt 1 0.66438356
vt 0 0.66438356
vt 0 0.52739726
f 1080/1080 1081/1081 1082/1082 1083/1083
v 0.81640625 0.62695313 0.078125
v 0.81640625 0.56835938 0.078125
v 0.54980469 0.56835938 0.078125
v 0.54980469 0.62695313 0.078125
vt 1 0.33561644
vt 1 0.47260274
vt 0 0.47260274
vt 0 0.33561644
f 1084/1084 1085/1085 1086/1086 1087/1087
v 0.81640625 0.70898438 0.078125
v 0.81640625 0.65039063 0.078125
v 0.54980469 0.65039063 0.078125
v 0.54980469 0.70898438 0.078125
vt 1 0.14383562
vt 1 0.28082192
vt 0 0.28082192
vt 0 0.14383562
f 1088/1088 1089/1089 1090/1090 1091/1091
v 0.54980469 0.77050781 0.078125
v 0.81640625 0.77050781 0.078125
v 0.81640625 0.73242188 0.078125
v 0.54980469 0.73242188 0.078125
vt 0 0
vt 1 0
vt 1 0.0890411
vt 0 0.0890411
f 1092/1092 1093/1093 1094/1094 1095/1095
v 0.54980469 0.34277344 0.08398438
v 0.81640625 0.34277344 0.08398438
v 0.81640625 0.77050781 0.08398438
v 0.54980469 0.77050781 0.08398438
vt 0 1
vt 1 1
vt 1 0
vt 0 0
f 1096/1096 1097/1097 1098/1098 1099/1099
usemtl paint
v 0.54394531 0.38085938 0.078125
v 0.54394531 0.40429688 0.078125
v 0.54394531 0.40429688 0.05761719
v 0.54394531 0.38085938 0.05761719
vt 0 0
vt 0.0625 0
vt 0.0625 0.0625
vt 0 0.0625
f 1100/1100 1101/1101 1102/1102 1103/1103
v 0.82226563 0.38085938 0.05761719
v 0.82226563 0.40429688 0.05761719
v 0.82226563 0.40429688 0.078125
v 0.82226563 0.38085938 0.078125
vt 0 0.0625
vt 0.0625 0.0625
vt 0.0625 0
vt 0 0
f 1104/1104 1105/1105 1106/1106 1107/1107
v 0.54394531 0.38085938 0.05761719
v 0.82226563 0.38085938 0.05761719
v 0.82226563 0.38085938 0.078125
v 0.54394531 0.38085938 0.078125
vt 0 0.0625
vt 0.0625 0.0625
vt 0.0625 0
vt 0 0
f 1108/1108 1109/1109 1110/1110 1111/1111
v 0.54394531 0.40429688 0.078125
v 0.82226563 0.40429688 0.078125
v 0.82226563 0.40429688 0.05761719
v 0.54394531 0.40429688 0.05761719
vt 0 0
vt 0.0625 0
vt 0.0625 0.0625
vt 0 0.0625
f 1112/1112 1113/1113 1114/1114 1115/1115
v 0.54394531 0.40429688 0.05761719
v 0.82226563 0.40429688 0.05761719
v 0.82226563 0.38085938 0.05761719
v 0.54394531 0.38085938 0.05761719
vt 0 0
vt 0.0625 0
vt 0.0625 0.0625
vt 0 0.0625
f 1116/1116 1117/1117 1118/1118 1119/1119
v 0.54394531 0.38085938 0.078125
v 0.82226563 0.38085938 0.078125
v 0.82226563 0.40429688 0.078125
v 0.54394531 0.40429688 0.078125
vt 0 0.0625
vt 0.0625 0.0625
vt 0.0625 0
vt 0 0
f 1120/1120 1121/1121 1122/1122 1123/1123
v 0.54394531 0.46289063 0.078125
v 0.54394531 0.48632813 0.078125
v 0.54394531 0.48632813 0.05761719
v 0.54394531 0.46289063 0.05761719
vt 0 0
vt 0.0625 0
vt 0.0625 0.0625
vt 0 0.0625
f 1124/1124 1125/1125 1126/1126 1127/1127
v 0.82226563 0.46289063 0.05761719
v 0.82226563 0.48632813 0.05761719
v 0.82226563 0.48632813 0.078125
v 0.82226563 0.46289063 0.078125
vt 0 0.0625
vt 0.0625 0.0625
vt 0.0625 0
vt 0 0
f 1128/1128 1129/1129 1130/1130 1131/1131
v 0.54394531 0.46289063 0.05761719
v 0.82226563 0.46289063 0.05761719
v 0.82226563 0.46289063 0.078125
v 0.54394531 0.46289063 0.078125
vt 0 0.0625
vt 0.0625 0.0625
vt 0.0625 0
vt 0 0
f 1132/1132 1133/1133 1134/1134 1135/1135
v 0.54394531 0.48632813 0.078125
v 0.82226563 0.48632813 0.078125
v 0.82226563 0.48632813 0.05761719
v 0.54394531 0.48632813 0.05761719
vt 0 0
vt 0.0625 0
vt 0.0625 0.0625
vt 0 0.0625
f 1136/1136 1137/1137 1138/1138 1139/1139
v 0.54394531 0.48632813 0.05761719
v 0.82226563 0.48632813 0.05761719
v 0.82226563 0.46289063 0.05761719
v 0.54394531 0.46289063 0.05761719
vt 0 0
vt 0.0625 0
vt 0.0625 0.0625
vt 0 0.0625
f 1140/1140 1141/1141 1142/1142 1143/1143
v 0.54394531 0.46289063 0.078125
v 0.82226563 0.46289063 0.078125
v 0.82226563 0.48632813 0.078125
v 0.54394531 0.48632813 0.078125
vt 0 0.0625
vt 0.0625 0.0625
vt 0.0625 0
vt 0 0
f 1144/1144 1145/1145 1146/1146 1147/1147
v 0.54394531 0.54492188 0.078125
v 0.54394531 0.56835938 0.078125
v 0.54394531 0.56835938 0.05761719
v 0.54394531 0.54492188 0.05761719
vt 0 0
vt 0.0625 0
vt 0.0625 0.0625
vt 0 0.0625
f 1148/1148 1149/1149 1150/1150 1151/1151
v 0.82226563 0.54492188 0.05761719
v 0.82226563 0.56835938 0.05761719
v 0.82226563 0.56835938 0.078125
v 0.82226563 0.54492188 0.078125
vt 0 0.0625
vt 0.0625 0.0625
vt 0.0625 0
vt 0 0
f 1152/1152 1153/1153 1154/1154 1155/1155
v 0.54394531 0.54492188 0.05761719
v 0.82226563 0.54492188 0.05761719
v 0.82226563 0.54492188 0.078125
v 0.54394531 0.54492188 0.078125
vt 0 0.0625
vt 0.0625 0.0625
vt 0.0625 0
vt 0 0
f 1156/1156 1157/1157 1158/1158 1159/1159
v 0.54394531 0.56835938 0.078125
v 0.82226563 0.56835938 0.078125
v 0.82226563 0.56835938 0.05761719
v 0.54394531 0.56835938 0.05761719
vt 0 0
vt 0.0625 0
vt 0.0625 0.0625
vt 0 0.0625
f 1160/1160 1161/1161 1162/1162 1163/1163
v 0.54394531 0.56835938 0.05761719
v 0.82226563 0.56835938 0.05761719
v 0.82226563 0.54492188 0.05761719
v 0.54394531 0.54492188 0.05761719
vt 0 0
vt 0.0625 0
vt 0.0625 0.0625
vt 0 0.0625
f 1164/1164 1165/1165 1166/1166 1167/1167
v 0.54394531 0.54492188 0.078125
v 0.82226563 0.54492188 0.078125
v 0.82226563 0.56835938 0.078125
v 0.54394531 0.56835938 0.078125
vt 0 0.0625
vt 0.0625 0.0625
vt 0.0625 0
vt 0 0
f 1168/1168 1169/1169 1170/1170 1171/1171
v 0.54394531 0.62695313 0.078125
v 0.54394531 0.65039063 0.078125
v 0.54394531 0.65039063 0.05761719
v 0.54394531 0.62695313 0.05761719
vt 0 0
vt 0.0625 0
vt 0.0625 0.0625
vt 0 0.0625
f 1172/1172 1173/1173 1174/1174 1175/1175
v 0.82226563 0.62695313 0.05761719
v 0.82226563 0.65039063 0.05761719
v 0.82226563 0.65039063 0.078125
v 0.82226563 0.62695313 0.078125
vt 0 0.0625
vt 0.0625 0.0625
vt 0.0625 0
vt 0 0
f 1176/1176 1177/1177 1178/1178 1179/1179
v 0.54394531 0.62695313 0.05761719
v 0.82226563 0.62695313 0.05761719
v 0.82226563 0.62695313 0.078125
v 0.54394531 0.62695313 0.078125
vt 0 0.0625
vt 0.0625 0.0625
vt 0.0625 0
vt 0 0
f 1180/1180 1181/1181 1182/1182 1183/1183
v 0.54394531 0.65039063 0.078125
v 0.82226563 0.65039063 0.078125
v 0.82226563 0.65039063 0.05761719
v 0.54394531 0.65039063 0.05761719
vt 0 0
vt 0.0625 0
vt 0.0625 0.0625
vt 0 0.0625
f 1184/1184 1185/1185 1186/1186 1187/1187
v 0.54394531 0.65039063 0.05761719
v 0.82226563 0.65039063 0.05761719
v 0.82226563 0.62695313 0.05761719
v 0.54394531 0.62695313 0.05761719
vt 0 0
vt 0.0625 0
vt 0.0625 0.0625
vt 0 0.0625
f 1188/1188 1189/1189 1190/1190 1191/1191
v 0.54394531 0.62695313 0.078125
v 0.82226563 0.62695313 0.078125
v 0.82226563 0.65039063 0.078125
v 0.54394531 0.65039063 0.078125
vt 0 0.0625
vt 0.0625 0.0625
vt 0.0625 0
vt 0 0
f 1192/1192 1193/1193 1194/1194 1195/1195
v 0.54394531 0.70898438 0.078125
v 0.54394531 0.73242188 0.078125
v 0.54394531 0.73242188 0.05761719
v 0.54394531 0.70898438 0.05761719
vt 0 0
vt 0.0625 0
vt 0.0625 0.0625
vt 0 0.0625
f 1196/1196 1197/1197 1198/1198 1199/1199
v 0.82226563 0.70898438 0.05761719
v 0.82226563 0.73242188 0.05761719
v 0.82226563 0.73242188 0.078125
v 0.82226563 0.70898438 0.078125
vt 0 0.0625
vt 0.0625 0.0625
vt 0.0625 0
vt 0 0
f 1200/1200 1201/1201 1202/1202 1203/1203
v 0.54394531 0.70898438 0.05761719
v 0.82226563 0.70898438 0.05761719
v 0.82226563 0.70898438 0.078125
v 0.54394531 0.70898438 0.078125
vt 0 0.0625
vt 0.0625 0.0625
vt 0.0625 0
vt 0 0
f 1204/1204 1205/1205 1206/1206 1207/1207
v 0.54394531 0.73242188 0.078125
v 0.82226563 0.73242188 0.078125
v 0.82226563 0.73242188 0.05761719
v 0.54394531 0.73242188 0.05761719
vt 0 0
vt 0.0625 0
vt 0.0625 0.0625
vt 0 0.0625
f 1208/1208 1209/1209 1210/1210 1211/1211
v 0.54394531 0.73242188 0.05761719
v 0.82226563 0.73242188 0.05761719
v 0.82226563 0.70898438 0.05761719
v 0.54394531 0.70898438 0.05761719
vt 0 0
vt 0.0625 0
vt 0.0625 0.0625
vt 0 0.0625
f 1212/1212 1213/1213 1214/1214 1215/1215
v 0.54394531 0.70898438 0.078125
v 0.82226563 0.70898438 0.078125
v 0.82226563 0.73242188 0.078125
v 0.54394531 0.73242188 0.078125
vt 0 0.0625
vt 0.0625 0.0625
vt 0.0625 0
vt 0 0
f 1216/1216 1217/1217 1218/1218 1219/1219
v 0.16308594 0.30761719 0.11914063
v 0.16308594 0.55078125 0.11914063
v 0.16308594 0.55078125 0.08105469
v 0.16308594 0.30761719 0.08105469
vt 0 0
vt 0.0625 0
vt 0.0625 0.0625
vt 0 0.0625
f 1220/1220 1221/1221 1222/1222 1223/1223
v 0.45605469 0.30761719 0.08105469
v 0.45605469 0.55078125 0.08105469
v 0.45605469 0.55078125 0.11914063
v 0.45605469 0.30761719 0.11914063
vt 0 0.0625
vt 0.0625 0.0625
vt 0.0625 0
vt 0 0
f 1224/1224 1225/1225 1226/1226 1227/1227
v 0.16308594 0.30761719 0.08105469
v 0.45605469 0.30761719 0.08105469
v 0.45605469 0.30761719 0.11914063
v 0.16308594 0.30761719 0.11914063
vt 0 0.0625
vt 0.0625 0.0625
vt 0.0625 0
vt 0 0
f 1228/1228 1229/1229 1230/1230 1231/1231
v 0.41210938 0.55078125 0.11914063
v 0.45605469 0.55078125 0.11914063
v 0.45605469 0.55078125 0.08105469
v 0.41210938 0.55078125 0.08105469
vt 0.053125 0
vt 0.0625 0
vt 0.0625 0.0625
vt 0.053125 0.0625
f 1232/1232 1233/1233 1234/1234 1235/1235
v 0.16308594 0.55078125 0.11914063
v 0.41210938 0.55078125 0.11914063
v 0.41210938 0.55078125 0.08984375
v 0.16308594 0.55078125 0.08984375
vt 0 0
vt 0.053125 0
vt 0.053125 0.04807692
vt 0 0.04807692
f 1236/1236 1237/1237 1238/1238 1239/1239
v 0.19238281 0.55078125 0.08105469
v 0.16308594 0.55078125 0.08105469
v 0.16308594 0.55078125 0.08984375
v 0.19238281 0.55078125 0.08984375
vt 0.00625 0.0625
vt 0 0.0625
vt 0 0.04807692
vt 0.00625 0.04807692
f 1240/1240 1241/1241 1242/1242 1243/1243
v 0.45605469 0.328125 0.08105469
v 0.45605469 0.30761719 0.08105469
v 0.16308594 0.30761719 0.08105469
v 0.16308594 0.328125 0.08105469
vt 0.0625 0.05722892
vt 0.0625 0.0625
vt 0 0.0625
vt 0 0.05722892
f 1244/1244 1245/1245 1246/1246 1247/1247
v 0.43554688 0.55078125 0.08105469
v 0.45605469 0.55078125 0.08105469
v 0.45605469 0.328125 0.08105469
v 0.43554688 0.328125 0.08105469
vt 0.058125 0
vt 0.0625 0
vt 0.0625 0.05722892
vt 0.058125 0.05722892
f 1248/1248 1249/1249 1250/1250 1251/1251
v 0.16308594 0.55078125 0.08105469
v 0.43554688 0.55078125 0.08105469
v 0.43554688 0.53027344 0.08105469
v 0.16308594 0.53027344 0.08105469
vt 0 0
vt 0.058125 0
vt 0.058125 0.00527108
vt 0 0.00527108
f 1252/1252 1253/1253 1254/1254 1255/1255
v 0.18359375 0.328125 0.08105469
v 0.16308594 0.328125 0.08105469
v 0.16308594 0.53027344 0.08105469
v 0.18359375 0.53027344 0.08105469
vt 0.004375 0.05722892
vt 0 0.05722892
vt 0 0.00527108
vt 0.004375 0.00527108
f 1256/1256 1257/1257 1258/1258 1259/1259
v 0.16308594 0.30761719 0.11914063
v 0.45605469 0.30761719 0.11914063
v 0.45605469 0.55078125 0.11914063
v 0.16308594 0.55078125 0.11914063
vt 0 0.0625
vt 0.0625 0.0625
vt 0.0625 0
vt 0 0
f 1260/1260 1261/1261 1262/1262 1263/1263
usemtl body
v 0.18359375 0.328125 0.08105469
v 0.18359375 0.53027344 0.08105469
v 0.18359375 0.53027344 0.07226563
v 0.18359375 0.328125 0.07226563
vt 0 0
vt 1 0
vt 1 1
vt 0 1
f 1264/1264 1265/1265 1266/1266 1267/1267
v 0.43554688 0.328125 0.07226563
v 0.43554688 0.53027344 0.07226563
v 0.43554688 0.53027344 0.08105469
v 0.43554688 0.328125 0.08105469
vt 0 1
vt 1 1
vt 1 0
vt 0 0
f 1268/1268 1269/1269 1270/1270 1271/1271
v 0.18359375 0.328125 0.07226563
v 0.43554688 0.328125 0.07226563
v 0.43554688 0.328125 0.08105469
v 0.18359375 0.328125 0.08105469
vt 0 1
vt 1 1
vt 1 0
vt 0 0
f 1272/1272 1273/1273 1274/1274 1275/1275
v 0.18359375 0.53027344 0.08105469
v 0.43554688 0.53027344 0.08105469
v 0.43554688 0.53027344 0.07226563
v 0.18359375 0.53027344 0.07226563
vt 0 0
vt 1 0
vt 1 1
vt 0 1
f 1276/1276 1277/1277 1278/1278 1279/1279
v 0.33471659 0.328125 0.07226563
v 0.18359375 0.328125 0.07226563
v 0.18359375 0.42773438 0.07226563
v 0.29345703 0.42773438 0.07226563
vt 0.59980536 1
vt 0 1
vt 0 0.50724638
vt 0.43604651 0.50724638
f 1280/1280 1281/1281 1282/1282 1283/1283
v 0.43554688 0.35943989 0.07226563
v 0.43554688 0.328125 0.07226563
v 0.33471659 0.328125 0.07226563
v 0.2981765 0.41634056 0.07226563
vt 1 0.84508961
vt 1 1
vt 0.59980536 1
vt 0.45477805 0.56360996
f 1284/1284 1285/1285 1286/1286 1287/1287
v 0.43554688 0.42773438 0.07226563
v 0.43554688 0.35943989 0.07226563
v 0.30957031 0.41162109 0.07226563
v 0.34847121 0.42773438 0.07226563
vt 1 0.50724638
vt 1 0.84508961
vt 0.5 0.58695652
vt 0.65439738 0.50724638
f 1288/1288 1289/1289 1290/1290 1291/1291
v 0.32568359 0.42773438 0.07226563
v 0.34847121 0.42773438 0.07226563
v 0.32096412 0.41634056 0.07226563
vt 0.56395349 0.50724638
vt 0.65439738 0.50724638
vt 0.54522195 0.56360996
f 1292/1292 1293/1293 1294/1294
v 0.28321052 0.53027344 0.07226563
v 0.43554688 0.53027344 0.07226563
v 0.43554688 0.42773438 0.07226563
v 0.32568359 0.42773438 0.07226563
vt 0.3953782 0
vt 1 0
vt 1 0.50724638
vt 0.56395349 0.50724638
f 1295/1295 1296/1296 1297/1297 1298/1298
v 0.18359375 0.53027344 0.07226563
v 0.28321052 0.53027344 0.07226563
v 0.32096412 0.43912819 0.07226563
v 0.18359375 0.49602886 0.07226563
vt 0 0
vt 0.3953782 0
vt 0.54522195 0.45088279
vt 0 0.16940314
f 1299/1299 1300/1300 1301/1301 1302/1302
v 0.27066941 0.42773438 0.07226563
v 0.18359375 0.42773438 0.07226563
v 0.18359375 0.49602886 0.07226563
v 0.30957031 0.44384766 0.07226563
vt 0.34560262 0.50724638
vt 0 0.50724638
vt 0 0.16940314
vt 0.5 0.42753623
f 1303/1303 1304/1304 1305/1305 1306/1306
v 0.29345703 0.42773438 0.07226563
v 0.27066941 0.42773438 0.07226563
v 0.2981765 0.43912819 0.07226563
vt 0.43604651 0.50724638
vt 0.34560262 0.50724638
vt 0.45477805 0.45088279
f 1307/1307 1308/1308 1309/1309
v 0.18359375 0.328125 0.08105469
v 0.43554688 0.328125 0.08105469
v 0.43554688 0.53027344 0.08105469
v 0.18359375 0.53027344 0.08105469
vt 0 1
vt 1 1
vt 1 0
vt 0 0
f 1310/1310 1311/1311 1312/1312 1313/1313
usemtl copper
v 0.37402344 0.42773438 0.04589844
v 0.36538836 0.45996094 0.04589844
v 0.36538836 0.45996094 0.06054688
v 0.37402344 0.42773438 0.06054688
vt 0.0625 0.4375
vt 0.25 0.4375
vt 0.25 0.5
vt 0.0625 0.5
f 1314/1314 1315/1315 1316/1316 1317/1317
v 0.36538836 0.45996094 0.04589844
v 0.34179688 0.48355242 0.04589844
v 0.34179688 0.48355242 0.06054688
v 0.36538836 0.45996094 0.06054688
vt 0.0625 0.4375
vt 0.25 0.4375
vt 0.25 0.5
vt 0.0625 0.5
f 1318/1318 1319/1319 1320/1320 1321/1321
v 0.34179688 0.48355242 0.04589844
v 0.30957031 0.4921875 0.04589844
v 0.30957031 0.4921875 0.06054688
v 0.34179688 0.48355242 0.06054688
vt 0.0625 0.4375
vt 0.25 0.4375
vt 0.25 0.5
vt 0.0625 0.5
f 1322/1322 1323/1323 1324/1324 1325/1325
v 0.30957031 0.4921875 0.04589844
v 0.27734375 0.48355242 0.04589844
v 0.27734375 0.48355242 0.06054688
v 0.30957031 0.4921875 0.06054688
vt 0.0625 0.4375
vt 0.25 0.4375
vt 0.25 0.5
vt 0.0625 0.5
f 1326/1326 1327/1327 1328/1328 1329/1329
v 0.27734375 0.48355242 0.04589844
v 0.25375227 0.45996094 0.04589844
v 0.25375227 0.45996094 0.06054688
v 0.27734375 0.48355242 0.06054688
vt 0.0625 0.4375
vt 0.25 0.4375
vt 0.25 0.5
vt 0.0625 0.5
f 1330/1330 1331/1331 1332/1332 1333/1333
v 0.25375227 0.45996094 0.04589844
v 0.24511719 0.42773438 0.04589844
v 0.24511719 0.42773438 0.06054688
v 0.25375227 0.45996094 0.06054688
vt 0.0625 0.4375
vt 0.25 0.4375
vt 0.25 0.5
vt 0.0625 0.5
f 1334/1334 1335/1335 1336/1336 1337/1337
v 0.24511719 0.42773438 0.04589844
v 0.25375227 0.39550781 0.04589844
v 0.25375227 0.39550781 0.06054688
v 0.24511719 0.42773438 0.06054688
vt 0.0625 0.4375
vt 0.25 0.4375
vt 0.25 0.5
vt 0.0625 0.5
f 1338/1338 1339/1339 1340/1340 1341/1341
v 0.25375227 0.39550781 0.04589844
v 0.27734375 0.37191633 0.04589844
v 0.27734375 0.37191633 0.06054688
v 0.25375227 0.39550781 0.06054688
vt 0.0625 0.4375
vt 0.25 0.4375
vt 0.25 0.5
vt 0.0625 0.5
f 1342/1342 1343/1343 1344/1344 1345/1345
v 0.27734375 0.37191633 0.04589844
v 0.30957031 0.36328125 0.04589844
v 0.30957031 0.36328125 0.06054688
v 0.27734375 0.37191633 0.06054688
vt 0.0625 0.4375
vt 0.25 0.4375
vt 0.25 0.5
vt 0.0625 0.5
f 1346/1346 1347/1347 1348/1348 1349/1349
v 0.30957031 0.36328125 0.04589844
v 0.34179688 0.37191633 0.04589844
v 0.34179688 0.37191633 0.06054688
v 0.30957031 0.36328125 0.06054688
vt 0.0625 0.4375
vt 0.25 0.4375
vt 0.25 0.5
vt 0.0625 0.5
f 1350/1350 1351/1351 1352/1352 1353/1353
v 0.34179688 0.37191633 0.04589844
v 0.36538836 0.39550781 0.04589844
v 0.36538836 0.39550781 0.06054688
v 0.34179688 0.37191633 0.06054688
vt 0.0625 0.4375
vt 0.25 0.4375
vt 0.25 0.5
vt 0.0625 0.5
f 1354/1354 1355/1355 1356/1356 1357/1357
v 0.36538836 0.39550781 0.04589844
v 0.37402344 0.42773438 0.04589844
v 0.37402344 0.42773438 0.06054688
v 0.36538836 0.39550781 0.06054688
vt 0.0625 0.4375
vt 0.25 0.4375
vt 0.25 0.5
vt 0.0625 0.5
f 1358/1358 1359/1359 1360/1360 1361/1361
v 0.37402344 0.42773438 0.06054688
v 0.36538836 0.45996094 0.06054688
v 0.34762807 0.44970703 0.06054688
v 0.35351563 0.42773438 0.06054688
vt 0.0625 0.4375
vt 0.25 0.4375
vt 0.25 0.5
vt 0.0625 0.5
f 1362/1362 1363/1363 1364/1364 1365/1365
v 0.36538836 0.45996094 0.06054688
v 0.34179688 0.48355242 0.06054688
v 0.33154297 0.46579213 0.06054688
v 0.34762807 0.44970703 0.06054688
vt 0.0625 0.4375
vt 0.25 0.4375
vt 0.25 0.5
vt 0.0625 0.5
f 1366/1366 1367/1367 1368/1368 1369/1369
v 0.34179688 0.48355242 0.06054688
v 0.31689453 0.49022498 0.06054688
v 0.31689453 0.46971717 0.06054688
v 0.33154297 0.46579213 0.06054688
vt 0.0625 0.4375
vt 0.20738636 0.4375
vt 0.1875 0.5
vt 0.0625 0.5
f 1370/1370 1371/1371 1372/1372 1373/1373
v 0.31689453 0.49022498 0.06054688
v 0.30957031 0.4921875 0.06054688
v 0.30957031 0.48925781 0.06054688
v 0.31689453 0.48925781 0.06054688
vt 0.20738636 0.4375
vt 0.25 0.4375
vt 0.25 0.44642857
vt 0.2064485 0.44044756
f 1374/1374 1375/1375 1376/1376 1377/1377
v 0.30957031 0.4921875 0.06054688
v 0.29863657 0.48925781 0.06054688
v 0.30957031 0.48925781 0.06054688
vt 0.0625 0.4375
vt 0.1261145 0.4375
vt 0.0625 0.44642857
f 1378/1378 1379/1379 1380/1380
v 0.29863657 0.48925781 0.06054688
v 0.27734375 0.48355242 0.06054688
v 0.28759766 0.46579213 0.06054688
vt 0.1261145 0.4375
vt 0.25 0.4375
vt 0.25 0.5
f 1381/1381 1382/1382 1383/1383
v 0.29863657 0.48925781 0.06054688
v 0.28759766 0.46579213 0.06054688
v 0.30224609 0.46971717 0.06054688
vt 0.1261145 0.4375
vt 0.25 0.5
vt 0.125 0.5
f 1384/1384 1385/1385 1386/1386
v 0.29863657 0.48925781 0.06054688
v 0.30224609 0.46971717 0.06054688
v 0.30224609 0.48925781 0.06054688
vt 0.1261145 0.4375
vt 0.125 0.5
vt 0.10511364 0.44044756
f 1387/1387 1388/1388 1389/1389
v 0.27734375 0.48355242 0.06054688
v 0.25375227 0.45996094 0.06054688
v 0.27151256 0.44970703 0.06054688
v 0.28759766 0.46579213 0.06054688
vt 0.0625 0.4375
vt 0.25 0.4375
vt 0.25 0.5
vt 0.0625 0.5
f 1390/1390 1391/1391 1392/1392 1393/1393
v 0.25375227 0.45996094 0.06054688
v 0.24511719 0.42773438 0.06054688
v 0.265625 0.42773438 0.06054688
v 0.27151256 0.44970703 0.06054688
vt 0.0625 0.4375
vt 0.25 0.4375
vt 0.25 0.5
vt 0.0625 0.5
f 1394/1394 1395/1395 1396/1396 1397/1397
v 0.24511719 0.42773438 0.06054688
v 0.25178975 0.40283203 0.06054688
v 0.26955004 0.41308594 0.06054688
v 0.265625 0.42773438 0.06054688
vt 0.0625 0.4375
vt 0.20738636 0.4375
vt 0.1875 0.5
vt 0.0625 0.5
f 1398/1398 1399/1399 1400/1400 1401/1401
v 0.25178975 0.40283203 0.06054688
v 0.25375227 0.39550781 0.06054688
v 0.25628945 0.39697266 0.06054688
v 0.25262734 0.40331562 0.06054688
vt 0.20738636 0.4375
vt 0.25 0.4375
vt 0.25 0.44642857
vt 0.2064485 0.44044756
f 1402/1402 1403/1403 1404/1404 1405/1405
v 0.25375227 0.39550781 0.06054688
v 0.26175632 0.38750376 0.06054688
v 0.25628945 0.39697266 0.06054688
vt 0.0625 0.4375
vt 0.1261145 0.4375
vt 0.0625 0.44642857
f 1406/1406 1407/1407 1408/1408
v 0.26175632 0.38750376 0.06054688
v 0.27734375 0.37191633 0.06054688
v 0.28759766 0.38967662 0.06054688
vt 0.1261145 0.4375
vt 0.25 0.4375
vt 0.25 0.5
f 1409/1409 1410/1410 1411/1411
v 0.26175632 0.38750376 0.06054688
v 0.28759766 0.38967662 0.06054688
v 0.27687426 0.40040002 0.06054688
vt 0.1261145 0.4375
vt 0.25 0.5
vt 0.125 0.5
f 1412/1412 1413/1413 1414/1414
v 0.26175632 0.38750376 0.06054688
v 0.27687426 0.40040002 0.06054688
v 0.25995156 0.3906297 0.06054688
vt 0.1261145 0.4375
vt 0.125 0.5
vt 0.10511364 0.44044756
f 1415/1415 1416/1416 1417/1417
v 0.27734375 0.37191633 0.06054688
v 0.30957031 0.36328125 0.06054688
v 0.30957031 0.38378906 0.06054688
v 0.28759766 0.38967662 0.06054688
vt 0.0625 0.4375
vt 0.25 0.4375
vt 0.25 0.5
vt 0.0625 0.5
f 1418/1418 1419/1419 1420/1420 1421/1421
v 0.30957031 0.36328125 0.06054688
v 0.34179688 0.37191633 0.06054688
v 0.33154297 0.38967662 0.06054688
v 0.30957031 0.38378906 0.06054688
vt 0.0625 0.4375
vt 0.25 0.4375
vt 0.25 0.5
vt 0.0625 0.5
f 1422/1422 1423/1423 1424/1424 1425/1425
v 0.34179688 0.37191633 0.06054688
v 0.36002666 0.39014611 0.06054688
v 0.34226637 0.40040002 0.06054688
v 0.33154297 0.38967662 0.06054688
vt 0.0625 0.4375
vt 0.20738636 0.4375
vt 0.1875 0.5
vt 0.0625 0.5
f 1426/1426 1427/1427 1428/1428 1429/1429
v 0.36002666 0.39014611 0.06054688
v 0.36538836 0.39550781 0.06054688
v 0.36285117 0.39697266 0.06054688
v 0.35918906 0.3906297 0.06054688
vt 0.20738636 0.4375
vt 0.25 0.4375
vt 0.25 0.44642857
vt 0.2064485 0.44044756
f 1430/1430 1431/1431 1432/1432 1433/1433
v 0.36538836 0.39550781 0.06054688
v 0.36831804 0.40644156 0.06054688
v 0.36285117 0.39697266 0.06054688
vt 0.0625 0.4375
vt 0.1261145 0.4375
vt 0.0625 0.44642857
f 1434/1434 1435/1435 1436/1436
v 0.36831804 0.40644156 0.06054688
v 0.37402344 0.42773438 0.06054688
v 0.35351563 0.42773438 0.06054688
vt 0.1261145 0.4375
vt 0.25 0.4375
vt 0.25 0.5
f 1437/1437 1438/1438 1439/1439
v 0.36831804 0.40644156 0.06054688
v 0.35351563 0.42773438 0.06054688
v 0.34959059 0.41308594 0.06054688
vt 0.1261145 0.4375
vt 0.25 0.5
vt 0.125 0.5
f 1440/1440 1441/1441 1442/1442
v 0.36831804 0.40644156 0.06054688
v 0.34959059 0.41308594 0.06054688
v 0.36651328 0.40331562 0.06054688
vt 0.1261145 0.4375
vt 0.125 0.5
vt 0.10511364 0.44044756
f 1443/1443 1444/1444 1445/1445
v 0.35351563 0.42773438 0.06054688
v 0.34762807 0.44970703 0.06054688
v 0.34762807 0.44970703 0.04589844
v 0.35351563 0.42773438 0.04589844
vt 0.0625 0.4375
vt 0.25 0.4375
vt 0.25 0.5
vt 0.0625 0.5
f 1446/1446 1447/1447 1448/1448 1449/1449
v 0.34762807 0.44970703 0.06054688
v 0.33154297 0.46579213 0.06054688
v 0.33154297 0.46579213 0.04589844
v 0.34762807 0.44970703 0.04589844
vt 0.0625 0.4375
vt 0.25 0.4375
vt 0.25 0.5
vt 0.0625 0.5
f 1450/1450 1451/1451 1452/1452 1453/1453
v 0.33154297 0.46579213 0.06054688
v 0.30957031 0.47167969 0.06054688
v 0.30957031 0.47167969 0.04589844
v 0.33154297 0.46579213 0.04589844
vt 0.0625 0.4375
vt 0.25 0.4375
vt 0.25 0.5
vt 0.0625 0.5
f 1454/1454 1455/1455 1456/1456 1457/1457
v 0.30957031 0.47167969 0.06054688
v 0.28759766 0.46579213 0.06054688
v 0.28759766 0.46579213 0.04589844
v 0.30957031 0.47167969 0.04589844
vt 0.0625 0.4375
vt 0.25 0.4375
vt 0.25 0.5
vt 0.0625 0.5
f 1458/1458 1459/1459 1460/1460 1461/1461
v 0.28759766 0.46579213 0.06054688
v 0.27151256 0.44970703 0.06054688
v 0.27151256 0.44970703 0.04589844
v 0.28759766 0.46579213 0.04589844
vt 0.0625 0.4375
vt 0.25 0.4375
vt 0.25 0.5
vt 0.0625 0.5
f 1462/1462 1463/1463 1464/1464 1465/1465
v 0.27151256 0.44970703 0.06054688
v 0.265625 0.42773438 0.06054688
v 0.265625 0.42773438 0.04589844
v 0.27151256 0.44970703 0.04589844
vt 0.0625 0.4375
vt 0.25 0.4375
vt 0.25 0.5
vt 0.0625 0.5
f 1466/1466 1467/1467 1468/1468 1469/1469
v 0.265625 0.42773438 0.06054688
v 0.27151256 0.40576172 0.06054688
v 0.27151256 0.40576172 0.04589844
v 0.265625 0.42773438 0.04589844
vt 0.0625 0.4375
vt 0.25 0.4375
vt 0.25 0.5
vt 0.0625 0.5
f 1470/1470 1471/1471 1472/1472 1473/1473
v 0.27151256 0.40576172 0.06054688
v 0.28759766 0.38967662 0.06054688
v 0.28759766 0.38967662 0.04589844
v 0.27151256 0.40576172 0.04589844
vt 0.0625 0.4375
vt 0.25 0.4375
vt 0.25 0.5
vt 0.0625 0.5
f 1474/1474 1475/1475 1476/1476 1477/1477
v 0.28759766 0.38967662 0.06054688
v 0.30957031 0.38378906 0.06054688
v 0.30957031 0.38378906 0.04589844
v 0.28759766 0.38967662 0.04589844
vt 0.0625 0.4375
vt 0.25 0.4375
vt 0.25 0.5
vt 0.0625 0.5
f 1478/1478 1479/1479 1480/1480 1481/1481
v 0.30957031 0.38378906 0.06054688
v 0.33154297 0.38967662 0.06054688
v 0.33154297 0.38967662 0.04589844
v 0.30957031 0.38378906 0.04589844
vt 0.0625 0.4375
vt 0.25 0.4375
vt 0.25 0.5
vt 0.0625 0.5
f 1482/1482 1483/1483 1484/1484 1485/1485
v 0.33154297 0.38967662 0.06054688
v 0.34762807 0.40576172 0.06054688
v 0.34762807 0.40576172 0.04589844
v 0.33154297 0.38967662 0.04589844
vt 0.0625 0.4375
vt 0.25 0.4375
vt 0.25 0.5
vt 0.0625 0.5
f 1486/1486 1487/1487 1488/1488 1489/1489
v 0.34762807 0.40576172 0.06054688
v 0.35351563 0.42773438 0.06054688
v 0.35351563 0.42773438 0.04589844
v 0.34762807 0.40576172 0.04589844
vt 0.0625 0.4375
vt 0.25 0.4375
vt 0.25 0.5
vt 0.0625 0.5
f 1490/1490 1491/1491 1492/1492 1493/1493
v 0.35351563 0.42773438 0.04589844
v 0.34762807 0.44970703 0.04589844
v 0.36538836 0.45996094 0.04589844
v 0.37402344 0.42773438 0.04589844
vt 0.0625 0.4375
vt 0.25 0.4375
vt 0.25 0.5
vt 0.0625 0.5
f 1494/1494 1495/1495 1496/1496 1497/1497
v 0.34762807 0.44970703 0.04589844
v 0.33154297 0.46579213 0.04589844
v 0.34179688 0.48355242 0.04589844
v 0.36538836 0.45996094 0.04589844
vt 0.0625 0.4375
vt 0.25 0.4375
vt 0.25 0.5
vt 0.0625 0.5
f 1498/1498 1499/1499 1500/1500 1501/1501
v 0.33154297 0.46579213 0.04589844
v 0.30957031 0.47167969 0.04589844
v 0.30957031 0.4921875 0.04589844
v 0.34179688 0.48355242 0.04589844
vt 0.0625 0.4375
vt 0.25 0.4375
vt 0.25 0.5
vt 0.0625 0.5
f 1502/1502 1503/1503 1504/1504 1505/1505
v 0.30957031 0.47167969 0.04589844
v 0.28759766 0.46579213 0.04589844
v 0.27734375 0.48355242 0.04589844
v 0.30957031 0.4921875 0.04589844
vt 0.0625 0.4375
vt 0.25 0.4375
vt 0.25 0.5
vt 0.0625 0.5
f 1506/1506 1507/1507 1508/1508 1509/1509
v 0.28759766 0.46579213 0.04589844
v 0.27151256 0.44970703 0.04589844
v 0.25375227 0.45996094 0.04589844
v 0.27734375 0.48355242 0.04589844
vt 0.0625 0.4375
vt 0.25 0.4375
vt 0.25 0.5
vt 0.0625 0.5
f 1510/1510 1511/1511 1512/1512 1513/1513
v 0.27151256 0.44970703 0.04589844
v 0.265625 0.42773438 0.04589844
v 0.24511719 0.42773438 0.04589844
v 0.25375227 0.45996094 0.04589844
vt 0.0625 0.4375
vt 0.25 0.4375
vt 0.25 0.5
vt 0.0625 0.5
f 1514/1514 1515/1515 1516/1516 1517/1517
v 0.265625 0.42773438 0.04589844
v 0.27151256 0.40576172 0.04589844
v 0.25375227 0.39550781 0.04589844
v 0.24511719 0.42773438 0.04589844
vt 0.0625 0.4375
vt 0.25 0.4375
vt 0.25 0.5
vt 0.0625 0.5
f 1518/1518 1519/1519 1520/1520 1521/1521
v 0.27151256 0.40576172 0.04589844
v 0.28759766 0.38967662 0.04589844
v 0.27734375 0.37191633 0.04589844
v 0.25375227 0.39550781 0.04589844
vt 0.0625 0.4375
vt 0.25 0.4375
vt 0.25 0.5
vt 0.0625 0.5
f 1522/1522 1523/1523 1524/1524 1525/1525
v 0.28759766 0.38967662 0.04589844
v 0.30957031 0.38378906 0.04589844
v 0.30957031 0.36328125 0.04589844
v 0.27734375 0.37191633 0.04589844
vt 0.0625 0.4375
vt 0.25 0.4375
vt 0.25 0.5
vt 0.0625 0.5
f 1526/1526 1527/1527 1528/1528 1529/1529
v 0.30957031 0.38378906 0.04589844
v 0.33154297 0.38967662 0.04589844
v 0.34179688 0.37191633 0.04589844
v 0.30957031 0.36328125 0.04589844
vt 0.0625 0.4375
vt 0.25 0.4375
vt 0.25 0.5
vt 0.0625 0.5
f 1530/1530 1531/1531 1532/1532 1533/1533
v 0.33154297 0.38967662 0.04589844
v 0.34762807 0.40576172 0.04589844
v 0.36538836 0.39550781 0.04589844
v 0.34179688 0.37191633 0.04589844
vt 0.0625 0.4375
vt 0.25 0.4375
vt 0.25 0.5
vt 0.0625 0.5
f 1534/1534 1535/1535 1536/1536 1537/1537
v 0.34762807 0.40576172 0.04589844
v 0.35351563 0.42773438 0.04589844
v 0.37402344 0.42773438 0.04589844
v 0.36538836 0.39550781 0.04589844
vt 0.0625 0.4375
vt 0.25 0.4375
vt 0.25 0.5
vt 0.0625 0.5
f 1538/1538 1539/1539 1540/1540 1541/1541
usemtl dark
v 0.32568359 0.42773438 0.04003906
v 0.32096412 0.43912819 0.04003906
v 0.32096412 0.43912819 0.07226563
v 0.32568359 0.42773438 0.07226563
vt 0.0625 0.0625
vt 0.25 0.0625
vt 0.25 0.25
vt 0.0625 0.25
f 1542/1542 1543/1543 1544/1544 1545/1545
v 0.32096412 0.43912819 0.04003906
v 0.30957031 0.44384766 0.04003906
v 0.30957031 0.44384766 0.07226563
v 0.32096412 0.43912819 0.07226563
vt 0.0625 0.0625
vt 0.25 0.0625
vt 0.25 0.25
vt 0.0625 0.25
f 1546/1546 1547/1547 1548/1548 1549/1549
v 0.30957031 0.44384766 0.04003906
v 0.2981765 0.43912819 0.04003906
v 0.2981765 0.43912819 0.07226563
v 0.30957031 0.44384766 0.07226563
vt 0.0625 0.0625
vt 0.25 0.0625
vt 0.25 0.25
vt 0.0625 0.25
f 1550/1550 1551/1551 1552/1552 1553/1553
v 0.2981765 0.43912819 0.04003906
v 0.29345703 0.42773438 0.04003906
v 0.29345703 0.42773438 0.07226563
v 0.2981765 0.43912819 0.07226563
vt 0.0625 0.0625
vt 0.25 0.0625
vt 0.25 0.25
vt 0.0625 0.25
f 1554/1554 1555/1555 1556/1556 1557/1557
v 0.29345703 0.42773438 0.04003906
v 0.2981765 0.41634056 0.04003906
v 0.2981765 0.41634056 0.07226563
v 0.29345703 0.42773438 0.07226563
vt 0.0625 0.0625
vt 0.25 0.0625
vt 0.25 0.25
vt 0.0625 0.25
f 1558/1558 1559/1559 1560/1560 1561/1561
v 0.2981765 0.41634056 0.04003906
v 0.30957031 0.41162109 0.04003906
v 0.30957031 0.41162109 0.07226563
v 0.2981765 0.41634056 0.07226563
vt 0.0625 0.0625
vt 0.25 0.0625
vt 0.25 0.25
vt 0.0625 0.25
f 1562/1562 1563/1563 1564/1564 1565/1565
v 0.30957031 0.41162109 0.04003906
v 0.32096412 0.41634056 0.04003906
v 0.32096412 0.41634056 0.07226563
v 0.30957031 0.41162109 0.07226563
vt 0.0625 0.0625
vt 0.25 0.0625
vt 0.25 0.25
vt 0.0625 0.25
f 1566/1566 1567/1567 1568/1568 1569/1569
v 0.32096412 0.41634056 0.04003906
v 0.32568359 0.42773438 0.04003906
v 0.32568359 0.42773438 0.07226563
v 0.32096412 0.41634056 0.07226563
vt 0.0625 0.0625
vt 0.25 0.0625
vt 0.25 0.25
vt 0.0625 0.25
f 1570/1570 1571/1571 1572/1572 1573/1573
v 0.30957031 0.44384766 0.04003906
v 0.32096412 0.43912819 0.04003906
v 0.32568359 0.42773438 0.04003906
v 0.30957031 0.42773438 0.04003906
vt 0.15625 0.0625
vt 0.22254126 0.08995874
vt 0.25 0.15625
vt 0.15625 0.15625
f 1574/1574 1575/1575 1576/1576 1577/1577
v 0.29345703 0.42773438 0.04003906
v 0.2981765 0.43912819 0.04003906
v 0.30957031 0.44384766 0.04003906
v 0.30957031 0.42773438 0.04003906
vt 0.0625 0.15625
vt 0.08995874 0.08995874
vt 0.15625 0.0625
vt 0.15625 0.15625
f 1578/1578 1579/1579 1580/1580 1581/1581
v 0.30957031 0.41162109 0.04003906
v 0.2981765 0.41634056 0.04003906
v 0.29345703 0.42773438 0.04003906
v 0.30957031 0.42773438 0.04003906
vt 0.15625 0.25
vt 0.08995874 0.22254126
vt 0.0625 0.15625
vt 0.15625 0.15625
f 1582/1582 1583/1583 1584/1584 1585/1585
v 0.32568359 0.42773438 0.04003906
v 0.32096412 0.41634056 0.04003906
v 0.30957031 0.41162109 0.04003906
v 0.30957031 0.42773438 0.04003906
vt 0.25 0.15625
vt 0.22254126 0.22254126
vt 0.15625 0.25
vt 0.15625 0.15625
f 1586/1586 1587/1587 1588/1588 1589/1589
v 0.30957031 0.42773438 0.07226563
v 0.32568359 0.42773438 0.07226563
v 0.32096412 0.43912819 0.07226563
v 0.30957031 0.44384766 0.07226563
vt 0.15625 0.15625
vt 0.25 0.15625
vt 0.22254126 0.08995874
vt 0.15625 0.0625
f 1590/1590 1591/1591 1592/1592 1593/1593
v 0.30957031 0.42773438 0.07226563
v 0.30957031 0.44384766 0.07226563
v 0.2981765 0.43912819 0.07226563
v 0.29345703 0.42773438 0.07226563
vt 0.15625 0.15625
vt 0.15625 0.0625
vt 0.08995874 0.08995874
vt 0.0625 0.15625
f 1594/1594 1595/1595 1596/1596 1597/1597
v 0.30957031 0.42773438 0.07226563
v 0.29345703 0.42773438 0.07226563
v 0.2981765 0.41634056 0.07226563
v 0.30957031 0.41162109 0.07226563
vt 0.15625 0.15625
vt 0.0625 0.15625
vt 0.08995874 0.22254126
vt 0.15625 0.25
f 1598/1598 1599/1599 1600/1600 1601/1601
v 0.30957031 0.42773438 0.07226563
v 0.30957031 0.41162109 0.07226563
v 0.32096412 0.41634056 0.07226563
v 0.32568359 0.42773438 0.07226563
vt 0.15625 0.15625
vt 0.15625 0.25
vt 0.22254126 0.22254126
vt 0.25 0.15625
f 1602/1602 1603/1603 1604/1604 1605/1605
usemtl paint
v 0.30224609 0.42773438 0.06054688
v 0.30224609 0.48925781 0.06054688
v 0.30224609 0.48925781 0.05175781
v 0.30224609 0.42773438 0.05175781
vt 0 0
vt 0.0625 0
vt 0.0625 0.0625
vt 0 0.0625
f 1606/1606 1607/1607 1608/1608 1609/1609
v 0.31689453 0.42773438 0.05175781
v 0.31689453 0.48925781 0.05175781
v 0.31689453 0.48925781 0.06054688
v 0.31689453 0.42773438 0.06054688
vt 0 0.0625
vt 0.0625 0.0625
vt 0.0625 0
vt 0 0
f 1610/1610 1611/1611 1612/1612 1613/1613
v 0.30224609 0.42773438 0.05175781
v 0.31689453 0.42773438 0.05175781
v 0.31689453 0.42773438 0.06054688
v 0.30224609 0.42773438 0.06054688
vt 0 0.0625
vt 0.0625 0.0625
vt 0.0625 0
vt 0 0
f 1614/1614 1615/1615 1616/1616 1617/1617
v 0.30224609 0.48925781 0.06054688
v 0.31689453 0.48925781 0.06054688
v 0.31689453 0.48925781 0.05175781
v 0.30224609 0.48925781 0.05175781
vt 0 0
vt 0.0625 0
vt 0.0625 0.0625
vt 0 0.0625
f 1618/1618 1619/1619 1620/1620 1621/1621
v 0.30224609 0.48925781 0.05175781
v 0.31689453 0.48925781 0.05175781
v 0.31689453 0.44042029 0.05175781
v 0.30224609 0.43196301 0.05175781
vt 0 0
vt 0.0625 0
vt 0.0625 0.04961272
vt 0 0.05820424
f 1622/1622 1623/1623 1624/1624 1625/1625
v 0.31689453 0.44042029 0.05175781
v 0.30957031 0.42773438 0.05175781
v 0.3059082 0.43407733 0.05175781
vt 0.0625 0.04961272
vt 0.03125 0.0625
vt 0.015625 0.05605636
f 1626/1626 1627/1627 1628/1628
v 0.31689453 0.44042029 0.05175781
v 0.31689453 0.43196301 0.05175781
v 0.31323242 0.43407733 0.05175781
vt 0.0625 0.04961272
vt 0.0625 0.05820424
vt 0.046875 0.05605636
f 1629/1629 1630/1630 1631/1631
v 0.30957031 0.42773438 0.06054688
v 0.31689453 0.44042029 0.06054688
v 0.31689453 0.48925781 0.06054688
vt 0.03125 0.0625
vt 0.0625 0.04961272
vt 0.0625 0
f 1632/1632 1633/1633 1634/1634
v 0.30957031 0.42773438 0.06054688
v 0.31689453 0.48925781 0.06054688
v 0.30224609 0.48925781 0.06054688
vt 0.03125 0.0625
vt 0.0625 0
vt 0 0
f 1635/1635 1636/1636 1637/1637
v 0.30957031 0.42773438 0.06054688
v 0.30224609 0.48925781 0.06054688
v 0.30224609 0.44042029 0.06054688
vt 0.03125 0.0625
vt 0 0
vt 0 0.04961272
f 1638/1638 1639/1639 1640/1640
v 0.31689453 0.43196301 0.06054688
v 0.31689453 0.44042029 0.06054688
v 0.31323242 0.43407733 0.06054688
vt 0.0625 0.05820424
vt 0.0625 0.04961272
vt 0.046875 0.05605636
f 1641/1641 1642/1642 1643/1643
v 0.3059082 0.43407733 0.06054688
v 0.30224609 0.44042029 0.06054688
v 0.30224609 0.43196301 0.06054688
vt 0.015625 0.05605636
vt 0 0.04961272
vt 0 0.05820424
f 1644/1644 1645/1645 1646/1646
v 0.31323242 0.42139142 0.06054688
v 0.25995156 0.3906297 0.06054688
v 0.25995156 0.3906297 0.05175781
v 0.31323242 0.42139142 0.05175781
vt 0 0
vt 0.0625 0
vt 0.0625 0.0625
vt 0 0.0625
f 1647/1647 1648/1648 1649/1649 1650/1650
v 0.3059082 0.43407733 0.05175781
v 0.25262734 0.40331562 0.05175781
v 0.25262734 0.40331562 0.06054688
v 0.3059082 0.43407733 0.06054688
vt 0 0.0625
vt 0.0625 0.0625
vt 0.0625 0
vt 0 0
f 1651/1651 1652/1652 1653/1653 1654/1654
v 0.31323242 0.42139142 0.05175781
v 0.3059082 0.43407733 0.05175781
v 0.3059082 0.43407733 0.06054688
v 0.31323242 0.42139142 0.06054688
vt 0 0.0625
vt 0.0625 0.0625
vt 0.0625 0
vt 0 0
f 1655/1655 1656/1656 1657/1657 1658/1658
v 0.25995156 0.3906297 0.06054688
v 0.25262734 0.40331562 0.06054688
v 0.25262734 0.40331562 0.05175781
v 0.25995156 0.3906297 0.05175781
vt 0 0
vt 0.0625 0
vt 0.0625 0.0625
vt 0 0.0625
f 1659/1659 1660/1660 1661/1661 1662/1662
v 0.25995156 0.3906297 0.05175781
v 0.25262734 0.40331562 0.05175781
v 0.29492187 0.42773438 0.05175781
v 0.30957031 0.4192771 0.05175781
vt 0 0
vt 0.0625 0
vt 0.0625 0.04961272
vt 0 0.05820424
f 1663/1663 1664/1664 1665/1665 1666/1666
v 0.29492187 0.42773438 0.05175781
v 0.3059082 0.43407733 0.05175781
v 0.30957031 0.42773438 0.05175781
v 0.3059082 0.42139142 0.05175781
vt 0.0625 0.04961272
vt 0.0625 0.0625
vt 0.03125 0.0625
vt 0.015625 0.05605636
f 1667/1667 1668/1668 1669/1669 1670/1670
v 0.30957031 0.42773438 0.06054688
v 0.3059082 0.43407733 0.06054688
v 0.25262734 0.40331562 0.06054688
vt 0.03125 0.0625
vt 0.0625 0.0625
vt 0.0625 0
f 1671/1671 1672/1672 1673/1673
v 0.30957031 0.42773438 0.06054688
v 0.25262734 0.40331562 0.06054688
v 0.25995156 0.3906297 0.06054688
vt 0.03125 0.0625
vt 0.0625 0
vt 0 0
f 1674/1674 1675/1675 1676/1676
v 0.30957031 0.42773438 0.06054688
v 0.25995156 0.3906297 0.06054688
v 0.30224609 0.41504846 0.06054688
vt 0.03125 0.0625
vt 0 0
vt 0 0.04961272
f 1677/1677 1678/1678 1679/1679
v 0.3059082 0.42139142 0.06054688
v 0.30224609 0.41504846 0.06054688
v 0.30957031 0.4192771 0.06054688
vt 0.015625 0.05605636
vt 0 0.04961272
vt 0 0.05820424
f 1680/1680 1681/1681 1682/1682
v 0.31323242 0.43407733 0.06054688
v 0.36651328 0.40331562 0.06054688
v 0.36651328 0.40331562 0.05175781
v 0.31323242 0.43407733 0.05175781
vt 0 0
vt 0.0625 0
vt 0.0625 0.0625
vt 0 0.0625
f 1683/1683 1684/1684 1685/1685 1686/1686
v 0.3059082 0.42139142 0.05175781
v 0.35918906 0.3906297 0.05175781
v 0.35918906 0.3906297 0.06054688
v 0.3059082 0.42139142 0.06054688
vt 0 0.0625
vt 0.0625 0.0625
vt 0.0625 0
vt 0 0
f 1687/1687 1688/1688 1689/1689 1690/1690
v 0.31323242 0.43407733 0.05175781
v 0.3059082 0.42139142 0.05175781
v 0.3059082 0.42139142 0.06054688
v 0.31323242 0.43407733 0.06054688
vt 0 0.0625
vt 0.0625 0.0625
vt 0.0625 0
vt 0 0
f 1691/1691 1692/1692 1693/1693 1694/1694
v 0.36651328 0.40331562 0.06054688
v 0.35918906 0.3906297 0.06054688
v 0.35918906 0.3906297 0.05175781
v 0.36651328 0.40331562 0.05175781
vt 0 0
vt 0.0625 0
vt 0.0625 0.0625
vt 0 0.0625
f 1695/1695 1696/1696 1697/1697 1698/1698
v 0.36651328 0.40331562 0.05175781
v 0.35918906 0.3906297 0.05175781
v 0.3059082 0.42139142 0.05175781
v 0.31323242 0.43407733 0.05175781
vt 0 0
vt 0.0625 0
vt 0.0625 0.0625
vt 0 0.0625
f 1699/1699 1700/1700 1701/1701 1702/1702
v 0.31323242 0.43407733 0.06054688
v 0.3059082 0.42139142 0.06054688
v 0.35918906 0.3906297 0.06054688
v 0.36651328 0.40331562 0.06054688
vt 0 0.0625
vt 0.0625 0.0625
vt 0.0625 0
vt 0 0
f 1703/1703 1704/1704 1705/1705 1706/1706
usemtl label
v 0.19238281 0.55078125 0.08984375
v 0.19238281 0.5859375 0.08984375
v 0.19238281 0.5859375 0.07226563
v 0.19238281 0.55078125 0.07226563
vt 0 0
vt 1 0
vt 1 1
vt 0 1
f 1707/1707 1708/1708 1709/1709 1710/1710
v 0.41210938 0.55078125 0.07226563
v 0.41210938 0.5859375 0.07226563
v 0.41210938 0.5859375 0.08984375
v 0.41210938 0.55078125 0.08984375
vt 0 1
vt 1 1
vt 1 0
vt 0 0
f 1711/1711 1712/1712 1713/1713 1714/1714
v 0.19238281 0.55078125 0.07226563
v 0.41210938 0.55078125 0.07226563
v 0.41210938 0.55078125 0.08984375
v 0.19238281 0.55078125 0.08984375
vt 0 1
vt 1 1
vt 1 0
vt 0 0
f 1715/1715 1716/1716 1717/1717 1718/1718
v 0.19238281 0.5859375 0.08984375
v 0.41210938 0.5859375 0.08984375
v 0.41210938 0.5859375 0.07226563
v 0.19238281 0.5859375 0.07226563
vt 0 0
vt 1 0
vt 1 1
vt 0 1
f 1719/1719 1720/1720 1721/1721 1722/1722
v 0.19238281 0.5859375 0.07226563
v 0.41210938 0.5859375 0.07226563
v 0.41210938 0.55078125 0.07226563
v 0.19238281 0.55078125 0.07226563
vt 0 0
vt 1 0
vt 1 1
vt 0 1
f 1723/1723 1724/1724 1725/1725 1726/1726
v 0.19238281 0.55078125 0.08984375
v 0.41210938 0.55078125 0.08984375
v 0.41210938 0.5859375 0.08984375
v 0.19238281 0.5859375 0.08984375
vt 0 1
vt 1 1
vt 1 0
vt 0 0
f 1727/1727 1728/1728 1729/1729 1730/1730
usemtl copper
v 0.16894531 0.29296875 0.0546875
v 0.16293871 0.30746996 0.0546875
v 0.16293871 0.30746996 0.11328125
v 0.16894531 0.29296875 0.11328125
vt 0.0625 0.4375
vt 0.25 0.4375
vt 0.25 0.5
vt 0.0625 0.5
f 1731/1731 1732/1732 1733/1733 1734/1734
v 0.16293871 0.30746996 0.0546875
v 0.1484375 0.31347656 0.0546875
v 0.1484375 0.31347656 0.11328125
v 0.16293871 0.30746996 0.11328125
vt 0.0625 0.4375
vt 0.25 0.4375
vt 0.25 0.5
vt 0.0625 0.5
f 1735/1735 1736/1736 1737/1737 1738/1738
v 0.1484375 0.31347656 0.0546875
v 0.13393629 0.30746996 0.0546875
v 0.13393629 0.30746996 0.11328125
v 0.1484375 0.31347656 0.11328125
vt 0.0625 0.4375
vt 0.25 0.4375
vt 0.25 0.5
vt 0.0625 0.5
f 1739/1739 1740/1740 1741/1741 1742/1742
v 0.13393629 0.30746996 0.0546875
v 0.12792969 0.29296875 0.0546875
v 0.12792969 0.29296875 0.11328125
v 0.13393629 0.30746996 0.11328125
vt 0.0625 0.4375
vt 0.25 0.4375
vt 0.25 0.5
vt 0.0625 0.5
f 1743/1743 1744/1744 1745/1745 1746/1746
v 0.12792969 0.29296875 0.0546875
v 0.13393629 0.27846754 0.0546875
v 0.13393629 0.27846754 0.11328125
v 0.12792969 0.29296875 0.11328125
vt 0.0625 0.4375
vt 0.25 0.4375
vt 0.25 0.5
vt 0.0625 0.5
f 1747/1747 1748/1748 1749/1749 1750/1750
v 0.13393629 0.27846754 0.0546875
v 0.1484375 0.27246094 0.0546875
v 0.1484375 0.27246094 0.11328125
v 0.13393629 0.27846754 0.11328125
vt 0.0625 0.4375
vt 0.25 0.4375
vt 0.25 0.5
vt 0.0625 0.5
f 1751/1751 1752/1752 1753/1753 1754/1754
v 0.1484375 0.27246094 0.0546875
v 0.16293871 0.27846754 0.0546875
v 0.16293871 0.27846754 0.11328125
v 0.1484375 0.27246094 0.11328125
vt 0.0625 0.4375
vt 0.25 0.4375
vt 0.25 0.5
vt 0.0625 0.5
f 1755/1755 1756/1756 1757/1757 1758/1758
v 0.16293871 0.27846754 0.0546875
v 0.16894531 0.29296875 0.0546875
v 0.16894531 0.29296875 0.11328125
v 0.16293871 0.27846754 0.11328125
vt 0.0625 0.4375
vt 0.25 0.4375
vt 0.25 0.5
vt 0.0625 0.5
f 1759/1759 1760/1760 1761/1761 1762/1762
v 0.1484375 0.31347656 0.0546875
v 0.16293871 0.30746996 0.0546875
v 0.16894531 0.29296875 0.0546875
v 0.1484375 0.29296875 0.0546875
vt 0.15625 0.4375
vt 0.22254126 0.44665291
vt 0.25 0.46875
vt 0.15625 0.46875
f 1763/1763 1764/1764 1765/1765 1766/1766
v 0.12792969 0.29296875 0.0546875
v 0.13393629 0.30746996 0.0546875
v 0.1484375 0.31347656 0.0546875
v 0.1484375 0.29296875 0.0546875
vt 0.0625 0.46875
vt 0.08995874 0.44665291
vt 0.15625 0.4375
vt 0.15625 0.46875
f 1767/1767 1768/1768 1769/1769 1770/1770
v 0.1484375 0.27246094 0.0546875
v 0.13393629 0.27846754 0.0546875
v 0.12792969 0.29296875 0.0546875
v 0.1484375 0.29296875 0.0546875
vt 0.15625 0.5
vt 0.08995874 0.49084709
vt 0.0625 0.46875
vt 0.15625 0.46875
f 1771/1771 1772/1772 1773/1773 1774/1774
v 0.16894531 0.29296875 0.0546875
v 0.16293871 0.27846754 0.0546875
v 0.1484375 0.27246094 0.0546875
v 0.1484375 0.29296875 0.0546875
vt 0.25 0.46875
vt 0.22254126 0.49084709
vt 0.15625 0.5
vt 0.15625 0.46875
f 1775/1775 1776/1776 1777/1777 1778/1778
v 0.1484375 0.29296875 0.11328125
v 0.16894531 0.29296875 0.11328125
v 0.16293871 0.30746996 0.11328125
v 0.1484375 0.31347656 0.11328125
vt 0.15625 0.46875
vt 0.25 0.46875
vt 0.22254126 0.44665291
vt 0.15625 0.4375
f 1779/1779 1780/1780 1781/1781 1782/1782
v 0.1484375 0.29296875 0.11328125
v 0.1484375 0.31347656 0.11328125
v 0.13393629 0.30746996 0.11328125
v 0.12792969 0.29296875 0.11328125
vt 0.15625 0.46875
vt 0.15625 0.4375
vt 0.08995874 0.44665291
vt 0.0625 0.46875
f 1783/1783 1784/1784 1785/1785 1786/1786
v 0.1484375 0.29296875 0.11328125
v 0.12792969 0.29296875 0.11328125
v 0.13393629 0.27846754 0.11328125
v 0.1484375 0.27246094 0.11328125
vt 0.15625 0.46875
vt 0.0625 0.46875
vt 0.08995874 0.49084709
vt 0.15625 0.5
f 1787/1787 1788/1788 1789/1789 1790/1790
v 0.1484375 0.29296875 0.11328125
v 0.1484375 0.27246094 0.11328125
v 0.16293871 0.27846754 0.11328125
v 0.16894531 0.29296875 0.11328125
vt 0.15625 0.46875
vt 0.15625 0.5
vt 0.22254126 0.49084709
vt 0.25 0.46875
f 1791/1791 1792/1792 1793/1793 1794/1794
v 0.16894531 0.80566406 0.0546875
v 0.16293871 0.82016528 0.0546875
v 0.16293871 0.82016528 0.11328125
v 0.16894531 0.80566406 0.11328125
vt 0.0625 0.4375
vt 0.25 0.4375
vt 0.25 0.5
vt 0.0625 0.5
f 1795/1795 1796/1796 1797/1797 1798/1798
v 0.16293871 0.82016528 0.0546875
v 0.1484375 0.82617188 0.0546875
v 0.1484375 0.82617188 0.11328125
v 0.16293871 0.82016528 0.11328125
vt 0.0625 0.4375
vt 0.25 0.4375
vt 0.25 0.5
vt 0.0625 0.5
f 1799/1799 1800/1800 1801/1801 1802/1802
v 0.1484375 0.82617188 0.0546875
v 0.13393629 0.82016528 0.0546875
v 0.13393629 0.82016528 0.11328125
v 0.1484375 0.82617188 0.11328125
vt 0.0625 0.4375
vt 0.25 0.4375
vt 0.25 0.5
vt 0.0625 0.5
f 1803/1803 1804/1804 1805/1805 1806/1806
v 0.13393629 0.82016528 0.0546875
v 0.12792969 0.80566406 0.0546875
v 0.12792969 0.80566406 0.11328125
v 0.13393629 0.82016528 0.11328125
vt 0.0625 0.4375
vt 0.25 0.4375
vt 0.25 0.5
vt 0.0625 0.5
f 1807/1807 1808/1808 1809/1809 1810/1810
v 0.12792969 0.80566406 0.0546875
v 0.13393629 0.79116285 0.0546875
v 0.13393629 0.79116285 0.11328125
v 0.12792969 0.80566406 0.11328125
vt 0.0625 0.4375
vt 0.25 0.4375
vt 0.25 0.5
vt 0.0625 0.5
f 1811/1811 1812/1812 1813/1813 1814/1814
v 0.13393629 0.79116285 0.0546875
v 0.1484375 0.78515625 0.0546875
v 0.1484375 0.78515625 0.11328125
v 0.13393629 0.79116285 0.11328125
vt 0.0625 0.4375
vt 0.25 0.4375
vt 0.25 0.5
vt 0.0625 0.5
f 1815/1815 1816/1816 1817/1817 1818/1818
v 0.1484375 0.78515625 0.0546875
v 0.16293871 0.79116285 0.0546875
v 0.16293871 0.79116285 0.11328125
v 0.1484375 0.78515625 0.11328125
vt 0.0625 0.4375
vt 0.25 0.4375
vt 0.25 0.5
vt 0.0625 0.5
f 1819/1819 1820/1820 1821/1821 1822/1822
v 0.16293871 0.79116285 0.0546875
v 0.16894531 0.80566406 0.0546875
v 0.16894531 0.80566406 0.11328125
v 0.16293871 0.79116285 0.11328125
vt 0.0625 0.4375
vt 0.25 0.4375
vt 0.25 0.5
vt 0.0625 0.5
f 1823/1823 1824/1824 1825/1825 1826/1826
v 0.1484375 0.82617188 0.0546875
v 0.16293871 0.82016528 0.0546875
v 0.16894531 0.80566406 0.0546875
v 0.1484375 0.80566406 0.0546875
vt 0.15625 0.4375
vt 0.22254126 0.44665291
vt 0.25 0.46875
vt 0.15625 0.46875
f 1827/1827 1828/1828 1829/1829 1830/1830
v 0.12792969 0.80566406 0.0546875
v 0.13393629 0.82016528 0.0546875
v 0.1484375 0.82617188 0.0546875
v 0.1484375 0.80566406 0.0546875
vt 0.0625 0.46875
vt 0.08995874 0.44665291
vt 0.15625 0.4375
vt 0.15625 0.46875
f 1831/1831 1832/1832 1833/1833 1834/1834
v 0.1484375 0.78515625 0.0546875
v 0.13393629 0.79116285 0.0546875
v 0.12792969 0.80566406 0.0546875
v 0.1484375 0.80566406 0.0546875
vt 0.15625 0.5
vt 0.08995874 0.49084709
vt 0.0625 0.46875
vt 0.15625 0.46875
f 1835/1835 1836/1836 1837/1837 1838/1838
v 0.16894531 0.80566406 0.0546875
v 0.16293871 0.79116285 0.0546875
v 0.1484375 0.78515625 0.0546875
v 0.1484375 0.80566406 0.0546875
vt 0.25 0.46875
vt 0.22254126 0.49084709
vt 0.15625 0.5
vt 0.15625 0.46875
f 1839/1839 1840/1840 1841/1841 1842/1842
v 0.1484375 0.80566406 0.11328125
v 0.16894531 0.80566406 0.11328125
v 0.16293871 0.82016528 0.11328125
v 0.1484375 0.82617188 0.11328125
vt 0.15625 0.46875
vt 0.25 0.46875
vt 0.22254126 0.44665291
vt 0.15625 0.4375
f 1843/1843 1844/1844 1845/1845 1846/1846
v 0.1484375 0.80566406 0.11328125
v 0.1484375 0.82617188 0.11328125
v 0.13393629 0.82016528 0.11328125
v 0.12792969 0.80566406 0.11328125
vt 0.15625 0.46875
vt 0.15625 0.4375
vt 0.08995874 0.44665291
vt 0.0625 0.46875
f 1847/1847 1848/1848 1849/1849 1850/1850
v 0.1484375 0.80566406 0.11328125
v 0.12792969 0.80566406 0.11328125
v 0.13393629 0.79116285 0.11328125
v 0.1484375 0.78515625 0.11328125
vt 0.15625 0.46875
vt 0.0625 0.46875
vt 0.08995874 0.49084709
vt 0.15625 0.5
f 1851/1851 1852/1852 1853/1853 1854/1854
v 0.1484375 0.80566406 0.11328125
v 0.1484375 0.78515625 0.11328125
v 0.16293871 0.79116285 0.11328125
v 0.16894531 0.80566406 0.11328125
vt 0.15625 0.46875
vt 0.15625 0.5
vt 0.22254126 0.49084709
vt 0.25 0.46875
f 1855/1855 1856/1856 1857/1857 1858/1858
v 0.87207031 0.29296875 0.0546875
v 0.86606371 0.30746996 0.0546875
v 0.86606371 0.30746996 0.11328125
v 0.87207031 0.29296875 0.11328125
vt 0.0625 0.4375
vt 0.25 0.4375
vt 0.25 0.5
vt 0.0625 0.5
f 1859/1859 1860/1860 1861/1861 1862/1862
v 0.86606371 0.30746996 0.0546875
v 0.8515625 0.31347656 0.0546875
v 0.8515625 0.31347656 0.11328125
v 0.86606371 0.30746996 0.11328125
vt 0.0625 0.4375
vt 0.25 0.4375
vt 0.25 0.5
vt 0.0625 0.5
f 1863/1863 1864/1864 1865/1865 1866/1866
v 0.8515625 0.31347656 0.0546875
v 0.83706129 0.30746996 0.0546875
v 0.83706129 0.30746996 0.11328125
v 0.8515625 0.31347656 0.11328125
vt 0.0625 0.4375
vt 0.25 0.4375
vt 0.25 0.5
vt 0.0625 0.5
f 1867/1867 1868/1868 1869/1869 1870/1870
v 0.83706129 0.30746996 0.0546875
v 0.83105469 0.29296875 0.0546875
v 0.83105469 0.29296875 0.11328125
v 0.83706129 0.30746996 0.11328125
vt 0.0625 0.4375
vt 0.25 0.4375
vt 0.25 0.5
vt 0.0625 0.5
f 1871/1871 1872/1872 1873/1873 1874/1874
v 0.83105469 0.29296875 0.0546875
v 0.83706129 0.27846754 0.0546875
v 0.83706129 0.27846754 0.11328125
v 0.83105469 0.29296875 0.11328125
vt 0.0625 0.4375
vt 0.25 0.4375
vt 0.25 0.5
vt 0.0625 0.5
f 1875/1875 1876/1876 1877/1877 1878/1878
v 0.83706129 0.27846754 0.0546875
v 0.8515625 0.27246094 0.0546875
v 0.8515625 0.27246094 0.11328125
v 0.83706129 0.27846754 0.11328125
vt 0.0625 0.4375
vt 0.25 0.4375
vt 0.25 0.5
vt 0.0625 0.5
f 1879/1879 1880/1880 1881/1881 1882/1882
v 0.8515625 0.27246094 0.0546875
v 0.86606371 0.27846754 0.0546875
v 0.86606371 0.27846754 0.11328125
v 0.8515625 0.27246094 0.11328125
vt 0.0625 0.4375
vt 0.25 0.4375
vt 0.25 0.5
vt 0.0625 0.5
f 1883/1883 1884/1884 1885/1885 1886/1886
v 0.86606371 0.27846754 0.0546875
v 0.87207031 0.29296875 0.0546875
v 0.87207031 0.29296875 0.11328125
v 0.86606371 0.27846754 0.11328125
vt 0.0625 0.4375
vt 0.25 0.4375
vt 0.25 0.5
vt 0.0625 0.5
f 1887/1887 1888/1888 1889/1889 1890/1890
v 0.8515625 0.31347656 0.0546875
v 0.86606371 0.30746996 0.0546875
v 0.87207031 0.29296875 0.0546875
v 0.8515625 0.29296875 0.0546875
vt 0.15625 0.4375
vt 0.22254126 0.44665291
vt 0.25 0.46875
vt 0.15625 0.46875
f 1891/1891 1892/1892 1893/1893 1894/1894
v 0.83105469 0.29296875 0.0546875
v 0.83706129 0.30746996 0.0546875
v 0.8515625 0.31347656 0.0546875
v 0.8515625 0.29296875 0.0546875
vt 0.0625 0.46875
vt 0.08995874 0.44665291
vt 0.15625 0.4375
vt 0.15625 0.46875
f 1895/1895 1896/1896 1897/1897 1898/1898
v 0.8515625 0.27246094 0.0546875
v 0.83706129 0.27846754 0.0546875
v 0.83105469 0.29296875 0.0546875
v 0.8515625 0.29296875 0.0546875
vt 0.15625 0.5
vt 0.08995874 0.49084709
vt 0.0625 0.46875
vt 0.15625 0.46875
f 1899/1899 1900/1900 1901/1901 1902/1902
v 0.87207031 0.29296875 0.0546875
v 0.86606371 0.27846754 0.0546875
v 0.8515625 0.27246094 0.0546875
v 0.8515625 0.29296875 0.0546875
vt 0.25 0.46875
vt 0.22254126 0.49084709
vt 0.15625 0.5
vt 0.15625 0.46875
f 1903/1903 1904/1904 1905/1905 1906/1906
v 0.8515625 0.29296875 0.11328125
v 0.87207031 0.29296875 0.11328125
v 0.86606371 0.30746996 0.11328125
v 0.8515625 0.31347656 0.11328125
vt 0.15625 0.46875
vt 0.25 0.46875
vt 0.22254126 0.44665291
vt 0.15625 0.4375
f 1907/1907 1908/1908 1909/1909 1910/1910
v 0.8515625 0.29296875 0.11328125
v 0.8515625 0.31347656 0.11328125
v 0.83706129 0.30746996 0.11328125
v 0.83105469 0.29296875 0.11328125
vt 0.15625 0.46875
vt 0.15625 0.4375
vt 0.08995874 0.44665291
vt 0.0625 0.46875
f 1911/1911 1912/1912 1913/1913 1914/1914
v 0.8515625 0.29296875 0.11328125
v 0.83105469 0.29296875 0.11328125
v 0.83706129 0.27846754 0.11328125
v 0.8515625 0.27246094 0.11328125
vt 0.15625 0.46875
vt 0.0625 0.46875
vt 0.08995874 0.49084709
vt 0.15625 0.5
f 1915/1915 1916/1916 1917/1917 1918/1918
v 0.8515625 0.29296875 0.11328125
v 0.8515625 0.27246094 0.11328125
v 0.86606371 0.27846754 0.11328125
v 0.87207031 0.29296875 0.11328125
vt 0.15625 0.46875
vt 0.15625 0.5
vt 0.22254126 0.49084709
vt 0.25 0.46875
f 1919/1919 1920/1920 1921/1921 1922/1922
v 0.87207031 0.80566406 0.0546875
v 0.86606371 0.82016528 0.0546875
v 0.86606371 0.82016528 0.11328125
v 0.87207031 0.80566406 0.11328125
vt 0.0625 0.4375
vt 0.25 0.4375
vt 0.25 0.5
vt 0.0625 0.5
f 1923/1923 1924/1924 1925/1925 1926/1926
v 0.86606371 0.82016528 0.0546875
v 0.8515625 0.82617188 0.0546875
v 0.8515625 0.82617188 0.11328125
v 0.86606371 0.82016528 0.11328125
vt 0.0625 0.4375
vt 0.25 0.4375
vt 0.25 0.5
vt 0.0625 0.5
f 1927/1927 1928/1928 1929/1929 1930/1930
v 0.8515625 0.82617188 0.0546875
v 0.83706129 0.82016528 0.0546875
v 0.83706129 0.82016528 0.11328125
v 0.8515625 0.82617188 0.11328125
vt 0.0625 0.4375
vt 0.25 0.4375
vt 0.25 0.5
vt 0.0625 0.5
f 1931/1931 1932/1932 1933/1933 1934/1934
v 0.83706129 0.82016528 0.0546875
v 0.83105469 0.80566406 0.0546875
v 0.83105469 0.80566406 0.11328125
v 0.83706129 0.82016528 0.11328125
vt 0.0625 0.4375
vt 0.25 0.4375
vt 0.25 0.5
vt 0.0625 0.5
f 1935/1935 1936/1936 1937/1937 1938/1938
v 0.83105469 0.80566406 0.0546875
v 0.83706129 0.79116285 0.0546875
v 0.83706129 0.79116285 0.11328125
v 0.83105469 0.80566406 0.11328125
vt 0.0625 0.4375
vt 0.25 0.4375
vt 0.25 0.5
vt 0.0625 0.5
f 1939/1939 1940/1940 1941/1941 1942/1942
v 0.83706129 0.79116285 0.0546875
v 0.8515625 0.78515625 0.0546875
v 0.8515625 0.78515625 0.11328125
v 0.83706129 0.79116285 0.11328125
vt 0.0625 0.4375
vt 0.25 0.4375
vt 0.25 0.5
vt 0.0625 0.5
f 1943/1943 1944/1944 1945/1945 1946/1946
v 0.8515625 0.78515625 0.0546875
v 0.86606371 0.79116285 0.0546875
v 0.86606371 0.79116285 0.11328125
v 0.8515625 0.78515625 0.11328125
vt 0.0625 0.4375
vt 0.25 0.4375
vt 0.25 0.5
vt 0.0625 0.5
f 1947/1947 1948/1948 1949/1949 1950/1950
v 0.86606371 0.79116285 0.0546875
v 0.87207031 0.80566406 0.0546875
v 0.87207031 0.80566406 0.11328125
v 0.86606371 0.79116285 0.11328125
vt 0.0625 0.4375
vt 0.25 0.4375
vt 0.25 0.5
vt 0.0625 0.5
f 1951/1951 1952/1952 1953/1953 1954/1954
v 0.8515625 0.82617188 0.0546875
v 0.86606371 0.82016528 0.0546875
v 0.87207031 0.80566406 0.0546875
v 0.8515625 0.80566406 0.0546875
vt 0.15625 0.4375
vt 0.22254126 0.44665291
vt 0.25 0.46875
vt 0.15625 0.46875
f 1955/1955 1956/1956 1957/1957 1958/1958
v 0.83105469 0.80566406 0.0546875
v 0.83706129 0.82016528 0.0546875
v 0.8515625 0.82617188 0.0546875
v 0.8515625 0.80566406 0.0546875
vt 0.0625 0.46875
vt 0.08995874 0.44665291
vt 0.15625 0.4375
vt 0.15625 0.46875
f 1959/1959 1960/1960 1961/1961 1962/1962
v 0.8515625 0.78515625 0.0546875
v 0.83706129 0.79116285 0.0546875
v 0.83105469 0.80566406 0.0546875
v 0.8515625 0.80566406 0.0546875
vt 0.15625 0.5
vt 0.08995874 0.49084709
vt 0.0625 0.46875
vt 0.15625 0.46875
f 1963/1963 1964/1964 1965/1965 1966/1966
v 0.87207031 0.80566406 0.0546875
v 0.86606371 0.79116285 0.0546875
v 0.8515625 0.78515625 0.0546875
v 0.8515625 0.80566406 0.0546875
vt 0.25 0.46875
vt 0.22254126 0.49084709
vt 0.15625 0.5
vt 0.15625 0.46875
f 1967/1967 1968/1968 1969/1969 1970/1970
v 0.8515625 0.80566406 0.11328125
v 0.87207031 0.80566406 0.11328125
v 0.86606371 0.82016528 0.11328125
v 0.8515625 0.82617188 0.11328125
vt 0.15625 0.46875
vt 0.25 0.46875
vt 0.22254126 0.44665291
vt 0.15625 0.4375
f 1971/1971 1972/1972 1973/1973 1974/1974
v 0.8515625 0.80566406 0.11328125
v 0.8515625 0.82617188 0.11328125
v 0.83706129 0.82016528 0.11328125
v 0.83105469 0.80566406 0.11328125
vt 0.15625 0.46875
vt 0.15625 0.4375
vt 0.08995874 0.44665291
vt 0.0625 0.46875
f 1975/1975 1976/1976 1977/1977 1978/1978
v 0.8515625 0.80566406 0.11328125
v 0.83105469 0.80566406 0.11328125
v 0.83706129 0.79116285 0.11328125
v 0.8515625 0.78515625 0.11328125
vt 0.15625 0.46875
vt 0.0625 0.46875
vt 0.08995874 0.49084709
vt 0.15625 0.5
f 1979/1979 1980/1980 1981/1981 1982/1982
v 0.8515625 0.80566406 0.11328125
v 0.8515625 0.78515625 0.11328125
v 0.86606371 0.79116285 0.11328125
v 0.87207031 0.80566406 0.11328125
vt 0.15625 0.46875
vt 0.15625 0.5
vt 0.22254126 0.49084709
vt 0.25 0.46875
f 1983/1983 1984/1984 1985/1985 1986/1986
v 0.11914063 0.76171875 0.23632813
v 0.10970168 0.76171875 0.25911575
v 0.10970168 0.234375 0.25911575
v 0.11914063 0.234375 0.23632813
vt 0.0625 0.4375
vt 0.25 0.4375
vt 0.25 0.5
vt 0.0625 0.5
f 1987/1987 1988/1988 1989/1989 1990/1990
v 0.10970168 0.76171875 0.25911575
v 0.08691406 0.76171875 0.26855469
v 0.08691406 0.234375 0.26855469
v 0.10970168 0.234375 0.25911575
vt 0.0625 0.4375
vt 0.25 0.4375
vt 0.25 0.5
vt 0.0625 0.5
f 1991/1991 1992/1992 1993/1993 1994/1994
v 0.08691406 0.76171875 0.26855469
v 0.06412644 0.76171875 0.25911575
v 0.06412644 0.234375 0.25911575
v 0.08691406 0.234375 0.26855469
vt 0.0625 0.4375
vt 0.25 0.4375
vt 0.25 0.5
vt 0.0625 0.5
f 1995/1995 1996/1996 1997/1997 1998/1998
v 0.06412644 0.76171875 0.25911575
v 0.0546875 0.76171875 0.23632813
v 0.0546875 0.234375 0.23632813
v 0.06412644 0.234375 0.25911575
vt 0.0625 0.4375
vt 0.25 0.4375
vt 0.25 0.5
vt 0.0625 0.5
f 1999/1999 2000/2000 2001/2001 2002/2002
v 0.0546875 0.76171875 0.23632813
v 0.06412644 0.76171875 0.2135405
v 0.06412644 0.234375 0.2135405
v 0.0546875 0.234375 0.23632813
vt 0.0625 0.4375
vt 0.25 0.4375
vt 0.25 0.5
vt 0.0625 0.5
f 2003/2003 2004/2004 2005/2005 2006/2006
v 0.06412644 0.76171875 0.2135405
v 0.08691406 0.76171875 0.20410156
v 0.08691406 0.234375 0.20410156
v 0.06412644 0.234375 0.2135405
vt 0.0625 0.4375
vt 0.25 0.4375
vt 0.25 0.5
vt 0.0625 0.5
f 2007/2007 2008/2008 2009/2009 2010/2010
v 0.08691406 0.76171875 0.20410156
v 0.10970168 0.76171875 0.2135405
v 0.10970168 0.234375 0.2135405
v 0.08691406 0.234375 0.20410156
vt 0.0625 0.4375
vt 0.25 0.4375
vt 0.25 0.5
vt 0.0625 0.5
f 2011/2011 2012/2012 2013/2013 2014/2014
v 0.10970168 0.76171875 0.2135405
v 0.11914063 0.76171875 0.23632813
v 0.11914063 0.234375 0.23632813
v 0.10970168 0.234375 0.2135405
vt 0.0625 0.4375
vt 0.25 0.4375
vt 0.25 0.5
vt 0.0625 0.5
f 2015/2015 2016/2016 2017/2017 2018/2018
v 0.08691406 0.234375 0.23632813
v 0.11914063 0.234375 0.23632813
v 0.10970168 0.234375 0.25911575
v 0.08691406 0.234375 0.26855469
vt 0.15625 0.46875
vt 0.25 0.46875
vt 0.22254126 0.44665291
vt 0.15625 0.4375
f 2019/2019 2020/2020 2021/2021 2022/2022
v 0.08691406 0.234375 0.23632813
v 0.08691406 0.234375 0.26855469
v 0.06412644 0.234375 0.25911575
v 0.0546875 0.234375 0.23632813
vt 0.15625 0.46875
vt 0.15625 0.4375
vt 0.08995874 0.44665291
vt 0.0625 0.46875
f 2023/2023 2024/2024 2025/2025 2026/2026
v 0.08691406 0.234375 0.23632813
v 0.0546875 0.234375 0.23632813
v 0.06412644 0.234375 0.2135405
v 0.08691406 0.234375 0.20410156
vt 0.15625 0.46875
vt 0.0625 0.46875
vt 0.08995874 0.49084709
vt 0.15625 0.5
f 2027/2027 2028/2028 2029/2029 2030/2030
v 0.08691406 0.234375 0.23632813
v 0.08691406 0.234375 0.20410156
v 0.10970168 0.234375 0.2135405
v 0.11914063 0.234375 0.23632813
vt 0.15625 0.46875
vt 0.15625 0.5
vt 0.22254126 0.49084709
vt 0.25 0.46875
f 2031/2031 2032/2032 2033/2033 2034/2034
v 0.08691406 0.76171875 0.26855469
v 0.10970168 0.76171875 0.25911575
v 0.11914063 0.76171875 0.23632813
v 0.08691406 0.76171875 0.23632813
vt 0.15625 0.4375
vt 0.22254126 0.44665291
vt 0.25 0.46875
vt 0.15625 0.46875
f 2035/2035 2036/2036 2037/2037 2038/2038
v 0.0546875 0.76171875 0.23632813
v 0.06412644 0.76171875 0.25911575
v 0.08691406 0.76171875 0.26855469
v 0.08691406 0.76171875 0.23632813
vt 0.0625 0.46875
vt 0.08995874 0.44665291
vt 0.15625 0.4375
vt 0.15625 0.46875
f 2039/2039 2040/2040 2041/2041 2042/2042
v 0.08691406 0.76171875 0.20410156
v 0.06412644 0.76171875 0.2135405
v 0.0546875 0.76171875 0.23632813
v 0.08691406 0.76171875 0.23632813
vt 0.15625 0.5
vt 0.08995874 0.49084709
vt 0.0625 0.46875
vt 0.15625 0.46875
f 2043/2043 2044/2044 2045/2045 2046/2046
v 0.11914063 0.76171875 0.23632813
v 0.10970168 0.76171875 0.2135405
v 0.08691406 0.76171875 0.20410156
v 0.08691406 0.76171875 0.23632813
vt 0.25 0.46875
vt 0.22254126 0.49084709
vt 0.15625 0.5
vt 0.15625 0.46875
f 2047/2047 2048/2048 2049/2049 2050/2050
usemtl dark
v 0.04882813 0.29296875 0.27441406
v 0.04882813 0.32226563 0.27441406
v 0.04882813 0.32226563 0.19824219
v 0.04882813 0.29296875 0.19824219
vt 0.0625 0.0625
vt 0.25 0.0625
vt 0.25 0.25
vt 0.0625 0.25
f 2051/2051 2052/2052 2053/2053 2054/2054
v 0.125 0.29296875 0.19824219
v 0.125 0.32226563 0.19824219
v 0.125 0.32226563 0.27441406
v 0.125 0.29296875 0.27441406
vt 0.0625 0.25
vt 0.25 0.25
vt 0.25 0.0625
vt 0.0625 0.0625
f 2055/2055 2056/2056 2057/2057 2058/2058
v 0.04882813 0.29296875 0.19824219
v 0.125 0.29296875 0.19824219
v 0.125 0.29296875 0.27441406
v 0.04882813 0.29296875 0.27441406
vt 0.0625 0.25
vt 0.25 0.25
vt 0.25 0.0625
vt 0.0625 0.0625
f 2059/2059 2060/2060 2061/2061 2062/2062
v 0.04882813 0.32226563 0.27441406
v 0.125 0.32226563 0.27441406
v 0.125 0.32226563 0.19824219
v 0.04882813 0.32226563 0.19824219
vt 0.0625 0.0625
vt 0.25 0.0625
vt 0.25 0.25
vt 0.0625 0.25
f 2063/2063 2064/2064 2065/2065 2066/2066
v 0.04882813 0.32226563 0.19824219
v 0.125 0.32226563 0.19824219
v 0.125 0.29296875 0.19824219
v 0.04882813 0.29296875 0.19824219
vt 0.0625 0.0625
vt 0.25 0.0625
vt 0.25 0.25
vt 0.0625 0.25
f 2067/2067 2068/2068 2069/2069 2070/2070
v 0.04882813 0.29296875 0.27441406
v 0.125 0.29296875 0.27441406
v 0.125 0.32226563 0.27441406
v 0.04882813 0.32226563 0.27441406
vt 0.0625 0.25
vt 0.25 0.25
vt 0.25 0.0625
vt 0.0625 0.0625
f 2071/2071 2072/2072 2073/2073 2074/2074
v 0.04882813 0.64453125 0.27441406
v 0.04882813 0.67382813 0.27441406
v 0.04882813 0.67382813 0.19824219
v 0.04882813 0.64453125 0.19824219
vt 0.0625 0.0625
vt 0.25 0.0625
vt 0.25 0.25
vt 0.0625 0.25
f 2075/2075 2076/2076 2077/2077 2078/2078
v 0.125 0.64453125 0.19824219
v 0.125 0.67382813 0.19824219
v 0.125 0.67382813 0.27441406
v 0.125 0.64453125 0.27441406
vt 0.0625 0.25
vt 0.25 0.25
vt 0.25 0.0625
vt 0.0625 0.0625
f 2079/2079 2080/2080 2081/2081 2082/2082
v 0.04882813 0.64453125 0.19824219
v 0.125 0.64453125 0.19824219
v 0.125 0.64453125 0.27441406
v 0.04882813 0.64453125 0.27441406
vt 0.0625 0.25
vt 0.25 0.25
vt 0.25 0.0625
vt 0.0625 0.0625
f 2083/2083 2084/2084 2085/2085 2086/2086
v 0.04882813 0.67382813 0.27441406
v 0.125 0.67382813 0.27441406
v 0.125 0.67382813 0.19824219
v 0.04882813 0.67382813 0.19824219
vt 0.0625 0.0625
vt 0.25 0.0625
vt 0.25 0.25
vt 0.0625 0.25
f 2087/2087 2088/2088 2089/2089 2090/2090
v 0.04882813 0.67382813 0.19824219
v 0.125 0.67382813 0.19824219
v 0.125 0.64453125 0.19824219
v 0.04882813 0.64453125 0.19824219
vt 0.0625 0.0625
vt 0.25 0.0625
vt 0.25 0.25
vt 0.0625 0.25
f 2091/2091 2092/2092 2093/2093 2094/2094
v 0.04882813 0.64453125 0.27441406
v 0.125 0.64453125 0.27441406
v 0.125 0.67382813 0.27441406
v 0.04882813 0.67382813 0.27441406
vt 0.0625 0.25
vt 0.25 0.25
vt 0.25 0.0625
vt 0.0625 0.0625
f 2095/2095 2096/2096 2097/2097 2098/2098
usemtl copper
v 0.11914063 0.76171875 0.47070313
v 0.10970168 0.76171875 0.49349075
v 0.10970168 0.234375 0.49349075
v 0.11914063 0.234375 0.47070313
vt 0.0625 0.4375
vt 0.25 0.4375
vt 0.25 0.5
vt 0.0625 0.5
f 2099/2099 2100/2100 2101/2101 2102/2102
v 0.10970168 0.76171875 0.49349075
v 0.08691406 0.76171875 0.50292969
v 0.08691406 0.234375 0.50292969
v 0.10970168 0.234375 0.49349075
vt 0.0625 0.4375
vt 0.25 0.4375
vt 0.25 0.5
vt 0.0625 0.5
f 2103/2103 2104/2104 2105/2105 2106/2106
v 0.08691406 0.76171875 0.50292969
v 0.06412644 0.76171875 0.49349075
v 0.06412644 0.234375 0.49349075
v 0.08691406 0.234375 0.50292969
vt 0.0625 0.4375
vt 0.25 0.4375
vt 0.25 0.5
vt 0.0625 0.5
f 2107/2107 2108/2108 2109/2109 2110/2110
v 0.06412644 0.76171875 0.49349075
v 0.0546875 0.76171875 0.47070313
v 0.0546875 0.234375 0.47070313
v 0.06412644 0.234375 0.49349075
vt 0.0625 0.4375
vt 0.25 0.4375
vt 0.25 0.5
vt 0.0625 0.5
f 2111/2111 2112/2112 2113/2113 2114/2114
v 0.0546875 0.76171875 0.47070313
v 0.06412644 0.76171875 0.4479155
v 0.06412644 0.234375 0.4479155
v 0.0546875 0.234375 0.47070313
vt 0.0625 0.4375
vt 0.25 0.4375
vt 0.25 0.5
vt 0.0625 0.5
f 2115/2115 2116/2116 2117/2117 2118/2118
v 0.06412644 0.76171875 0.4479155
v 0.08691406 0.76171875 0.43847656
v 0.08691406 0.234375 0.43847656
v 0.06412644 0.234375 0.4479155
vt 0.0625 0.4375
vt 0.25 0.4375
vt 0.25 0.5
vt 0.0625 0.5
f 2119/2119 2120/2120 2121/2121 2122/2122
v 0.08691406 0.76171875 0.43847656
v 0.10970168 0.76171875 0.4479155
v 0.10970168 0.234375 0.4479155
v 0.08691406 0.234375 0.43847656
vt 0.0625 0.4375
vt 0.25 0.4375
vt 0.25 0.5
vt 0.0625 0.5
f 2123/2123 2124/2124 2125/2125 2126/2126
v 0.10970168 0.76171875 0.4479155
v 0.11914063 0.76171875 0.47070313
v 0.11914063 0.234375 0.47070313
v 0.10970168 0.234375 0.4479155
vt 0.0625 0.4375
vt 0.25 0.4375
vt 0.25 0.5
vt 0.0625 0.5
f 2127/2127 2128/2128 2129/2129 2130/2130
v 0.08691406 0.234375 0.47070313
v 0.11914063 0.234375 0.47070313
v 0.10970168 0.234375 0.49349075
v 0.08691406 0.234375 0.50292969
vt 0.15625 0.46875
vt 0.25 0.46875
vt 0.22254126 0.44665291
vt 0.15625 0.4375
f 2131/2131 2132/2132 2133/2133 2134/2134
v 0.08691406 0.234375 0.47070313
v 0.08691406 0.234375 0.50292969
v 0.06412644 0.234375 0.49349075
v 0.0546875 0.234375 0.47070313
vt 0.15625 0.46875
vt 0.15625 0.4375
vt 0.08995874 0.44665291
vt 0.0625 0.46875
f 2135/2135 2136/2136 2137/2137 2138/2138
v 0.08691406 0.234375 0.47070313
v 0.0546875 0.234375 0.47070313
v 0.06412644 0.234375 0.4479155
v 0.08691406 0.234375 0.43847656
vt 0.15625 0.46875
vt 0.0625 0.46875
vt 0.08995874 0.49084709
vt 0.15625 0.5
f 2139/2139 2140/2140 2141/2141 2142/2142
v 0.08691406 0.234375 0.47070313
v 0.08691406 0.234375 0.43847656
v 0.10970168 0.234375 0.4479155
v 0.11914063 0.234375 0.47070313
vt 0.15625 0.46875
vt 0.15625 0.5
vt 0.22254126 0.49084709
vt 0.25 0.46875
f 2143/2143 2144/2144 2145/2145 2146/2146
v 0.08691406 0.76171875 0.50292969
v 0.10970168 0.76171875 0.49349075
v 0.11914063 0.76171875 0.47070313
v 0.08691406 0.76171875 0.47070313
vt 0.15625 0.4375
vt 0.22254126 0.44665291
vt 0.25 0.46875
vt 0.15625 0.46875
f 2147/2147 2148/2148 2149/2149 2150/2150
v 0.0546875 0.76171875 0.47070313
v 0.06412644 0.76171875 0.49349075
v 0.08691406 0.76171875 0.50292969
v 0.08691406 0.76171875 0.47070313
vt 0.0625 0.46875
vt 0.08995874 0.44665291
vt 0.15625 0.4375
vt 0.15625 0.46875
f 2151/2151 2152/2152 2153/2153 2154/2154
v 0.08691406 0.76171875 0.43847656
v 0.06412644 0.76171875 0.4479155
v 0.0546875 0.76171875 0.47070313
v 0.08691406 0.76171875 0.47070313
vt 0.15625 0.5
vt 0.08995874 0.49084709
vt 0.0625 0.46875
vt 0.15625 0.46875
f 2155/2155 2156/2156 2157/2157 2158/2158
v 0.11914063 0.76171875 0.47070313
v 0.10970168 0.76171875 0.4479155
v 0.08691406 0.76171875 0.43847656
v 0.08691406 0.76171875 0.47070313
vt 0.25 0.46875
vt 0.22254126 0.49084709
vt 0.15625 0.5
vt 0.15625 0.46875
f 2159/2159 2160/2160 2161/2161 2162/2162
usemtl dark
v 0.04882813 0.29296875 0.50878906
v 0.04882813 0.32226563 0.50878906
v 0.04882813 0.32226563 0.43261719
v 0.04882813 0.29296875 0.43261719
vt 0.0625 0.0625
vt 0.25 0.0625
vt 0.25 0.25
vt 0.0625 0.25
f 2163/2163 2164/2164 2165/2165 2166/2166
v 0.125 0.29296875 0.43261719
v 0.125 0.32226563 0.43261719
v 0.125 0.32226563 0.50878906
v 0.125 0.29296875 0.50878906
vt 0.0625 0.25
vt 0.25 0.25
vt 0.25 0.0625
vt 0.0625 0.0625
f 2167/2167 2168/2168 2169/2169 2170/2170
v 0.04882813 0.29296875 0.43261719
v 0.125 0.29296875 0.43261719
v 0.125 0.29296875 0.50878906
v 0.04882813 0.29296875 0.50878906
vt 0.0625 0.25
vt 0.25 0.25
vt 0.25 0.0625
vt 0.0625 0.0625
f 2171/2171 2172/2172 2173/2173 2174/2174
v 0.04882813 0.32226563 0.50878906
v 0.125 0.32226563 0.50878906
v 0.125 0.32226563 0.43261719
v 0.04882813 0.32226563 0.43261719
vt 0.0625 0.0625
vt 0.25 0.0625
vt 0.25 0.25
vt 0.0625 0.25
f 2175/2175 2176/2176 2177/2177 2178/2178
v 0.04882813 0.32226563 0.43261719
v 0.125 0.32226563 0.43261719
v 0.125 0.29296875 0.43261719
v 0.04882813 0.29296875 0.43261719
vt 0.0625 0.0625
vt 0.25 0.0625
vt 0.25 0.25
vt 0.0625 0.25
f 2179/2179 2180/2180 2181/2181 2182/2182
v 0.04882813 0.29296875 0.50878906
v 0.125 0.29296875 0.50878906
v 0.125 0.32226563 0.50878906
v 0.04882813 0.32226563 0.50878906
vt 0.0625 0.25
vt 0.25 0.25
vt 0.25 0.0625
vt 0.0625 0.0625
f 2183/2183 2184/2184 2185/2185 2186/2186
v 0.04882813 0.64453125 0.50878906
v 0.04882813 0.67382813 0.50878906
v 0.04882813 0.67382813 0.43261719
v 0.04882813 0.64453125 0.43261719
vt 0.0625 0.0625
vt 0.25 0.0625
vt 0.25 0.25
vt 0.0625 0.25
f 2187/2187 2188/2188 2189/2189 2190/2190
v 0.125 0.64453125 0.43261719
v 0.125 0.67382813 0.43261719
v 0.125 0.67382813 0.50878906
v 0.125 0.64453125 0.50878906
vt 0.0625 0.25
vt 0.25 0.25
vt 0.25 0.0625
vt 0.0625 0.0625
f 2191/2191 2192/2192 2193/2193 2194/2194
v 0.04882813 0.64453125 0.43261719
v 0.125 0.64453125 0.43261719
v 0.125 0.64453125 0.50878906
v 0.04882813 0.64453125 0.50878906
vt 0.0625 0.25
vt 0.25 0.25
vt 0.25 0.0625
vt 0.0625 0.0625
f 2195/2195 2196/2196 2197/2197 2198/2198
v 0.04882813 0.67382813 0.50878906
v 0.125 0.67382813 0.50878906
v 0.125 0.67382813 0.43261719
v 0.04882813 0.67382813 0.43261719
vt 0.0625 0.0625
vt 0.25 0.0625
vt 0.25 0.25
vt 0.0625 0.25
f 2199/2199 2200/2200 2201/2201 2202/2202
v 0.04882813 0.67382813 0.43261719
v 0.125 0.67382813 0.43261719
v 0.125 0.64453125 0.43261719
v 0.04882813 0.64453125 0.43261719
vt 0.0625 0.0625
vt 0.25 0.0625
vt 0.25 0.25
vt 0.0625 0.25
f 2203/2203 2204/2204 2205/2205 2206/2206
v 0.04882813 0.64453125 0.50878906
v 0.125 0.64453125 0.50878906
v 0.125 0.67382813 0.50878906
v 0.04882813 0.67382813 0.50878906
vt 0.0625 0.25
vt 0.25 0.25
vt 0.25 0.0625
vt 0.0625 0.0625
f 2207/2207 2208/2208 2209/2209 2210/2210
usemtl copper
v 0.9453125 0.76171875 0.23632813
v 0.93587356 0.76171875 0.25911575
v 0.93587356 0.234375 0.25911575
v 0.9453125 0.234375 0.23632813
vt 0.0625 0.4375
vt 0.25 0.4375
vt 0.25 0.5
vt 0.0625 0.5
f 2211/2211 2212/2212 2213/2213 2214/2214
v 0.93587356 0.76171875 0.25911575
v 0.91308594 0.76171875 0.26855469
v 0.91308594 0.234375 0.26855469
v 0.93587356 0.234375 0.25911575
vt 0.0625 0.4375
vt 0.25 0.4375
vt 0.25 0.5
vt 0.0625 0.5
f 2215/2215 2216/2216 2217/2217 2218/2218
v 0.91308594 0.76171875 0.26855469
v 0.89029832 0.76171875 0.25911575
v 0.89029832 0.234375 0.25911575
v 0.91308594 0.234375 0.26855469
vt 0.0625 0.4375
vt 0.25 0.4375
vt 0.25 0.5
vt 0.0625 0.5
f 2219/2219 2220/2220 2221/2221 2222/2222
v 0.89029832 0.76171875 0.25911575
v 0.88085938 0.76171875 0.23632813
v 0.88085938 0.234375 0.23632813
v 0.89029832 0.234375 0.25911575
vt 0.0625 0.4375
vt 0.25 0.4375
vt 0.25 0.5
vt 0.0625 0.5
f 2223/2223 2224/2224 2225/2225 2226/2226
v 0.88085938 0.76171875 0.23632813
v 0.89029832 0.76171875 0.2135405
v 0.89029832 0.234375 0.2135405
v 0.88085938 0.234375 0.23632813
vt 0.0625 0.4375
vt 0.25 0.4375
vt 0.25 0.5
vt 0.0625 0.5
f 2227/2227 2228/2228 2229/2229 2230/2230
v 0.89029832 0.76171875 0.2135405
v 0.91308594 0.76171875 0.20410156
v 0.91308594 0.234375 0.20410156
v 0.89029832 0.234375 0.2135405
vt 0.0625 0.4375
vt 0.25 0.4375
vt 0.25 0.5
vt 0.0625 0.5
f 2231/2231 2232/2232 2233/2233 2234/2234
v 0.91308594 0.76171875 0.20410156
v 0.93587356 0.76171875 0.2135405
v 0.93587356 0.234375 0.2135405
v 0.91308594 0.234375 0.20410156
vt 0.0625 0.4375
vt 0.25 0.4375
vt 0.25 0.5
vt 0.0625 0.5
f 2235/2235 2236/2236 2237/2237 2238/2238
v 0.93587356 0.76171875 0.2135405
v 0.9453125 0.76171875 0.23632813
v 0.9453125 0.234375 0.23632813
v 0.93587356 0.234375 0.2135405
vt 0.0625 0.4375
vt 0.25 0.4375
vt 0.25 0.5
vt 0.0625 0.5
f 2239/2239 2240/2240 2241/2241 2242/2242
v 0.91308594 0.234375 0.23632813
v 0.9453125 0.234375 0.23632813
v 0.93587356 0.234375 0.25911575
v 0.91308594 0.234375 0.26855469
vt 0.15625 0.46875
vt 0.25 0.46875
vt 0.22254126 0.44665291
vt 0.15625 0.4375
f 2243/2243 2244/2244 2245/2245 2246/2246
v 0.91308594 0.234375 0.23632813
v 0.91308594 0.234375 0.26855469
v 0.89029832 0.234375 0.25911575
v 0.88085938 0.234375 0.23632813
vt 0.15625 0.46875
vt 0.15625 0.4375
vt 0.08995874 0.44665291
vt 0.0625 0.46875
f 2247/2247 2248/2248 2249/2249 2250/2250
v 0.91308594 0.234375 0.23632813
v 0.88085938 0.234375 0.23632813
v 0.89029832 0.234375 0.2135405
v 0.91308594 0.234375 0.20410156
vt 0.15625 0.46875
vt 0.0625 0.46875
vt 0.08995874 0.49084709
vt 0.15625 0.5
f 2251/2251 2252/2252 2253/2253 2254/2254
v 0.91308594 0.234375 0.23632813
v 0.91308594 0.234375 0.20410156
v 0.93587356 0.234375 0.2135405
v 0.9453125 0.234375 0.23632813
vt 0.15625 0.46875
vt 0.15625 0.5
vt 0.22254126 0.49084709
vt 0.25 0.46875
f 2255/2255 2256/2256 2257/2257 2258/2258
v 0.91308594 0.76171875 0.26855469
v 0.93587356 0.76171875 0.25911575
v 0.9453125 0.76171875 0.23632813
v 0.91308594 0.76171875 0.23632813
vt 0.15625 0.4375
vt 0.22254126 0.44665291
vt 0.25 0.46875
vt 0.15625 0.46875
f 2259/2259 2260/2260 2261/2261 2262/2262
v 0.88085938 0.76171875 0.23632813
v 0.89029832 0.76171875 0.25911575
v 0.91308594 0.76171875 0.26855469
v 0.91308594 0.76171875 0.23632813
vt 0.0625 0.46875
vt 0.08995874 0.44665291
vt 0.15625 0.4375
vt 0.15625 0.46875
f 2263/2263 2264/2264 2265/2265 2266/2266
v 0.91308594 0.76171875 0.20410156
v 0.89029832 0.76171875 0.2135405
v 0.88085938 0.76171875 0.23632813
v 0.91308594 0.76171875 0.23632813
vt 0.15625 0.5
vt 0.08995874 0.49084709
vt 0.0625 0.46875
vt 0.15625 0.46875
f 2267/2267 2268/2268 2269/2269 2270/2270
v 0.9453125 0.76171875 0.23632813
v 0.93587356 0.76171875 0.2135405
v 0.91308594 0.76171875 0.20410156
v 0.91308594 0.76171875 0.23632813
vt 0.25 0.46875
vt 0.22254126 0.49084709
vt 0.15625 0.5
vt 0.15625 0.46875
f 2271/2271 2272/2272 2273/2273 2274/2274
usemtl dark
v 0.875 0.29296875 0.27441406
v 0.875 0.32226563 0.27441406
v 0.875 0.32226563 0.19824219
v 0.875 0.29296875 0.19824219
vt 0.0625 0.0625
vt 0.25 0.0625
vt 0.25 0.25
vt 0.0625 0.25
f 2275/2275 2276/2276 2277/2277 2278/2278
v 0.95117188 0.29296875 0.19824219
v 0.95117188 0.32226563 0.19824219
v 0.95117188 0.32226563 0.27441406
v 0.95117188 0.29296875 0.27441406
vt 0.0625 0.25
vt 0.25 0.25
vt 0.25 0.0625
vt 0.0625 0.0625
f 2279/2279 2280/2280 2281/2281 2282/2282
v 0.875 0.29296875 0.19824219
v 0.95117188 0.29296875 0.19824219
v 0.95117188 0.29296875 0.27441406
v 0.875 0.29296875 0.27441406
vt 0.0625 0.25
vt 0.25 0.25
vt 0.25 0.0625
vt 0.0625 0.0625
f 2283/2283 2284/2284 2285/2285 2286/2286
v 0.875 0.32226563 0.27441406
v 0.95117188 0.32226563 0.27441406
v 0.95117188 0.32226563 0.19824219
v 0.875 0.32226563 0.19824219
vt 0.0625 0.0625
vt 0.25 0.0625
vt 0.25 0.25
vt 0.0625 0.25
f 2287/2287 2288/2288 2289/2289 2290/2290
v 0.875 0.32226563 0.19824219
v 0.95117188 0.32226563 0.19824219
v 0.95117188 0.29296875 0.19824219
v 0.875 0.29296875 0.19824219
vt 0.0625 0.0625
vt 0.25 0.0625
vt 0.25 0.25
vt 0.0625 0.25
f 2291/2291 2292/2292 2293/2293 2294/2294
v 0.875 0.29296875 0.27441406
v 0.95117188 0.29296875 0.27441406
v 0.95117188 0.32226563 0.27441406
v 0.875 0.32226563 0.27441406
vt 0.0625 0.25
vt 0.25 0.25
vt 0.25 0.0625
vt 0.0625 0.0625
f 2295/2295 2296/2296 2297/2297 2298/2298
v 0.875 0.64453125 0.27441406
v 0.875 0.67382813 0.27441406
v 0.875 0.67382813 0.19824219
v 0.875 0.64453125 0.19824219
vt 0.0625 0.0625
vt 0.25 0.0625
vt 0.25 0.25
vt 0.0625 0.25
f 2299/2299 2300/2300 2301/2301 2302/2302
v 0.95117188 0.64453125 0.19824219
v 0.95117188 0.67382813 0.19824219
v 0.95117188 0.67382813 0.27441406
v 0.95117188 0.64453125 0.27441406
vt 0.0625 0.25
vt 0.25 0.25
vt 0.25 0.0625
vt 0.0625 0.0625
f 2303/2303 2304/2304 2305/2305 2306/2306
v 0.875 0.64453125 0.19824219
v 0.95117188 0.64453125 0.19824219
v 0.95117188 0.64453125 0.27441406
v 0.875 0.64453125 0.27441406
vt 0.0625 0.25
vt 0.25 0.25
vt 0.25 0.0625
vt 0.0625 0.0625
f 2307/2307 2308/2308 2309/2309 2310/2310
v 0.875 0.67382813 0.27441406
v 0.95117188 0.67382813 0.27441406
v 0.95117188 0.67382813 0.19824219
v 0.875 0.67382813 0.19824219
vt 0.0625 0.0625
vt 0.25 0.0625
vt 0.25 0.25
vt 0.0625 0.25
f 2311/2311 2312/2312 2313/2313 2314/2314
v 0.875 0.67382813 0.19824219
v 0.95117188 0.67382813 0.19824219
v 0.95117188 0.64453125 0.19824219
v 0.875 0.64453125 0.19824219
vt 0.0625 0.0625
vt 0.25 0.0625
vt 0.25 0.25
vt 0.0625 0.25
f 2315/2315 2316/2316 2317/2317 2318/2318
v 0.875 0.64453125 0.27441406
v 0.95117188 0.64453125 0.27441406
v 0.95117188 0.67382813 0.27441406
v 0.875 0.67382813 0.27441406
vt 0.0625 0.25
vt 0.25 0.25
vt 0.25 0.0625
vt 0.0625 0.0625
f 2319/2319 2320/2320 2321/2321 2322/2322
usemtl copper
v 0.9453125 0.76171875 0.47070313
v 0.93587356 0.76171875 0.49349075
v 0.93587356 0.234375 0.49349075
v 0.9453125 0.234375 0.47070313
vt 0.0625 0.4375
vt 0.25 0.4375
vt 0.25 0.5
vt 0.0625 0.5
f 2323/2323 2324/2324 2325/2325 2326/2326
v 0.93587356 0.76171875 0.49349075
v 0.91308594 0.76171875 0.50292969
v 0.91308594 0.234375 0.50292969
v 0.93587356 0.234375 0.49349075
vt 0.0625 0.4375
vt 0.25 0.4375
vt 0.25 0.5
vt 0.0625 0.5
f 2327/2327 2328/2328 2329/2329 2330/2330
v 0.91308594 0.76171875 0.50292969
v 0.89029832 0.76171875 0.49349075
v 0.89029832 0.234375 0.49349075
v 0.91308594 0.234375 0.50292969
vt 0.0625 0.4375
vt 0.25 0.4375
vt 0.25 0.5
vt 0.0625 0.5
f 2331/2331 2332/2332 2333/2333 2334/2334
v 0.89029832 0.76171875 0.49349075
v 0.88085938 0.76171875 0.47070313
v 0.88085938 0.234375 0.47070313
v 0.89029832 0.234375 0.49349075
vt 0.0625 0.4375
vt 0.25 0.4375
vt 0.25 0.5
vt 0.0625 0.5
f 2335/2335 2336/2336 2337/2337 2338/2338
v 0.88085938 0.76171875 0.47070313
v 0.89029832 0.76171875 0.4479155
v 0.89029832 0.234375 0.4479155
v 0.88085938 0.234375 0.47070313
vt 0.0625 0.4375
vt 0.25 0.4375
vt 0.25 0.5
vt 0.0625 0.5
f 2339/2339 2340/2340 2341/2341 2342/2342
v 0.89029832 0.76171875 0.4479155
v 0.91308594 0.76171875 0.43847656
v 0.91308594 0.234375 0.43847656
v 0.89029832 0.234375 0.4479155
vt 0.0625 0.4375
vt 0.25 0.4375
vt 0.25 0.5
vt 0.0625 0.5
f 2343/2343 2344/2344 2345/2345 2346/2346
v 0.91308594 0.76171875 0.43847656
v 0.93587356 0.76171875 0.4479155
v 0.93587356 0.234375 0.4479155
v 0.91308594 0.234375 0.43847656
vt 0.0625 0.4375
vt 0.25 0.4375
vt 0.25 0.5
vt 0.0625 0.5
f 2347/2347 2348/2348 2349/2349 2350/2350
v 0.93587356 0.76171875 0.4479155
v 0.9453125 0.76171875 0.47070313
v 0.9453125 0.234375 0.47070313
v 0.93587356 0.234375 0.4479155
vt 0.0625 0.4375
vt 0.25 0.4375
vt 0.25 0.5
vt 0.0625 0.5
f 2351/2351 2352/2352 2353/2353 2354/2354
v 0.91308594 0.234375 0.47070313
v 0.9453125 0.234375 0.47070313
v 0.93587356 0.234375 0.49349075
v 0.91308594 0.234375 0.50292969
vt 0.15625 0.46875
vt 0.25 0.46875
vt 0.22254126 0.44665291
vt 0.15625 0.4375
f 2355/2355 2356/2356 2357/2357 2358/2358
v 0.91308594 0.234375 0.47070313
v 0.91308594 0.234375 0.50292969
v 0.89029832 0.234375 0.49349075
v 0.88085938 0.234375 0.47070313
vt 0.15625 0.46875
vt 0.15625 0.4375
vt 0.08995874 0.44665291
vt 0.0625 0.46875
f 2359/2359 2360/2360 2361/2361 2362/2362
v 0.91308594 0.234375 0.47070313
v 0.88085938 0.234375 0.47070313
v 0.89029832 0.234375 0.4479155
v 0.91308594 0.234375 0.43847656
vt 0.15625 0.46875
vt 0.0625 0.46875
vt 0.08995874 0.49084709
vt 0.15625 0.5
f 2363/2363 2364/2364 2365/2365 2366/2366
v 0.91308594 0.234375 0.47070313
v 0.91308594 0.234375 0.43847656
v 0.93587356 0.234375 0.4479155
v 0.9453125 0.234375 0.47070313
vt 0.15625 0.46875
vt 0.15625 0.5
vt 0.22254126 0.49084709
vt 0.25 0.46875
f 2367/2367 2368/2368 2369/2369 2370/2370
v 0.91308594 0.76171875 0.50292969
v 0.93587356 0.76171875 0.49349075
v 0.9453125 0.76171875 0.47070313
v 0.91308594 0.76171875 0.47070313
vt 0.15625 0.4375
vt 0.22254126 0.44665291
vt 0.25 0.46875
vt 0.15625 0.46875
f 2371/2371 2372/2372 2373/2373 2374/2374
v 0.88085938 0.76171875 0.47070313
v 0.89029832 0.76171875 0.49349075
v 0.91308594 0.76171875 0.50292969
v 0.91308594 0.76171875 0.47070313
vt 0.0625 0.46875
vt 0.08995874 0.44665291
vt 0.15625 0.4375
vt 0.15625 0.46875
f 2375/2375 2376/2376 2377/2377 2378/2378
v 0.91308594 0.76171875 0.43847656
v 0.89029832 0.76171875 0.4479155
v 0.88085938 0.76171875 0.47070313
v 0.91308594 0.76171875 0.47070313
vt 0.15625 0.5
vt 0.08995874 0.49084709
vt 0.0625 0.46875
vt 0.15625 0.46875
f 2379/2379 2380/2380 2381/2381 2382/2382
v 0.9453125 0.76171875 0.47070313
v 0.93587356 0.76171875 0.4479155
v 0.91308594 0.76171875 0.43847656
v 0.91308594 0.76171875 0.47070313
vt 0.25 0.46875
vt 0.22254126 0.49084709
vt 0.15625 0.5
vt 0.15625 0.46875
f 2383/2383 2384/2384 2385/2385 2386/2386
usemtl dark
v 0.875 0.29296875 0.50878906
v 0.875 0.32226563 0.50878906
v 0.875 0.32226563 0.43261719
v 0.875 0.29296875 0.43261719
vt 0.0625 0.0625
vt 0.25 0.0625
vt 0.25 0.25
vt 0.0625 0.25
f 2387/2387 2388/2388 2389/2389 2390/2390
v 0.95117188 0.29296875 0.43261719
v 0.95117188 0.32226563 0.43261719
v 0.95117188 0.32226563 0.50878906
v 0.95117188 0.29296875 0.50878906
vt 0.0625 0.25
vt 0.25 0.25
vt 0.25 0.0625
vt 0.0625 0.0625
f 2391/2391 2392/2392 2393/2393 2394/2394
v 0.875 0.29296875 0.43261719
v 0.95117188 0.29296875 0.43261719
v 0.95117188 0.29296875 0.50878906
v 0.875 0.29296875 0.50878906
vt 0.0625 0.25
vt 0.25 0.25
vt 0.25 0.0625
vt 0.0625 0.0625
f 2395/2395 2396/2396 2397/2397 2398/2398
v 0.875 0.32226563 0.50878906
v 0.95117188 0.32226563 0.50878906
v 0.95117188 0.32226563 0.43261719
v 0.875 0.32226563 0.43261719
vt 0.0625 0.0625
vt 0.25 0.0625
vt 0.25 0.25
vt 0.0625 0.25
f 2399/2399 2400/2400 2401/2401 2402/2402
v 0.875 0.32226563 0.43261719
v 0.95117188 0.32226563 0.43261719
v 0.95117188 0.29296875 0.43261719
v 0.875 0.29296875 0.43261719
vt 0.0625 0.0625
vt 0.25 0.0625
vt 0.25 0.25
vt 0.0625 0.25
f 2403/2403 2404/2404 2405/2405 2406/2406
v 0.875 0.29296875 0.50878906
v 0.95117188 0.29296875 0.50878906
v 0.95117188 0.32226563 0.50878906
v 0.875 0.32226563 0.50878906
vt 0.0625 0.25
vt 0.25 0.25
vt 0.25 0.0625
vt 0.0625 0.0625
f 2407/2407 2408/2408 2409/2409 2410/2410
v 0.875 0.64453125 0.50878906
v 0.875 0.67382813 0.50878906
v 0.875 0.67382813 0.43261719
v 0.875 0.64453125 0.43261719
vt 0.0625 0.0625
vt 0.25 0.0625
vt 0.25 0.25
vt 0.0625 0.25
f 2411/2411 2412/2412 2413/2413 2414/2414
v 0.95117188 0.64453125 0.43261719
v 0.95117188 0.67382813 0.43261719
v 0.95117188 0.67382813 0.50878906
v 0.95117188 0.64453125 0.50878906
vt 0.0625 0.25
vt 0.25 0.25
vt 0.25 0.0625
vt 0.0625 0.0625
f 2415/2415 2416/2416 2417/2417 2418/2418
v 0.875 0.64453125 0.43261719
v 0.95117188 0.64453125 0.43261719
v 0.95117188 0.64453125 0.50878906
v 0.875 0.64453125 0.50878906
vt 0.0625 0.25
vt 0.25 0.25
vt 0.25 0.0625
vt 0.0625 0.0625
f 2419/2419 2420/2420 2421/2421 2422/2422
v 0.875 0.67382813 0.50878906
v 0.95117188 0.67382813 0.50878906
v 0.95117188 0.67382813 0.43261719
v 0.875 0.67382813 0.43261719
vt 0.0625 0.0625
vt 0.25 0.0625
vt 0.25 0.25
vt 0.0625 0.25
f 2423/2423 2424/2424 2425/2425 2426/2426
v 0.875 0.67382813 0.43261719
v 0.95117188 0.67382813 0.43261719
v 0.95117188 0.64453125 0.43261719
v 0.875 0.64453125 0.43261719
vt 0.0625 0.0625
vt 0.25 0.0625
vt 0.25 0.25
vt 0.0625 0.25
f 2427/2427 2428/2428 2429/2429 2430/2430
v 0.875 0.64453125 0.50878906
v 0.95117188 0.64453125 0.50878906
v 0.95117188 0.67382813 0.50878906
v 0.875 0.67382813 0.50878906
vt 0.0625 0.25
vt 0.25 0.25
vt 0.25 0.0625
vt 0.0625 0.0625
f 2431/2431 2432/2432 2433/2433 2434/2434
usemtl body
v 0.08984375 0.1171875 0.88671875
v 0.08984375 0.84960938 0.88671875
v 0.08984375 0.84960938 0.6171875
v 0.08984375 0.1171875 0.6171875
vt 0 0
vt 1 0
vt 1 1
vt 0 1
f 2435/2435 2436/2436 2437/2437 2438/2438
v 0.11914063 0.1171875 0.6171875
v 0.11914063 0.84375 0.6171875
v 0.11914063 0.84375 0.88671875
v 0.11914063 0.1171875 0.88671875
vt 0 1
vt 0.992 1
vt 0.992 0
vt 0 0
f 2439/2439 2440/2440 2441/2441 2442/2442
v 0.08984375 0.1171875 0.6171875
v 0.11914063 0.1171875 0.6171875
v 0.11914063 0.1171875 0.88671875
v 0.08984375 0.1171875 0.88671875
vt 0 1
vt 1 1
vt 1 0
vt 0 0
f 2443/2443 2444/2444 2445/2445 2446/2446
v 0.08984375 0.84960938 0.88671875
v 0.11914063 0.84960938 0.88671875
v 0.11914063 0.84960938 0.6171875
v 0.08984375 0.84960938 0.6171875
vt 0 0
vt 1 0
vt 1 1
vt 0 1
f 2447/2447 2448/2448 2449/2449 2450/2450
v 0.08984375 0.84960938 0.6171875
v 0.11914063 0.84960938 0.6171875
v 0.11914063 0.1171875 0.6171875
v 0.08984375 0.1171875 0.6171875
vt 0 0
vt 1 0
vt 1 1
vt 0 1
f 2451/2451 2452/2452 2453/2453 2454/2454
v 0.08984375 0.1171875 0.88671875
v 0.11914063 0.1171875 0.88671875
v 0.11914063 0.84960938 0.88671875
v 0.08984375 0.84960938 0.88671875
vt 0 1
vt 1 1
vt 1 0
vt 0 0
f 2455/2455 2456/2456 2457/2457 2458/2458
v 0.88085938 0.1171875 0.88671875
v 0.88085938 0.84375 0.88671875
v 0.88085938 0.84375 0.6171875
v 0.88085938 0.1171875 0.6171875
vt 0 0
vt 0.992 0
vt 0.992 1
vt 0 1
f 2459/2459 2460/2460 2461/2461 2462/2462
v 0.91015625 0.84960938 0.8515625
v 0.91015625 0.84960938 0.88671875
v 0.91015625 0.1171875 0.88671875
v 0.91015625 0.1171875 0.8515625
vt 1 0.13043478
vt 1 0
vt 0 0
vt 0 0.13043478
f 2463/2463 2464/2464 2465/2465 2466/2466
v 0.91015625 0.3515625 0.6171875
v 0.91015625 0.84960938 0.6171875
v 0.91015625 0.84960938 0.8515625
v 0.91015625 0.3515625 0.8515625
vt 0.32 1
vt 1 1
vt 1 0.13043478
vt 0.32 0.13043478
f 2467/2467 2468/2468 2469/2469 2470/2470
v 0.88085938 0.1171875 0.6171875
v 0.91015625 0.1171875 0.6171875
v 0.91015625 0.1171875 0.88671875
v 0.88085938 0.1171875 0.88671875
vt 0 1
vt 1 1
vt 1 0
vt 0 0
f 2471/2471 2472/2472 2473/2473 2474/2474
v 0.88085938 0.84960938 0.88671875
v 0.91015625 0.84960938 0.88671875
v 0.91015625 0.84960938 0.6171875
v 0.88085938 0.84960938 0.6171875
vt 0 0
vt 1 0
vt 1 1
vt 0 1
f 2475/2475 2476/2476 2477/2477 2478/2478
v 0.88085938 0.84960938 0.6171875
v 0.91015625 0.84960938 0.6171875
v 0.91015625 0.1171875 0.6171875
v 0.88085938 0.1171875 0.6171875
vt 0 0
vt 1 0
vt 1 1
vt 0 1
f 2479/2479 2480/2480 2481/2481 2482/2482
v 0.88085938 0.1171875 0.88671875
v 0.91015625 0.1171875 0.88671875
v 0.91015625 0.84960938 0.88671875
v 0.88085938 0.84960938 0.88671875
vt 0 1
vt 1 1
vt 1 0
vt 0 0
f 2483/2483 2484/2484 2485/2485 2486/2486
v 0.11914063 0.84375 0.88671875
v 0.11914063 0.87304688 0.88671875
v 0.11914063 0.87304688 0.6171875
v 0.11914063 0.84375 0.6171875
vt 0 0
vt 1 0
vt 1 1
vt 0 1
f 2487/2487 2488/2488 2489/2489 2490/2490
v 0.88085938 0.84375 0.6171875
v 0.88085938 0.87304688 0.6171875
v 0.88085938 0.87304688 0.88671875
v 0.88085938 0.84375 0.88671875
vt 0 1
vt 1 1
vt 1 0
vt 0 0
f 2491/2491 2492/2492 2493/2493 2494/2494
v 0.11914063 0.84375 0.6171875
v 0.88085938 0.84375 0.6171875
v 0.88085938 0.84375 0.88671875
v 0.11914063 0.84375 0.88671875
vt 0 1
vt 1 1
vt 1 0
vt 0 0
f 2495/2495 2496/2496 2497/2497 2498/2498
v 0.11914063 0.87304688 0.88671875
v 0.88085938 0.87304688 0.88671875
v 0.88085938 0.87304688 0.6171875
v 0.11914063 0.87304688 0.6171875
vt 0 0
vt 1 0
vt 1 1
vt 0 1
f 2499/2499 2500/2500 2501/2501 2502/2502
v 0.11914063 0.87304688 0.6171875
v 0.88085938 0.87304688 0.6171875
v 0.88085938 0.84375 0.6171875
v 0.11914063 0.84375 0.6171875
vt 0 0
vt 1 0
vt 1 1
vt 0 1
f 2503/2503 2504/2504 2505/2505 2506/2506
v 0.11914063 0.84375 0.88671875
v 0.88085938 0.84375 0.88671875
v 0.88085938 0.87304688 0.88671875
v 0.11914063 0.87304688 0.88671875
vt 0 1
vt 1 1
vt 1 0
vt 0 0
f 2507/2507 2508/2508 2509/2509 2510/2510
v 0.11914063 0.05859375 0.88671875
v 0.11914063 0.1171875 0.88671875
v 0.11914063 0.1171875 0.6171875
v 0.11914063 0.05859375 0.6171875
vt 0 0
vt 1 0
vt 1 1
vt 0 1
f 2511/2511 2512/2512 2513/2513 2514/2514
v 0.88085938 0.05859375 0.6171875
v 0.88085938 0.1171875 0.6171875
v 0.88085938 0.1171875 0.88671875
v 0.88085938 0.05859375 0.88671875
vt 0 1
vt 1 1
vt 1 0
vt 0 0
f 2515/2515 2516/2516 2517/2517 2518/2518
v 0.11914063 0.05859375 0.6171875
v 0.88085938 0.05859375 0.6171875
v 0.88085938 0.05859375 0.88671875
v 0.11914063 0.05859375 0.88671875
vt 0 1
vt 1 1
vt 1 0
vt 0 0
f 2519/2519 2520/2520 2521/2521 2522/2522
v 0.11914063 0.1171875 0.88671875
v 0.88085938 0.1171875 0.88671875
v 0.88085938 0.1171875 0.6171875
v 0.11914063 0.1171875 0.6171875
vt 0 0
vt 1 0
vt 1 1
vt 0 1
f 2523/2523 2524/2524 2525/2525 2526/2526
v 0.11914063 0.1171875 0.6171875
v 0.88085938 0.1171875 0.6171875
v 0.88085938 0.05859375 0.6171875
v 0.11914063 0.05859375 0.6171875
vt 0 0
vt 1 0
vt 1 1
vt 0 1
f 2527/2527 2528/2528 2529/2529 2530/2530
v 0.11914063 0.05859375 0.88671875
v 0.88085938 0.05859375 0.88671875
v 0.88085938 0.1171875 0.88671875
v 0.11914063 0.1171875 0.88671875
vt 0 1
vt 1 1
vt 1 0
vt 0 0
f 2531/2531 2532/2532 2533/2533 2534/2534
usemtl dark
v 0.11914063 0.14648438 0.95996094
v 0.11914063 0.16552734 0.95996094
v 0.11914063 0.16552734 0.93945313
v 0.11914063 0.14648438 0.93945313
vt 0.0625 0.0625
vt 0.25 0.0625
vt 0.25 0.25
vt 0.0625 0.25
f 2535/2535 2536/2536 2537/2537 2538/2538
v 0.88085938 0.14648438 0.93945313
v 0.88085938 0.16552734 0.93945313
v 0.88085938 0.16552734 0.95996094
v 0.88085938 0.14648438 0.95996094
vt 0.0625 0.25
vt 0.25 0.25
vt 0.25 0.0625
vt 0.0625 0.0625
f 2539/2539 2540/2540 2541/2541 2542/2542
v 0.11914063 0.14648438 0.93945313
v 0.88085938 0.14648438 0.93945313
v 0.88085938 0.14648438 0.95996094
v 0.11914063 0.14648438 0.95996094
vt 0.0625 0.25
vt 0.25 0.25
vt 0.25 0.0625
vt 0.0625 0.0625
f 2543/2543 2544/2544 2545/2545 2546/2546
v 0.11914063 0.16552734 0.95996094
v 0.88085938 0.16552734 0.95996094
v 0.88085938 0.16552734 0.93945313
v 0.11914063 0.16552734 0.93945313
vt 0.0625 0.0625
vt 0.25 0.0625
vt 0.25 0.25
vt 0.0625 0.25
f 2547/2547 2548/2548 2549/2549 2550/2550
v 0.11914063 0.16552734 0.93945313
v 0.88085938 0.16552734 0.93945313
v 0.88085938 0.14648438 0.93945313
v 0.11914063 0.14648438 0.93945313
vt 0.0625 0.0625
vt 0.25 0.0625
vt 0.25 0.25
vt 0.0625 0.25
f 2551/2551 2552/2552 2553/2553 2554/2554
v 0.11914063 0.14648438 0.95996094
v 0.88085938 0.14648438 0.95996094
v 0.88085938 0.16552734 0.95996094
v 0.11914063 0.16552734 0.95996094
vt 0.0625 0.25
vt 0.25 0.25
vt 0.25 0.0625
vt 0.0625 0.0625
f 2555/2555 2556/2556 2557/2557 2558/2558
v 0.11914063 0.30761719 0.95996094
v 0.11914063 0.32666016 0.95996094
v 0.11914063 0.32666016 0.93945313
v 0.11914063 0.30761719 0.93945313
vt 0.0625 0.0625
vt 0.25 0.0625
vt 0.25 0.25
vt 0.0625 0.25
f 2559/2559 2560/2560 2561/2561 2562/2562
v 0.88085938 0.30761719 0.93945313
v 0.88085938 0.32666016 0.93945313
v 0.88085938 0.32666016 0.95996094
v 0.88085938 0.30761719 0.95996094
vt 0.0625 0.25
vt 0.25 0.25
vt 0.25 0.0625
vt 0.0625 0.0625
f 2563/2563 2564/2564 2565/2565 2566/2566
v 0.11914063 0.30761719 0.93945313
v 0.88085938 0.30761719 0.93945313
v 0.88085938 0.30761719 0.95996094
v 0.11914063 0.30761719 0.95996094
vt 0.0625 0.25
vt 0.25 0.25
vt 0.25 0.0625
vt 0.0625 0.0625
f 2567/2567 2568/2568 2569/2569 2570/2570
v 0.11914063 0.32666016 0.95996094
v 0.88085938 0.32666016 0.95996094
v 0.88085938 0.32666016 0.93945313
v 0.11914063 0.32666016 0.93945313
vt 0.0625 0.0625
vt 0.25 0.0625
vt 0.25 0.25
vt 0.0625 0.25
f 2571/2571 2572/2572 2573/2573 2574/2574
v 0.11914063 0.32666016 0.93945313
v 0.88085938 0.32666016 0.93945313
v 0.88085938 0.30761719 0.93945313
v 0.11914063 0.30761719 0.93945313
vt 0.0625 0.0625
vt 0.25 0.0625
vt 0.25 0.25
vt 0.0625 0.25
f 2575/2575 2576/2576 2577/2577 2578/2578
v 0.11914063 0.30761719 0.95996094
v 0.88085938 0.30761719 0.95996094
v 0.88085938 0.32666016 0.95996094
v 0.11914063 0.32666016 0.95996094
vt 0.0625 0.25
vt 0.25 0.25
vt 0.25 0.0625
vt 0.0625 0.0625
f 2579/2579 2580/2580 2581/2581 2582/2582
v 0.11914063 0.46875 0.95996094
v 0.11914063 0.48779297 0.95996094
v 0.11914063 0.48779297 0.93945313
v 0.11914063 0.46875 0.93945313
vt 0.0625 0.0625
vt 0.25 0.0625
vt 0.25 0.25
vt 0.0625 0.25
f 2583/2583 2584/2584 2585/2585 2586/2586
v 0.88085938 0.46875 0.93945313
v 0.88085938 0.48779297 0.93945313
v 0.88085938 0.48779297 0.95996094
v 0.88085938 0.46875 0.95996094
vt 0.0625 0.25
vt 0.25 0.25
vt 0.25 0.0625
vt 0.0625 0.0625
f 2587/2587 2588/2588 2589/2589 2590/2590
v 0.11914063 0.46875 0.93945313
v 0.88085938 0.46875 0.93945313
v 0.88085938 0.46875 0.95996094
v 0.11914063 0.46875 0.95996094
vt 0.0625 0.25
vt 0.25 0.25
vt 0.25 0.0625
vt 0.0625 0.0625
f 2591/2591 2592/2592 2593/2593 2594/2594
v 0.11914063 0.48779297 0.95996094
v 0.88085938 0.48779297 0.95996094
v 0.88085938 0.48779297 0.93945313
v 0.11914063 0.48779297 0.93945313
vt 0.0625 0.0625
vt 0.25 0.0625
vt 0.25 0.25
vt 0.0625 0.25
f 2595/2595 2596/2596 2597/2597 2598/2598
v 0.11914063 0.48779297 0.93945313
v 0.88085938 0.48779297 0.93945313
v 0.88085938 0.46875 0.93945313
v 0.11914063 0.46875 0.93945313
vt 0.0625 0.0625
vt 0.25 0.0625
vt 0.25 0.25
vt 0.0625 0.25
f 2599/2599 2600/2600 2601/2601 2602/2602
v 0.11914063 0.46875 0.95996094
v 0.88085938 0.46875 0.95996094
v 0.88085938 0.48779297 0.95996094
v 0.11914063 0.48779297 0.95996094
vt 0.0625 0.25
vt 0.25 0.25
vt 0.25 0.0625
vt 0.0625 0.0625
f 2603/2603 2604/2604 2605/2605 2606/2606
v 0.11914063 0.62988281 0.95996094
v 0.11914063 0.64892578 0.95996094
v 0.11914063 0.64892578 0.93945313
v 0.11914063 0.62988281 0.93945313
vt 0.0625 0.0625
vt 0.25 0.0625
vt 0.25 0.25
vt 0.0625 0.25
f 2607/2607 2608/2608 2609/2609 2610/2610
v 0.88085938 0.62988281 0.93945313
v 0.88085938 0.64892578 0.93945313
v 0.88085938 0.64892578 0.95996094
v 0.88085938 0.62988281 0.95996094
vt 0.0625 0.25
vt 0.25 0.25
vt 0.25 0.0625
vt 0.0625 0.0625
f 2611/2611 2612/2612 2613/2613 2614/2614
v 0.11914063 0.62988281 0.93945313
v 0.88085938 0.62988281 0.93945313
v 0.88085938 0.62988281 0.95996094
v 0.11914063 0.62988281 0.95996094
vt 0.0625 0.25
vt 0.25 0.25
vt 0.25 0.0625
vt 0.0625 0.0625
f 2615/2615 2616/2616 2617/2617 2618/2618
v 0.11914063 0.64892578 0.95996094
v 0.88085938 0.64892578 0.95996094
v 0.88085938 0.64892578 0.93945313
v 0.11914063 0.64892578 0.93945313
vt 0.0625 0.0625
vt 0.25 0.0625
vt 0.25 0.25
vt 0.0625 0.25
f 2619/2619 2620/2620 2621/2621 2622/2622
v 0.11914063 0.64892578 0.93945313
v 0.88085938 0.64892578 0.93945313
v 0.88085938 0.62988281 0.93945313
v 0.11914063 0.62988281 0.93945313
vt 0.0625 0.0625
vt 0.25 0.0625
vt 0.25 0.25
vt 0.0625 0.25
f 2623/2623 2624/2624 2625/2625 2626/2626
v 0.11914063 0.62988281 0.95996094
v 0.88085938 0.62988281 0.95996094
v 0.88085938 0.64892578 0.95996094
v 0.11914063 0.64892578 0.95996094
vt 0.0625 0.25
vt 0.25 0.25
vt 0.25 0.0625
vt 0.0625 0.0625
f 2627/2627 2628/2628 2629/2629 2630/2630
v 0.11914063 0.79101563 0.95996094
v 0.11914063 0.81005859 0.95996094
v 0.11914063 0.81005859 0.93945313
v 0.11914063 0.79101563 0.93945313
vt 0.0625 0.0625
vt 0.25 0.0625
vt 0.25 0.25
vt 0.0625 0.25
f 2631/2631 2632/2632 2633/2633 2634/2634
v 0.88085938 0.79101563 0.93945313
v 0.88085938 0.81005859 0.93945313
v 0.88085938 0.81005859 0.95996094
v 0.88085938 0.79101563 0.95996094
vt 0.0625 0.25
vt 0.25 0.25
vt 0.25 0.0625
vt 0.0625 0.0625
f 2635/2635 2636/2636 2637/2637 2638/2638
v 0.11914063 0.79101563 0.93945313
v 0.88085938 0.79101563 0.93945313
v 0.88085938 0.79101563 0.95996094
v 0.11914063 0.79101563 0.95996094
vt 0.0625 0.25
vt 0.25 0.25
vt 0.25 0.0625
vt 0.0625 0.0625
f 2639/2639 2640/2640 2641/2641 2642/2642
v 0.11914063 0.81005859 0.95996094
v 0.88085938 0.81005859 0.95996094
v 0.88085938 0.81005859 0.93945313
v 0.11914063 0.81005859 0.93945313
vt 0.0625 0.0625
vt 0.25 0.0625
vt 0.25 0.25
vt 0.0625 0.25
f 2643/2643 2644/2644 2645/2645 2646/2646
v 0.11914063 0.81005859 0.93945313
v 0.88085938 0.81005859 0.93945313
v 0.88085938 0.79101563 0.93945313
v 0.11914063 0.79101563 0.93945313
vt 0.0625 0.0625
vt 0.25 0.0625
vt 0.25 0.25
vt 0.0625 0.25
f 2647/2647 2648/2648 2649/2649 2650/2650
v 0.11914063 0.79101563 0.95996094
v 0.88085938 0.79101563 0.95996094
v 0.88085938 0.81005859 0.95996094
v 0.11914063 0.81005859 0.95996094
vt 0.0625 0.25
vt 0.25 0.25
vt 0.25 0.0625
vt 0.0625 0.0625
f 2651/2651 2652/2652 2653/2653 2654/2654
usemtl paint
v 0.265625 0.1171875 0.96289063
v 0.265625 0.84960938 0.96289063
v 0.265625 0.84960938 0.94238281
v 0.265625 0.1171875 0.94238281
vt 0 0
vt 0.0625 0
vt 0.0625 0.0625
vt 0 0.0625
f 2655/2655 2656/2656 2657/2657 2658/2658
v 0.28613281 0.1171875 0.94238281
v 0.28613281 0.84960938 0.94238281
v 0.28613281 0.84960938 0.96289063
v 0.28613281 0.1171875 0.96289063
vt 0 0.0625
vt 0.0625 0.0625
vt 0.0625 0
vt 0 0
f 2659/2659 2660/2660 2661/2661 2662/2662
v 0.265625 0.1171875 0.94238281
v 0.28613281 0.1171875 0.94238281
v 0.28613281 0.1171875 0.96289063
v 0.265625 0.1171875 0.96289063
vt 0 0.0625
vt 0.0625 0.0625
vt 0.0625 0
vt 0 0
f 2663/2663 2664/2664 2665/2665 2666/2666
v 0.265625 0.84960938 0.96289063
v 0.28613281 0.84960938 0.96289063
v 0.28613281 0.84960938 0.94238281
v 0.265625 0.84960938 0.94238281
vt 0 0
vt 0.0625 0
vt 0.0625 0.0625
vt 0 0.0625
f 2667/2667 2668/2668 2669/2669 2670/2670
v 0.265625 0.84960938 0.94238281
v 0.28613281 0.84960938 0.94238281
v 0.28613281 0.1171875 0.94238281
v 0.265625 0.1171875 0.94238281
vt 0 0
vt 0.0625 0
vt 0.0625 0.0625
vt 0 0.0625
f 2671/2671 2672/2672 2673/2673 2674/2674
v 0.265625 0.1171875 0.96289063
v 0.28613281 0.1171875 0.96289063
v 0.28613281 0.84960938 0.96289063
v 0.265625 0.84960938 0.96289063
vt 0 0.0625
vt 0.0625 0.0625
vt 0.0625 0
vt 0 0
f 2675/2675 2676/2676 2677/2677 2678/2678
v 0.48535156 0.1171875 0.96289063
v 0.48535156 0.84960938 0.96289063
v 0.48535156 0.84960938 0.94238281
v 0.48535156 0.1171875 0.94238281
vt 0 0
vt 0.0625 0
vt 0.0625 0.0625
vt 0 0.0625
f 2679/2679 2680/2680 2681/2681 2682/2682
v 0.50585938 0.1171875 0.94238281
v 0.50585938 0.84960938 0.94238281
v 0.50585938 0.84960938 0.96289063
v 0.50585938 0.1171875 0.96289063
vt 0 0.0625
vt 0.0625 0.0625
vt 0.0625 0
vt 0 0
f 2683/2683 2684/2684 2685/2685 2686/2686
v 0.48535156 0.1171875 0.94238281
v 0.50585938 0.1171875 0.94238281
v 0.50585938 0.1171875 0.96289063
v 0.48535156 0.1171875 0.96289063
vt 0 0.0625
vt 0.0625 0.0625
vt 0.0625 0
vt 0 0
f 2687/2687 2688/2688 2689/2689 2690/2690
v 0.48535156 0.84960938 0.96289063
v 0.50585938 0.84960938 0.96289063
v 0.50585938 0.84960938 0.94238281
v 0.48535156 0.84960938 0.94238281
vt 0 0
vt 0.0625 0
vt 0.0625 0.0625
vt 0 0.0625
f 2691/2691 2692/2692 2693/2693 2694/2694
v 0.48535156 0.84960938 0.94238281
v 0.50585938 0.84960938 0.94238281
v 0.50585938 0.1171875 0.94238281
v 0.48535156 0.1171875 0.94238281
vt 0 0
vt 0.0625 0
vt 0.0625 0.0625
vt 0 0.0625
f 2695/2695 2696/2696 2697/2697 2698/2698
v 0.48535156 0.1171875 0.96289063
v 0.50585938 0.1171875 0.96289063
v 0.50585938 0.84960938 0.96289063
v 0.48535156 0.84960938 0.96289063
vt 0 0.0625
vt 0.0625 0.0625
vt 0.0625 0
vt 0 0
f 2699/2699 2700/2700 2701/2701 2702/2702
v 0.70507813 0.1171875 0.96289063
v 0.70507813 0.84960938 0.96289063
v 0.70507813 0.84960938 0.94238281
v 0.70507813 0.1171875 0.94238281
vt 0 0
vt 0.0625 0
vt 0.0625 0.0625
vt 0 0.0625
f 2703/2703 2704/2704 2705/2705 2706/2706
v 0.72558594 0.1171875 0.94238281
v 0.72558594 0.84960938 0.94238281
v 0.72558594 0.84960938 0.96289063
v 0.72558594 0.1171875 0.96289063
vt 0 0.0625
vt 0.0625 0.0625
vt 0.0625 0
vt 0 0
f 2707/2707 2708/2708 2709/2709 2710/2710
v 0.70507813 0.1171875 0.94238281
v 0.72558594 0.1171875 0.94238281
v 0.72558594 0.1171875 0.96289063
v 0.70507813 0.1171875 0.96289063
vt 0 0.0625
vt 0.0625 0.0625
vt 0.0625 0
vt 0 0
f 2711/2711 2712/2712 2713/2713 2714/2714
v 0.70507813 0.84960938 0.96289063
v 0.72558594 0.84960938 0.96289063
v 0.72558594 0.84960938 0.94238281
v 0.70507813 0.84960938 0.94238281
vt 0 0
vt 0.0625 0
vt 0.0625 0.0625
vt 0 0.0625
f 2715/2715 2716/2716 2717/2717 2718/2718
v 0.70507813 0.84960938 0.94238281
v 0.72558594 0.84960938 0.94238281
v 0.72558594 0.1171875 0.94238281
v 0.70507813 0.1171875 0.94238281
vt 0 0
vt 0.0625 0
vt 0.0625 0.0625
vt 0 0.0625
f 2719/2719 2720/2720 2721/2721 2722/2722
v 0.70507813 0.1171875 0.96289063
v 0.72558594 0.1171875 0.96289063
v 0.72558594 0.84960938 0.96289063
v 0.70507813 0.84960938 0.96289063
vt 0 0.0625
vt 0.0625 0.0625
vt 0.0625 0
vt 0 0
f 2723/2723 2724/2724 2725/2725 2726/2726
usemtl body
v 0.06054688 0.05859375 0.1484375
v 0.06054688 0.234375 0.1484375
v 0.06054688 0.234375 0.03125
v 0.06054688 0.05859375 0.03125
vt 0 0
vt 1 0
vt 1 1
vt 0 1
f 2727/2727 2728/2728 2729/2729 2730/2730
v 0.11914063 0.05859375 0.03125
v 0.11914063 0.234375 0.03125
v 0.11914063 0.234375 0.1484375
v 0.11914063 0.05859375 0.1484375
vt 0 1
vt 1 1
vt 1 0
vt 0 0
f 2731/2731 2732/2732 2733/2733 2734/2734
v 0.06054688 0.05859375 0.03125
v 0.11914063 0.05859375 0.03125
v 0.11914063 0.05859375 0.1484375
v 0.06054688 0.05859375 0.1484375
vt 0 1
vt 1 1
vt 1 0
vt 0 0
f 2735/2735 2736/2736 2737/2737 2738/2738
v 0.06054688 0.234375 0.1484375
v 0.11914063 0.234375 0.1484375
v 0.11914063 0.234375 0.11914063
v 0.06054688 0.234375 0.11914063
vt 0 0
vt 1 0
vt 1 0.25
vt 0 0.25
f 2739/2739 2740/2740 2741/2741 2742/2742
v 0.06054688 0.234375 0.03125
v 0.11914063 0.234375 0.03125
v 0.11914063 0.05859375 0.03125
v 0.06054688 0.05859375 0.03125
vt 0 0
vt 1 0
vt 1 1
vt 0 1
f 2743/2743 2744/2744 2745/2745 2746/2746
v 0.06054688 0.05859375 0.1484375
v 0.11914063 0.05859375 0.1484375
v 0.11914063 0.234375 0.1484375
v 0.06054688 0.234375 0.1484375
vt 0 1
vt 1 1
vt 1 0
vt 0 0
f 2747/2747 2748/2748 2749/2749 2750/2750
v 0.88085938 0.05859375 0.1484375
v 0.88085938 0.234375 0.1484375
v 0.88085938 0.234375 0.03125
v 0.88085938 0.05859375 0.03125
vt 0 0
vt 1 0
vt 1 1
vt 0 1
f 2751/2751 2752/2752 2753/2753 2754/2754
v 0.93945313 0.05859375 0.03125
v 0.93945313 0.234375 0.03125
v 0.93945313 0.234375 0.1484375
v 0.93945313 0.05859375 0.1484375
vt 0 1
vt 1 1
vt 1 0
vt 0 0
f 2755/2755 2756/2756 2757/2757 2758/2758
v 0.88085938 0.05859375 0.03125
v 0.93945313 0.05859375 0.03125
v 0.93945313 0.05859375 0.1484375
v 0.88085938 0.05859375 0.1484375
vt 0 1
vt 1 1
vt 1 0
vt 0 0
f 2759/2759 2760/2760 2761/2761 2762/2762
v 0.88085938 0.234375 0.1484375
v 0.93945313 0.234375 0.1484375
v 0.93945313 0.234375 0.11914063
v 0.88085938 0.234375 0.11914063
vt 0 0
vt 1 0
vt 1 0.25
vt 0 0.25
f 2763/2763 2764/2764 2765/2765 2766/2766
v 0.88085938 0.234375 0.03125
v 0.93945313 0.234375 0.03125
v 0.93945313 0.05859375 0.03125
v 0.88085938 0.05859375 0.03125
vt 0 0
vt 1 0
vt 1 1
vt 0 1
f 2767/2767 2768/2768 2769/2769 2770/2770
v 0.88085938 0.05859375 0.1484375
v 0.93945313 0.05859375 0.1484375
v 0.93945313 0.234375 0.1484375
v 0.88085938 0.234375 0.1484375
vt 0 1
vt 1 1
vt 1 0
vt 0 0
f 2771/2771 2772/2772 2773/2773 2774/2774
usemtl dark
v 0.06054688 0.234375 0.11914063
v 0.06054688 0.27832031 0.11914063
v 0.06054688 0.27832031 0.03125
v 0.06054688 0.234375 0.03125
vt 0.0625 0.0625
vt 0.25 0.0625
vt 0.25 0.25
vt 0.0625 0.25
f 2775/2775 2776/2776 2777/2777 2778/2778
v 0.93945313 0.234375 0.03125
v 0.93945313 0.27832031 0.03125
v 0.93945313 0.27832031 0.11914063
v 0.93945313 0.234375 0.11914063
vt 0.0625 0.25
vt 0.25 0.25
vt 0.25 0.0625
vt 0.0625 0.0625
f 2779/2779 2780/2780 2781/2781 2782/2782
v 0.06054688 0.234375 0.03125
v 0.93945313 0.234375 0.03125
v 0.93945313 0.234375 0.11914063
v 0.06054688 0.234375 0.11914063
vt 0.0625 0.25
vt 0.25 0.25
vt 0.25 0.0625
vt 0.0625 0.0625
f 2783/2783 2784/2784 2785/2785 2786/2786
v 0.06054688 0.27832031 0.11914063
v 0.93945313 0.27832031 0.11914063
v 0.93945313 0.27832031 0.03125
v 0.06054688 0.27832031 0.03125
vt 0.0625 0.0625
vt 0.25 0.0625
vt 0.25 0.25
vt 0.0625 0.25
f 2787/2787 2788/2788 2789/2789 2790/2790
v 0.06054688 0.27832031 0.03125
v 0.93945313 0.27832031 0.03125
v 0.93945313 0.26953125 0.03125
v 0.06054688 0.26953125 0.03125
vt 0.0625 0.0625
vt 0.25 0.0625
vt 0.25 0.1
vt 0.0625 0.1
f 2791/2791 2792/2792 2793/2793 2794/2794
v 0.93945313 0.26953125 0.03125
v 0.93945313 0.234375 0.03125
v 0.88085938 0.234375 0.03125
v 0.88085938 0.26953125 0.03125
vt 0.25 0.1
vt 0.25 0.25
vt 0.2375 0.25
vt 0.2375 0.1
f 2795/2795 2796/2796 2797/2797 2798/2798
v 0.88085938 0.234375 0.03125
v 0.76367188 0.234375 0.03125
v 0.76367188 0.24023437 0.03125
v 0.88085938 0.24023437 0.03125
vt 0.2375 0.25
vt 0.2125 0.25
vt 0.2125 0.225
vt 0.2375 0.225
f 2799/2799 2800/2800 2801/2801 2802/2802
v 0.76367188 0.24023437 0.03125
v 0.76367188 0.26953125 0.03125
v 0.82226563 0.26953125 0.03125
v 0.82226563 0.24023437 0.03125
vt 0.2125 0.225
vt 0.2125 0.1
vt 0.225 0.1
vt 0.225 0.225
f 2803/2803 2804/2804 2805/2805 2806/2806
v 0.76367188 0.234375 0.03125
v 0.64648438 0.234375 0.03125
v 0.64648438 0.24023437 0.03125
v 0.76367188 0.24023437 0.03125
vt 0.2125 0.25
vt 0.1875 0.25
vt 0.1875 0.225
vt 0.2125 0.225
f 2807/2807 2808/2808 2809/2809 2810/2810
v 0.64648438 0.24023437 0.03125
v 0.64648438 0.26953125 0.03125
v 0.70507813 0.26953125 0.03125
v 0.70507813 0.24023437 0.03125
vt 0.1875 0.225
vt 0.1875 0.1
vt 0.2 0.1
vt 0.2 0.225
f 2811/2811 2812/2812 2813/2813 2814/2814
v 0.64648438 0.234375 0.03125
v 0.52929688 0.234375 0.03125
v 0.52929688 0.24023437 0.03125
v 0.64648438 0.24023437 0.03125
vt 0.1875 0.25
vt 0.1625 0.25
vt 0.1625 0.225
vt 0.1875 0.225
f 2815/2815 2816/2816 2817/2817 2818/2818
v 0.52929688 0.24023437 0.03125
v 0.52929688 0.26953125 0.03125
v 0.58789063 0.26953125 0.03125
v 0.58789063 0.24023437 0.03125
vt 0.1625 0.225
vt 0.1625 0.1
vt 0.175 0.1
vt 0.175 0.225
f 2819/2819 2820/2820 2821/2821 2822/2822
v 0.52929688 0.234375 0.03125
v 0.41210938 0.234375 0.03125
v 0.41210938 0.24023437 0.03125
v 0.52929688 0.24023437 0.03125
vt 0.1625 0.25
vt 0.1375 0.25
vt 0.1375 0.225
vt 0.1625 0.225
f 2823/2823 2824/2824 2825/2825 2826/2826
v 0.41210938 0.24023437 0.03125
v 0.41210938 0.26953125 0.03125
v 0.47070313 0.26953125 0.03125
v 0.47070313 0.24023437 0.03125
vt 0.1375 0.225
vt 0.1375 0.1
vt 0.15 0.1
vt 0.15 0.225
f 2827/2827 2828/2828 2829/2829 2830/2830
v 0.41210938 0.234375 0.03125
v 0.29492188 0.234375 0.03125
v 0.29492188 0.24023437 0.03125
v 0.41210938 0.24023437 0.03125
vt 0.1375 0.25
vt 0.1125 0.25
vt 0.1125 0.225
vt 0.1375 0.225
f 2831/2831 2832/2832 2833/2833 2834/2834
v 0.29492188 0.24023437 0.03125
v 0.29492188 0.26953125 0.03125
v 0.35351563 0.26953125 0.03125
v 0.35351563 0.24023437 0.03125
vt 0.1125 0.225
vt 0.1125 0.1
vt 0.125 0.1
vt 0.125 0.225
f 2835/2835 2836/2836 2837/2837 2838/2838
v 0.29492188 0.234375 0.03125
v 0.17773438 0.234375 0.03125
v 0.17773438 0.24023437 0.03125
v 0.29492188 0.24023437 0.03125
vt 0.1125 0.25
vt 0.0875 0.25
vt 0.0875 0.225
vt 0.1125 0.225
f 2839/2839 2840/2840 2841/2841 2842/2842
v 0.17773438 0.24023437 0.03125
v 0.17773438 0.26953125 0.03125
v 0.23632813 0.26953125 0.03125
v 0.23632813 0.24023437 0.03125
vt 0.0875 0.225
vt 0.0875 0.1
vt 0.1 0.1
vt 0.1 0.225
f 2843/2843 2844/2844 2845/2845 2846/2846
v 0.17773438 0.234375 0.03125
v 0.06054688 0.234375 0.03125
v 0.06054688 0.24023437 0.03125
v 0.17773438 0.24023437 0.03125
vt 0.0875 0.25
vt 0.0625 0.25
vt 0.0625 0.225
vt 0.0875 0.225
f 2847/2847 2848/2848 2849/2849 2850/2850
v 0.06054688 0.24023437 0.03125
v 0.06054688 0.26953125 0.03125
v 0.11914063 0.26953125 0.03125
v 0.11914063 0.24023437 0.03125
vt 0.0625 0.225
vt 0.0625 0.1
vt 0.075 0.1
vt 0.075 0.225
f 2851/2851 2852/2852 2853/2853 2854/2854
v 0.06054688 0.234375 0.11914063
v 0.93945313 0.234375 0.11914063
v 0.93945313 0.27832031 0.11914063
v 0.06054688 0.27832031 0.11914063
vt 0.0625 0.25
vt 0.25 0.25
vt 0.25 0.0625
vt 0.0625 0.0625
f 2855/2855 2856/2856 2857/2857 2858/2858
usemtl copper
v 0.11914063 0.24023437 0.03857422
v 0.11914063 0.26953125 0.03857422
v 0.11914063 0.26953125 0.03125
v 0.11914063 0.24023437 0.03125
vt 0.0625 0.4375
vt 0.25 0.4375
vt 0.25 0.5
vt 0.0625 0.5
f 2859/2859 2860/2860 2861/2861 2862/2862
v 0.17773438 0.24023437 0.03125
v 0.17773438 0.26953125 0.03125
v 0.17773438 0.26953125 0.03857422
v 0.17773438 0.24023437 0.03857422
vt 0.0625 0.5
vt 0.25 0.5
vt 0.25 0.4375
vt 0.0625 0.4375
f 2863/2863 2864/2864 2865/2865 2866/2866
v 0.11914063 0.24023437 0.03125
v 0.17773438 0.24023437 0.03125
v 0.17773438 0.24023437 0.03857422
v 0.11914063 0.24023437 0.03857422
vt 0.0625 0.5
vt 0.25 0.5
vt 0.25 0.4375
vt 0.0625 0.4375
f 2867/2867 2868/2868 2869/2869 2870/2870
v 0.11914063 0.26953125 0.03857422
v 0.17773438 0.26953125 0.03857422
v 0.17773438 0.26953125 0.03125
v 0.11914063 0.26953125 0.03125
vt 0.0625 0.4375
vt 0.25 0.4375
vt 0.25 0.5
vt 0.0625 0.5
f 2871/2871 2872/2872 2873/2873 2874/2874
v 0.11914063 0.26953125 0.03125
v 0.17773438 0.26953125 0.03125
v 0.17773438 0.24023437 0.03125
v 0.11914063 0.24023437 0.03125
vt 0.0625 0.4375
vt 0.25 0.4375
vt 0.25 0.5
vt 0.0625 0.5
f 2875/2875 2876/2876 2877/2877 2878/2878
v 0.11914063 0.24023437 0.03857422
v 0.17773438 0.24023437 0.03857422
v 0.17773438 0.26953125 0.03857422
v 0.11914063 0.26953125 0.03857422
vt 0.0625 0.5
vt 0.25 0.5
vt 0.25 0.4375
vt 0.0625 0.4375
f 2879/2879 2880/2880 2881/2881 2882/2882
v 0.23632813 0.24023437 0.03857422
v 0.23632813 0.26953125 0.03857422
v 0.23632813 0.26953125 0.03125
v 0.23632813 0.24023437 0.03125
vt 0.0625 0.4375
vt 0.25 0.4375
vt 0.25 0.5
vt 0.0625 0.5
f 2883/2883 2884/2884 2885/2885 2886/2886
v 0.29492188 0.24023437 0.03125
v 0.29492188 0.26953125 0.03125
v 0.29492188 0.26953125 0.03857422
v 0.29492188 0.24023437 0.03857422
vt 0.0625 0.5
vt 0.25 0.5
vt 0.25 0.4375
vt 0.0625 0.4375
f 2887/2887 2888/2888 2889/2889 2890/2890
v 0.23632813 0.24023437 0.03125
v 0.29492188 0.24023437 0.03125
v 0.29492188 0.24023437 0.03857422
v 0.23632813 0.24023437 0.03857422
vt 0.0625 0.5
vt 0.25 0.5
vt 0.25 0.4375
vt 0.0625 0.4375
f 2891/2891 2892/2892 2893/2893 2894/2894
v 0.23632813 0.26953125 0.03857422
v 0.29492188 0.26953125 0.03857422
v 0.29492188 0.26953125 0.03125
v 0.23632813 0.26953125 0.03125
vt 0.0625 0.4375
vt 0.25 0.4375
vt 0.25 0.5
vt 0.0625 0.5
f 2895/2895 2896/2896 2897/2897 2898/2898
v 0.23632813 0.26953125 0.03125
v 0.29492188 0.26953125 0.03125
v 0.29492188 0.24023437 0.03125
v 0.23632813 0.24023437 0.03125
vt 0.0625 0.4375
vt 0.25 0.4375
vt 0.25 0.5
vt 0.0625 0.5
f 2899/2899 2900/2900 2901/2901 2902/2902
v 0.23632813 0.24023437 0.03857422
v 0.29492188 0.24023437 0.03857422
v 0.29492188 0.26953125 0.03857422
v 0.23632813 0.26953125 0.03857422
vt 0.0625 0.5
vt 0.25 0.5
vt 0.25 0.4375
vt 0.0625 0.4375
f 2903/2903 2904/2904 2905/2905 2906/2906
v 0.35351563 0.24023437 0.03857422
v 0.35351563 0.26953125 0.03857422
v 0.35351563 0.26953125 0.03125
v 0.35351563 0.24023437 0.03125
vt 0.0625 0.4375
vt 0.25 0.4375
vt 0.25 0.5
vt 0.0625 0.5
f 2907/2907 2908/2908 2909/2909 2910/2910
v 0.41210938 0.24023437 0.03125
v 0.41210938 0.26953125 0.03125
v 0.41210938 0.26953125 0.03857422
v 0.41210938 0.24023437 0.03857422
vt 0.0625 0.5
vt 0.25 0.5
vt 0.25 0.4375
vt 0.0625 0.4375
f 2911/2911 2912/2912 2913/2913 2914/2914
v 0.35351563 0.24023437 0.03125
v 0.41210938 0.24023437 0.03125
v 0.41210938 0.24023437 0.03857422
v 0.35351563 0.24023437 0.03857422
vt 0.0625 0.5
vt 0.25 0.5
vt 0.25 0.4375
vt 0.0625 0.4375
f 2915/2915 2916/2916 2917/2917 2918/2918
v 0.35351563 0.26953125 0.03857422
v 0.41210938 0.26953125 0.03857422
v 0.41210938 0.26953125 0.03125
v 0.35351563 0.26953125 0.03125
vt 0.0625 0.4375
vt 0.25 0.4375
vt 0.25 0.5
vt 0.0625 0.5
f 2919/2919 2920/2920 2921/2921 2922/2922
v 0.35351563 0.26953125 0.03125
v 0.41210938 0.26953125 0.03125
v 0.41210938 0.24023437 0.03125
v 0.35351563 0.24023437 0.03125
vt 0.0625 0.4375
vt 0.25 0.4375
vt 0.25 0.5
vt 0.0625 0.5
f 2923/2923 2924/2924 2925/2925 2926/2926
v 0.35351563 0.24023437 0.03857422
v 0.41210938 0.24023437 0.03857422
v 0.41210938 0.26953125 0.03857422
v 0.35351563 0.26953125 0.03857422
vt 0.0625 0.5
vt 0.25 0.5
vt 0.25 0.4375
vt 0.0625 0.4375
f 2927/2927 2928/2928 2929/2929 2930/2930
v 0.47070313 0.24023437 0.03857422
v 0.47070313 0.26953125 0.03857422
v 0.47070313 0.26953125 0.03125
v 0.47070313 0.24023437 0.03125
vt 0.0625 0.4375
vt 0.25 0.4375
vt 0.25 0.5
vt 0.0625 0.5
f 2931/2931 2932/2932 2933/2933 2934/2934
v 0.52929688 0.24023437 0.03125
v 0.52929688 0.26953125 0.03125
v 0.52929688 0.26953125 0.03857422
v 0.52929688 0.24023437 0.03857422
vt 0.0625 0.5
vt 0.25 0.5
vt 0.25 0.4375
vt 0.0625 0.4375
f 2935/2935 2936/2936 2937/2937 2938/2938
v 0.47070313 0.24023437 0.03125
v 0.52929688 0.24023437 0.03125
v 0.52929688 0.24023437 0.03857422
v 0.47070313 0.24023437 0.03857422
vt 0.0625 0.5
vt 0.25 0.5
vt 0.25 0.4375
vt 0.0625 0.4375
f 2939/2939 2940/2940 2941/2941 2942/2942
v 0.47070313 0.26953125 0.03857422
v 0.52929688 0.26953125 0.03857422
v 0.52929688 0.26953125 0.03125
v 0.47070313 0.26953125 0.03125
vt 0.0625 0.4375
vt 0.25 0.4375
vt 0.25 0.5
vt 0.0625 0.5
f 2943/2943 2944/2944 2945/2945 2946/2946
v 0.47070313 0.26953125 0.03125
v 0.52929688 0.26953125 0.03125
v 0.52929688 0.24023437 0.03125
v 0.47070313 0.24023437 0.03125
vt 0.0625 0.4375
vt 0.25 0.4375
vt 0.25 0.5
vt 0.0625 0.5
f 2947/2947 2948/2948 2949/2949 2950/2950
v 0.47070313 0.24023437 0.03857422
v 0.52929688 0.24023437 0.03857422
v 0.52929688 0.26953125 0.03857422
v 0.47070313 0.26953125 0.03857422
vt 0.0625 0.5
vt 0.25 0.5
vt 0.25 0.4375
vt 0.0625 0.4375
f 2951/2951 2952/2952 2953/2953 2954/2954
v 0.58789063 0.24023437 0.03857422
v 0.58789063 0.26953125 0.03857422
v 0.58789063 0.26953125 0.03125
v 0.58789063 0.24023437 0.03125
vt 0.0625 0.4375
vt 0.25 0.4375
vt 0.25 0.5
vt 0.0625 0.5
f 2955/2955 2956/2956 2957/2957 2958/2958
v 0.64648438 0.24023437 0.03125
v 0.64648438 0.26953125 0.03125
v 0.64648438 0.26953125 0.03857422
v 0.64648438 0.24023437 0.03857422
vt 0.0625 0.5
vt 0.25 0.5
vt 0.25 0.4375
vt 0.0625 0.4375
f 2959/2959 2960/2960 2961/2961 2962/2962
v 0.58789063 0.24023437 0.03125
v 0.64648438 0.24023437 0.03125
v 0.64648438 0.24023437 0.03857422
v 0.58789063 0.24023437 0.03857422
vt 0.0625 0.5
vt 0.25 0.5
vt 0.25 0.4375
vt 0.0625 0.4375
f 2963/2963 2964/2964 2965/2965 2966/2966
v 0.58789063 0.26953125 0.03857422
v 0.64648438 0.26953125 0.03857422
v 0.64648438 0.26953125 0.03125
v 0.58789063 0.26953125 0.03125
vt 0.0625 0.4375
vt 0.25 0.4375
vt 0.25 0.5
vt 0.0625 0.5
f 2967/2967 2968/2968 2969/2969 2970/2970
v 0.58789063 0.26953125 0.03125
v 0.64648438 0.26953125 0.03125
v 0.64648438 0.24023437 0.03125
v 0.58789063 0.24023437 0.03125
vt 0.0625 0.4375
vt 0.25 0.4375
vt 0.25 0.5
vt 0.0625 0.5
f 2971/2971 2972/2972 2973/2973 2974/2974
v 0.58789063 0.24023437 0.03857422
v 0.64648438 0.24023437 0.03857422
v 0.64648438 0.26953125 0.03857422
v 0.58789063 0.26953125 0.03857422
vt 0.0625 0.5
vt 0.25 0.5
vt 0.25 0.4375
vt 0.0625 0.4375
f 2975/2975 2976/2976 2977/2977 2978/2978
v 0.70507813 0.24023437 0.03857422
v 0.70507813 0.26953125 0.03857422
v 0.70507813 0.26953125 0.03125
v 0.70507813 0.24023437 0.03125
vt 0.0625 0.4375
vt 0.25 0.4375
vt 0.25 0.5
vt 0.0625 0.5
f 2979/2979 2980/2980 2981/2981 2982/2982
v 0.76367188 0.24023437 0.03125
v 0.76367188 0.26953125 0.03125
v 0.76367188 0.26953125 0.03857422
v 0.76367188 0.24023437 0.03857422
vt 0.0625 0.5
vt 0.25 0.5
vt 0.25 0.4375
vt 0.0625 0.4375
f 2983/2983 2984/2984 2985/2985 2986/2986
v 0.70507813 0.24023437 0.03125
v 0.76367188 0.24023437 0.03125
v 0.76367188 0.24023437 0.03857422
v 0.70507813 0.24023437 0.03857422
vt 0.0625 0.5
vt 0.25 0.5
vt 0.25 0.4375
vt 0.0625 0.4375
f 2987/2987 2988/2988 2989/2989 2990/2990
v 0.70507813 0.26953125 0.03857422
v 0.76367188 0.26953125 0.03857422
v 0.76367188 0.26953125 0.03125
v 0.70507813 0.26953125 0.03125
vt 0.0625 0.4375
vt 0.25 0.4375
vt 0.25 0.5
vt 0.0625 0.5
f 2991/2991 2992/2992 2993/2993 2994/2994
v 0.70507813 0.26953125 0.03125
v 0.76367188 0.26953125 0.03125
v 0.76367188 0.24023437 0.03125
v 0.70507813 0.24023437 0.03125
vt 0.0625 0.4375
vt 0.25 0.4375
vt 0.25 0.5
vt 0.0625 0.5
f 2995/2995 2996/2996 2997/2997 2998/2998
v 0.70507813 0.24023437 0.03857422
v 0.76367188 0.24023437 0.03857422
v 0.76367188 0.26953125 0.03857422
v 0.70507813 0.26953125 0.03857422
vt 0.0625 0.5
vt 0.25 0.5
vt 0.25 0.4375
vt 0.0625 0.4375
f 2999/2999 3000/3000 3001/3001 3002/3002
v 0.82226563 0.24023437 0.03857422
v 0.82226563 0.26953125 0.03857422
v 0.82226563 0.26953125 0.03125
v 0.82226563 0.24023437 0.03125
vt 0.0625 0.4375
vt 0.25 0.4375
vt 0.25 0.5
vt 0.0625 0.5
f 3003/3003 3004/3004 3005/3005 3006/3006
v 0.88085938 0.24023437 0.03125
v 0.88085938 0.26953125 0.03125
v 0.88085938 0.26953125 0.03857422
v 0.88085938 0.24023437 0.03857422
vt 0.0625 0.5
vt 0.25 0.5
vt 0.25 0.4375
vt 0.0625 0.4375
f 3007/3007 3008/3008 3009/3009 3010/3010
v 0.82226563 0.24023437 0.03125
v 0.88085938 0.24023437 0.03125
v 0.88085938 0.24023437 0.03857422
v 0.82226563 0.24023437 0.03857422
vt 0.0625 0.5
vt 0.25 0.5
vt 0.25 0.4375
vt 0.0625 0.4375
f 3011/3011 3012/3012 3013/3013 3014/3014
v 0.82226563 0.26953125 0.03857422
v 0.88085938 0.26953125 0.03857422
v 0.88085938 0.26953125 0.03125
v 0.82226563 0.26953125 0.03125
vt 0.0625 0.4375
vt 0.25 0.4375
vt 0.25 0.5
vt 0.0625 0.5
f 3015/3015 3016/3016 3017/3017 3018/3018
v 0.82226563 0.26953125 0.03125
v 0.88085938 0.26953125 0.03125
v 0.88085938 0.24023437 0.03125
v 0.82226563 0.24023437 0.03125
vt 0.0625 0.4375
vt 0.25 0.4375
vt 0.25 0.5
vt 0.0625 0.5
f 3019/3019 3020/3020 3021/3021 3022/3022
v 0.82226563 0.24023437 0.03857422
v 0.88085938 0.24023437 0.03857422
v 0.88085938 0.26953125 0.03857422
v 0.82226563 0.26953125 0.03857422
vt 0.0625 0.5
vt 0.25 0.5
vt 0.25 0.4375
vt 0.0625 0.4375
f 3023/3023 3024/3024 3025/3025 3026/3026
usemtl body
v 0.36091869 0.87890625 0.82966869
v 0.36091869 0.8203125 0.82966869
v 0.40039063 0.8203125 0.734375
v 0.40039063 0.87890625 0.734375
vt 1 0.5
vt 1 1
vt 0 1
vt 0 0.5
f 3027/3027 3028/3028 3029/3029 3030/3030
v 0.36091869 0.9140625 0.82966869
v 0.36091869 0.89941406 0.82966869
v 0.40039063 0.89941406 0.734375
v 0.40039063 0.9140625 0.734375
vt 1 0.2
vt 1 0.325
vt 0 0.325
vt 0 0.2
f 3031/3031 3032/3032 3033/3033 3034/3034
v 0.265625 0.87890625 0.86914063
v 0.265625 0.8203125 0.86914063
v 0.36091869 0.8203125 0.82966869
v 0.36091869 0.87890625 0.82966869
vt 1 0.5
vt 1 1
vt 0 1
vt 0 0.5
f 3035/3035 3036/3036 3037/3037 3038/3038
v 0.265625 0.9140625 0.86914063
v 0.265625 0.89941406 0.86914063
v 0.36091869 0.89941406 0.82966869
v 0.36091869 0.9140625 0.82966869
vt 1 0.2
vt 1 0.325
vt 0 0.325
vt 0 0.2
f 3039/3039 3040/3040 3041/3041 3042/3042
v 0.17033131 0.87890625 0.82966869
v 0.17033131 0.8203125 0.82966869
v 0.265625 0.8203125 0.86914063
v 0.265625 0.87890625 0.86914063
vt 1 0.5
vt 1 1
vt 0 1
vt 0 0.5
f 3043/3043 3044/3044 3045/3045 3046/3046
v 0.17033131 0.9140625 0.82966869
v 0.17033131 0.89941406 0.82966869
v 0.265625 0.89941406 0.86914063
v 0.265625 0.9140625 0.86914063
vt 1 0.2
vt 1 0.325
vt 0 0.325
vt 0 0.2
f 3047/3047 3048/3048 3049/3049 3050/3050
v 0.13085938 0.87890625 0.734375
v 0.13085938 0.8203125 0.734375
v 0.17033131 0.8203125 0.82966869
v 0.17033131 0.87890625 0.82966869
vt 1 0.5
vt 1 1
vt 0 1
vt 0 0.5
f 3051/3051 3052/3052 3053/3053 3054/3054
v 0.13085938 0.9140625 0.734375
v 0.13085938 0.89941406 0.734375
v 0.17033131 0.89941406 0.82966869
v 0.17033131 0.9140625 0.82966869
vt 1 0.2
vt 1 0.325
vt 0 0.325
vt 0 0.2
f 3055/3055 3056/3056 3057/3057 3058/3058
v 0.17033131 0.87890625 0.63908131
v 0.17033131 0.8203125 0.63908131
v 0.13085938 0.8203125 0.734375
v 0.13085938 0.87890625 0.734375
vt 1 0.5
vt 1 1
vt 0 1
vt 0 0.5
f 3059/3059 3060/3060 3061/3061 3062/3062
v 0.17033131 0.9140625 0.63908131
v 0.17033131 0.89941406 0.63908131
v 0.13085938 0.89941406 0.734375
v 0.13085938 0.9140625 0.734375
vt 1 0.2
vt 1 0.325
vt 0 0.325
vt 0 0.2
f 3063/3063 3064/3064 3065/3065 3066/3066
v 0.265625 0.87890625 0.59960938
v 0.265625 0.8203125 0.59960938
v 0.17033131 0.8203125 0.63908131
v 0.17033131 0.87890625 0.63908131
vt 1 0.5
vt 1 1
vt 0 1
vt 0 0.5
f 3067/3067 3068/3068 3069/3069 3070/3070
v 0.265625 0.9140625 0.59960938
v 0.265625 0.89941406 0.59960938
v 0.17033131 0.89941406 0.63908131
v 0.17033131 0.9140625 0.63908131
vt 1 0.2
vt 1 0.325
vt 0 0.325
vt 0 0.2
f 3071/3071 3072/3072 3073/3073 3074/3074
v 0.36091869 0.87890625 0.63908131
v 0.36091869 0.8203125 0.63908131
v 0.265625 0.8203125 0.59960938
v 0.265625 0.87890625 0.59960938
vt 1 0.5
vt 1 1
vt 0 1
vt 0 0.5
f 3075/3075 3076/3076 3077/3077 3078/3078
v 0.36091869 0.9140625 0.63908131
v 0.36091869 0.89941406 0.63908131
v 0.265625 0.89941406 0.59960938
v 0.265625 0.9140625 0.59960938
vt 1 0.2
vt 1 0.325
vt 0 0.325
vt 0 0.2
f 3079/3079 3080/3080 3081/3081 3082/3082
v 0.40039063 0.87890625 0.734375
v 0.40039063 0.8203125 0.734375
v 0.36091869 0.8203125 0.63908131
v 0.36091869 0.87890625 0.63908131
vt 1 0.5
vt 1 1
vt 0 1
vt 0 0.5
f 3083/3083 3084/3084 3085/3085 3086/3086
v 0.40039063 0.9140625 0.734375
v 0.40039063 0.89941406 0.734375
v 0.36091869 0.89941406 0.63908131
v 0.36091869 0.9140625 0.63908131
vt 1 0.2
vt 1 0.325
vt 0 0.325
vt 0 0.2
f 3087/3087 3088/3088 3089/3089 3090/3090
usemtl copper
v 0.42089844 0.89941406 0.734375
v 0.3754199 0.89941406 0.8441699
v 0.3754199 0.87890625 0.8441699
v 0.42089844 0.87890625 0.734375
vt 0.0625 0.4375
vt 0.25 0.4375
vt 0.25 0.5
vt 0.0625 0.5
f 3091/3091 3092/3092 3093/3093 3094/3094
v 0.3754199 0.89941406 0.8441699
v 0.265625 0.89941406 0.88964844
v 0.265625 0.87890625 0.88964844
v 0.3754199 0.87890625 0.8441699
vt 0.0625 0.4375
vt 0.25 0.4375
vt 0.25 0.5
vt 0.0625 0.5
f 3095/3095 3096/3096 3097/3097 3098/3098
v 0.265625 0.89941406 0.88964844
v 0.1558301 0.89941406 0.8441699
v 0.1558301 0.87890625 0.8441699
v 0.265625 0.87890625 0.88964844
vt 0.0625 0.4375
vt 0.25 0.4375
vt 0.25 0.5
vt 0.0625 0.5
f 3099/3099 3100/3100 3101/3101 3102/3102
v 0.1558301 0.89941406 0.8441699
v 0.11035156 0.89941406 0.734375
v 0.11035156 0.87890625 0.734375
v 0.1558301 0.87890625 0.8441699
vt 0.0625 0.4375
vt 0.25 0.4375
vt 0.25 0.5
vt 0.0625 0.5
f 3103/3103 3104/3104 3105/3105 3106/3106
v 0.11035156 0.89941406 0.734375
v 0.1558301 0.89941406 0.6245801
v 0.1558301 0.87890625 0.6245801
v 0.11035156 0.87890625 0.734375
vt 0.0625 0.4375
vt 0.25 0.4375
vt 0.25 0.5
vt 0.0625 0.5
f 3107/3107 3108/3108 3109/3109 3110/3110
v 0.1558301 0.89941406 0.6245801
v 0.265625 0.89941406 0.57910156
v 0.265625 0.87890625 0.57910156
v 0.1558301 0.87890625 0.6245801
vt 0.0625 0.4375
vt 0.25 0.4375
vt 0.25 0.5
vt 0.0625 0.5
f 3111/3111 3112/3112 3113/3113 3114/3114
v 0.265625 0.89941406 0.57910156
v 0.3754199 0.89941406 0.6245801
v 0.3754199 0.87890625 0.6245801
v 0.265625 0.87890625 0.57910156
vt 0.0625 0.4375
vt 0.25 0.4375
vt 0.25 0.5
vt 0.0625 0.5
f 3115/3115 3116/3116 3117/3117 3118/3118
v 0.3754199 0.89941406 0.6245801
v 0.42089844 0.89941406 0.734375
v 0.42089844 0.87890625 0.734375
v 0.3754199 0.87890625 0.6245801
vt 0.0625 0.4375
vt 0.25 0.4375
vt 0.25 0.5
vt 0.0625 0.5
f 3119/3119 3120/3120 3121/3121 3122/3122
v 0.40039063 0.89941406 0.734375
v 0.36091869 0.89941406 0.82966869
v 0.3754199 0.89941406 0.8441699
v 0.42089844 0.89941406 0.734375
vt 0.0625 0.4375
vt 0.25 0.4375
vt 0.25 0.5
vt 0.0625 0.5
f 3123/3123 3124/3124 3125/3125 3126/3126
v 0.36091869 0.89941406 0.82966869
v 0.265625 0.89941406 0.86914063
v 0.265625 0.89941406 0.88964844
v 0.3754199 0.89941406 0.8441699
vt 0.0625 0.4375
vt 0.25 0.4375
vt 0.25 0.5
vt 0.0625 0.5
f 3127/3127 3128/3128 3129/3129 3130/3130
v 0.265625 0.89941406 0.86914063
v 0.17033131 0.89941406 0.82966869
v 0.1558301 0.89941406 0.8441699
v 0.265625 0.89941406 0.88964844
vt 0.0625 0.4375
vt 0.25 0.4375
vt 0.25 0.5
vt 0.0625 0.5
f 3131/3131 3132/3132 3133/3133 3134/3134
v 0.17033131 0.89941406 0.82966869
v 0.13085938 0.89941406 0.734375
v 0.11035156 0.89941406 0.734375
v 0.1558301 0.89941406 0.8441699
vt 0.0625 0.4375
vt 0.25 0.4375
vt 0.25 0.5
vt 0.0625 0.5
f 3135/3135 3136/3136 3137/3137 3138/3138
v 0.13085938 0.89941406 0.734375
v 0.17033131 0.89941406 0.63908131
v 0.1558301 0.89941406 0.6245801
v 0.11035156 0.89941406 0.734375
vt 0.0625 0.4375
vt 0.25 0.4375
vt 0.25 0.5
vt 0.0625 0.5
f 3139/3139 3140/3140 3141/3141 3142/3142
v 0.17033131 0.89941406 0.63908131
v 0.265625 0.89941406 0.59960938
v 0.265625 0.89941406 0.57910156
v 0.1558301 0.89941406 0.6245801
vt 0.0625 0.4375
vt 0.25 0.4375
vt 0.25 0.5
vt 0.0625 0.5
f 3143/3143 3144/3144 3145/3145 3146/3146
v 0.265625 0.89941406 0.59960938
v 0.36091869 0.89941406 0.63908131
v 0.3754199 0.89941406 0.6245801
v 0.265625 0.89941406 0.57910156
vt 0.0625 0.4375
vt 0.25 0.4375
vt 0.25 0.5
vt 0.0625 0.5
f 3147/3147 3148/3148 3149/3149 3150/3150
v 0.36091869 0.89941406 0.63908131
v 0.40039063 0.89941406 0.734375
v 0.42089844 0.89941406 0.734375
v 0.3754199 0.89941406 0.6245801
vt 0.0625 0.4375
vt 0.25 0.4375
vt 0.25 0.5
vt 0.0625 0.5
f 3151/3151 3152/3152 3153/3153 3154/3154
v 0.40039063 0.87890625 0.734375
v 0.36091869 0.87890625 0.82966869
v 0.36091869 0.89941406 0.82966869
v 0.40039063 0.89941406 0.734375
vt 0.0625 0.4375
vt 0.25 0.4375
vt 0.25 0.5
vt 0.0625 0.5
f 3155/3155 3156/3156 3157/3157 3158/3158
v 0.36091869 0.87890625 0.82966869
v 0.265625 0.87890625 0.86914063
v 0.265625 0.89941406 0.86914063
v 0.36091869 0.89941406 0.82966869
vt 0.0625 0.4375
vt 0.25 0.4375
vt 0.25 0.5
vt 0.0625 0.5
f 3159/3159 3160/3160 3161/3161 3162/3162
v 0.265625 0.87890625 0.86914063
v 0.17033131 0.87890625 0.82966869
v 0.17033131 0.89941406 0.82966869
v 0.265625 0.89941406 0.86914063
vt 0.0625 0.4375
vt 0.25 0.4375
vt 0.25 0.5
vt 0.0625 0.5
f 3163/3163 3164/3164 3165/3165 3166/3166
v 0.17033131 0.87890625 0.82966869
v 0.13085938 0.87890625 0.734375
v 0.13085938 0.89941406 0.734375
v 0.17033131 0.89941406 0.82966869
vt 0.0625 0.4375
vt 0.25 0.4375
vt 0.25 0.5
vt 0.0625 0.5
f 3167/3167 3168/3168 3169/3169 3170/3170
v 0.13085938 0.87890625 0.734375
v 0.17033131 0.87890625 0.63908131
v 0.17033131 0.89941406 0.63908131
v 0.13085938 0.89941406 0.734375
vt 0.0625 0.4375
vt 0.25 0.4375
vt 0.25 0.5
vt 0.0625 0.5
f 3171/3171 3172/3172 3173/3173 3174/3174
v 0.17033131 0.87890625 0.63908131
v 0.265625 0.87890625 0.59960938
v 0.265625 0.89941406 0.59960938
v 0.17033131 0.89941406 0.63908131
vt 0.0625 0.4375
vt 0.25 0.4375
vt 0.25 0.5
vt 0.0625 0.5
f 3175/3175 3176/3176 3177/3177 3178/3178
v 0.265625 0.87890625 0.59960938
v 0.36091869 0.87890625 0.63908131
v 0.36091869 0.89941406 0.63908131
v 0.265625 0.89941406 0.59960938
vt 0.0625 0.4375
vt 0.25 0.4375
vt 0.25 0.5
vt 0.0625 0.5
f 3179/3179 3180/3180 3181/3181 3182/3182
v 0.36091869 0.87890625 0.63908131
v 0.40039063 0.87890625 0.734375
v 0.40039063 0.89941406 0.734375
v 0.36091869 0.89941406 0.63908131
vt 0.0625 0.4375
vt 0.25 0.4375
vt 0.25 0.5
vt 0.0625 0.5
f 3183/3183 3184/3184 3185/3185 3186/3186
v 0.42089844 0.87890625 0.734375
v 0.3754199 0.87890625 0.8441699
v 0.36091869 0.87890625 0.82966869
v 0.40039063 0.87890625 0.734375
vt 0.0625 0.4375
vt 0.25 0.4375
vt 0.25 0.5
vt 0.0625 0.5
f 3187/3187 3188/3188 3189/3189 3190/3190
v 0.3754199 0.87890625 0.8441699
v 0.265625 0.87890625 0.88964844
v 0.265625 0.87890625 0.86914063
v 0.36091869 0.87890625 0.82966869
vt 0.0625 0.4375
vt 0.25 0.4375
vt 0.25 0.5
vt 0.0625 0.5
f 3191/3191 3192/3192 3193/3193 3194/3194
v 0.265625 0.87890625 0.88964844
v 0.1558301 0.87890625 0.8441699
v 0.17033131 0.87890625 0.82966869
v 0.265625 0.87890625 0.86914063
vt 0.0625 0.4375
vt 0.25 0.4375
vt 0.25 0.5
vt 0.0625 0.5
f 3195/3195 3196/3196 3197/3197 3198/3198
v 0.1558301 0.87890625 0.8441699
v 0.11035156 0.87890625 0.734375
v 0.13085938 0.87890625 0.734375
v 0.17033131 0.87890625 0.82966869
vt 0.0625 0.4375
vt 0.25 0.4375
vt 0.25 0.5
vt 0.0625 0.5
f 3199/3199 3200/3200 3201/3201 3202/3202
v 0.11035156 0.87890625 0.734375
v 0.1558301 0.87890625 0.6245801
v 0.17033131 0.87890625 0.63908131
v 0.13085938 0.87890625 0.734375
vt 0.0625 0.4375
vt 0.25 0.4375
vt 0.25 0.5
vt 0.0625 0.5
f 3203/3203 3204/3204 3205/3205 3206/3206
v 0.1558301 0.87890625 0.6245801
v 0.265625 0.87890625 0.57910156
v 0.265625 0.87890625 0.59960938
v 0.17033131 0.87890625 0.63908131
vt 0.0625 0.4375
vt 0.25 0.4375
vt 0.25 0.5
vt 0.0625 0.5
f 3207/3207 3208/3208 3209/3209 3210/3210
v 0.265625 0.87890625 0.57910156
v 0.3754199 0.87890625 0.6245801
v 0.36091869 0.87890625 0.63908131
v 0.265625 0.87890625 0.59960938
vt 0.0625 0.4375
vt 0.25 0.4375
vt 0.25 0.5
vt 0.0625 0.5
f 3211/3211 3212/3212 3213/3213 3214/3214
v 0.3754199 0.87890625 0.6245801
v 0.42089844 0.87890625 0.734375
v 0.40039063 0.87890625 0.734375
v 0.36091869 0.87890625 0.63908131
vt 0.0625 0.4375
vt 0.25 0.4375
vt 0.25 0.5
vt 0.0625 0.5
f 3215/3215 3216/3216 3217/3217 3218/3218
usemtl paint
v 0.46484375 0.9375 0.734375
v 0.40649393 0.9375 0.87524393
v 0.40649393 0.9140625 0.87524393
v 0.46484375 0.9140625 0.734375
vt 0 0
vt 0.0625 0
vt 0.0625 0.0625
vt 0 0.0625
f 3219/3219 3220/3220 3221/3221 3222/3222
v 0.40649393 0.9375 0.87524393
v 0.265625 0.9375 0.93359375
v 0.265625 0.9140625 0.93359375
v 0.40649393 0.9140625 0.87524393
vt 0 0
vt 0.0625 0
vt 0.0625 0.0625
vt 0 0.0625
f 3223/3223 3224/3224 3225/3225 3226/3226
v 0.265625 0.9375 0.93359375
v 0.12475607 0.9375 0.87524393
v 0.12475607 0.9140625 0.87524393
v 0.265625 0.9140625 0.93359375
vt 0 0
vt 0.0625 0
vt 0.0625 0.0625
vt 0 0.0625
f 3227/3227 3228/3228 3229/3229 3230/3230
v 0.12475607 0.9375 0.87524393
v 0.06640625 0.9375 0.734375
v 0.06640625 0.9140625 0.734375
v 0.12475607 0.9140625 0.87524393
vt 0 0
vt 0.0625 0
vt 0.0625 0.0625
vt 0 0.0625
f 3231/3231 3232/3232 3233/3233 3234/3234
v 0.06640625 0.9375 0.734375
v 0.12475607 0.9375 0.59350607
v 0.12475607 0.9140625 0.59350607
v 0.06640625 0.9140625 0.734375
vt 0 0
vt 0.0625 0
vt 0.0625 0.0625
vt 0 0.0625
f 3235/3235 3236/3236 3237/3237 3238/3238
v 0.12475607 0.9375 0.59350607
v 0.265625 0.9375 0.53515625
v 0.265625 0.9140625 0.53515625
v 0.12475607 0.9140625 0.59350607
vt 0 0
vt 0.0625 0
vt 0.0625 0.0625
vt 0 0.0625
f 3239/3239 3240/3240 3241/3241 3242/3242
v 0.265625 0.9375 0.53515625
v 0.40649393 0.9375 0.59350607
v 0.40649393 0.9140625 0.59350607
v 0.265625 0.9140625 0.53515625
vt 0 0
vt 0.0625 0
vt 0.0625 0.0625
vt 0 0.0625
f 3243/3243 3244/3244 3245/3245 3246/3246
v 0.40649393 0.9375 0.59350607
v 0.46484375 0.9375 0.734375
v 0.46484375 0.9140625 0.734375
v 0.40649393 0.9140625 0.59350607
vt 0 0
vt 0.0625 0
vt 0.0625 0.0625
vt 0 0.0625
f 3247/3247 3248/3248 3249/3249 3250/3250
v 0.40039063 0.9375 0.734375
v 0.36091869 0.9375 0.82966869
v 0.40649393 0.9375 0.87524393
v 0.46484375 0.9375 0.734375
vt 0 0
vt 0.0625 0
vt 0.0625 0.0625
vt 0 0.0625
f 3251/3251 3252/3252 3253/3253 3254/3254
v 0.36091869 0.9375 0.82966869
v 0.265625 0.9375 0.86914063
v 0.265625 0.9375 0.93359375
v 0.40649393 0.9375 0.87524393
vt 0 0
vt 0.0625 0
vt 0.0625 0.0625
vt 0 0.0625
f 3255/3255 3256/3256 3257/3257 3258/3258
v 0.265625 0.9375 0.86914063
v 0.17033131 0.9375 0.82966869
v 0.12475607 0.9375 0.87524393
v 0.265625 0.9375 0.93359375
vt 0 0
vt 0.0625 0
vt 0.0625 0.0625
vt 0 0.0625
f 3259/3259 3260/3260 3261/3261 3262/3262
v 0.17033131 0.9375 0.82966869
v 0.13085938 0.9375 0.734375
v 0.06640625 0.9375 0.734375
v 0.12475607 0.9375 0.87524393
vt 0 0
vt 0.0625 0
vt 0.0625 0.0625
vt 0 0.0625
f 3263/3263 3264/3264 3265/3265 3266/3266
v 0.13085938 0.9375 0.734375
v 0.17033131 0.9375 0.63908131
v 0.12475607 0.9375 0.59350607
v 0.06640625 0.9375 0.734375
vt 0 0
vt 0.0625 0
vt 0.0625 0.0625
vt 0 0.0625
f 3267/3267 3268/3268 3269/3269 3270/3270
v 0.17033131 0.9375 0.63908131
v 0.265625 0.9375 0.59960938
v 0.265625 0.9375 0.53515625
v 0.12475607 0.9375 0.59350607
vt 0 0
vt 0.0625 0
vt 0.0625 0.0625
vt 0 0.0625
f 3271/3271 3272/3272 3273/3273 3274/3274
v 0.265625 0.9375 0.59960938
v 0.36091869 0.9375 0.63908131
v 0.40649393 0.9375 0.59350607
v 0.265625 0.9375 0.53515625
vt 0 0
vt 0.0625 0
vt 0.0625 0.0625
vt 0 0.0625
f 3275/3275 3276/3276 3277/3277 3278/3278
v 0.36091869 0.9375 0.63908131
v 0.40039063 0.9375 0.734375
v 0.46484375 0.9375 0.734375
v 0.40649393 0.9375 0.59350607
vt 0 0
vt 0.0625 0
vt 0.0625 0.0625
vt 0 0.0625
f 3279/3279 3280/3280 3281/3281 3282/3282
v 0.40039063 0.9140625 0.734375
v 0.36091869 0.9140625 0.82966869
v 0.36091869 0.9375 0.82966869
v 0.40039063 0.9375 0.734375
vt 0 0
vt 0.0625 0
vt 0.0625 0.0625
vt 0 0.0625
f 3283/3283 3284/3284 3285/3285 3286/3286
v 0.36091869 0.9140625 0.82966869
v 0.265625 0.9140625 0.86914063
v 0.265625 0.9375 0.86914063
v 0.36091869 0.9375 0.82966869
vt 0 0
vt 0.0625 0
vt 0.0625 0.0625
vt 0 0.0625
f 3287/3287 3288/3288 3289/3289 3290/3290
v 0.265625 0.9140625 0.86914063
v 0.17033131 0.9140625 0.82966869
v 0.17033131 0.9375 0.82966869
v 0.265625 0.9375 0.86914063
vt 0 0
vt 0.0625 0
vt 0.0625 0.0625
vt 0 0.0625
f 3291/3291 3292/3292 3293/3293 3294/3294
v 0.17033131 0.9140625 0.82966869
v 0.13085938 0.9140625 0.734375
v 0.13085938 0.9375 0.734375
v 0.17033131 0.9375 0.82966869
vt 0 0
vt 0.0625 0
vt 0.0625 0.0625
vt 0 0.0625
f 3295/3295 3296/3296 3297/3297 3298/3298
v 0.13085938 0.9140625 0.734375
v 0.17033131 0.9140625 0.63908131
v 0.17033131 0.9375 0.63908131
v 0.13085938 0.9375 0.734375
vt 0 0
vt 0.0625 0
vt 0.0625 0.0625
vt 0 0.0625
f 3299/3299 3300/3300 3301/3301 3302/3302
v 0.17033131 0.9140625 0.63908131
v 0.265625 0.9140625 0.59960938
v 0.265625 0.9375 0.59960938
v 0.17033131 0.9375 0.63908131
vt 0 0
vt 0.0625 0
vt 0.0625 0.0625
vt 0 0.0625
f 3303/3303 3304/3304 3305/3305 3306/3306
v 0.265625 0.9140625 0.59960938
v 0.36091869 0.9140625 0.63908131
v 0.36091869 0.9375 0.63908131
v 0.265625 0.9375 0.59960938
vt 0 0
vt 0.0625 0
vt 0.0625 0.0625
vt 0 0.0625
f 3307/3307 3308/3308 3309/3309 3310/3310
v 0.36091869 0.9140625 0.63908131
v 0.40039063 0.9140625 0.734375
v 0.40039063 0.9375 0.734375
v 0.36091869 0.9375 0.63908131
vt 0 0
vt 0.0625 0
vt 0.0625 0.0625
vt 0 0.0625
f 3311/3311 3312/3312 3313/3313 3314/3314
v 0.46484375 0.9140625 0.734375
v 0.40649393 0.9140625 0.87524393
v 0.36091869 0.9140625 0.82966869
v 0.40039063 0.9140625 0.734375
vt 0 0
vt 0.0625 0
vt 0.0625 0.0625
vt 0 0.0625
f 3315/3315 3316/3316 3317/3317 3318/3318
v 0.40649393 0.9140625 0.87524393
v 0.265625 0.9140625 0.93359375
v 0.265625 0.9140625 0.86914063
v 0.36091869 0.9140625 0.82966869
vt 0 0
vt 0.0625 0
vt 0.0625 0.0625
vt 0 0.0625
f 3319/3319 3320/3320 3321/3321 3322/3322
v 0.265625 0.9140625 0.93359375
v 0.12475607 0.9140625 0.87524393
v 0.17033131 0.9140625 0.82966869
v 0.265625 0.9140625 0.86914063
vt 0 0
vt 0.0625 0
vt 0.0625 0.0625
vt 0 0.0625
f 3323/3323 3324/3324 3325/3325 3326/3326
v 0.12475607 0.9140625 0.87524393
v 0.06640625 0.9140625 0.734375
v 0.13085938 0.9140625 0.734375
v 0.17033131 0.9140625 0.82966869
vt 0 0
vt 0.0625 0
vt 0.0625 0.0625
vt 0 0.0625
f 3327/3327 3328/3328 3329/3329 3330/3330
v 0.06640625 0.9140625 0.734375
v 0.12475607 0.9140625 0.59350607
v 0.17033131 0.9140625 0.63908131
v 0.13085938 0.9140625 0.734375
vt 0 0
vt 0.0625 0
vt 0.0625 0.0625
vt 0 0.0625
f 3331/3331 3332/3332 3333/3333 3334/3334
v 0.12475607 0.9140625 0.59350607
v 0.265625 0.9140625 0.53515625
v 0.265625 0.9140625 0.59960938
v 0.17033131 0.9140625 0.63908131
vt 0 0
vt 0.0625 0
vt 0.0625 0.0625
vt 0 0.0625
f 3335/3335 3336/3336 3337/3337 3338/3338
v 0.265625 0.9140625 0.53515625
v 0.40649393 0.9140625 0.59350607
v 0.36091869 0.9140625 0.63908131
v 0.265625 0.9140625 0.59960938
vt 0 0
vt 0.0625 0
vt 0.0625 0.0625
vt 0 0.0625
f 3339/3339 3340/3340 3341/3341 3342/3342
v 0.40649393 0.9140625 0.59350607
v 0.46484375 0.9140625 0.734375
v 0.40039063 0.9140625 0.734375
v 0.36091869 0.9140625 0.63908131
vt 0 0
vt 0.0625 0
vt 0.0625 0.0625
vt 0 0.0625
f 3343/3343 3344/3344 3345/3345 3346/3346
usemtl copper
v 0.91015625 0.1171875 0.8515625
v 0.91015625 0.3515625 0.8515625
v 0.91015625 0.3515625 0.6171875
v 0.91015625 0.1171875 0.6171875
vt 0.0625 0.4375
vt 0.25 0.4375
vt 0.25 0.5
vt 0.0625 0.5
f 3347/3347 3348/3348 3349/3349 3350/3350
v 0.96875 0.1171875 0.6171875
v 0.96875 0.3515625 0.6171875
v 0.96875 0.3515625 0.66113281
v 0.96875 0.1171875 0.66113281
vt 0.0625 0.5
vt 0.25 0.5
vt 0.25 0.48828125
vt 0.0625 0.48828125
f 3351/3351 3352/3352 3353/3353 3354/3354
v 0.96875 0.3515625 0.66113281
v 0.96875 0.3515625 0.8515625
v 0.96875 0.30761719 0.8515625
v 0.96875 0.30761719 0.66113281
vt 0.25 0.48828125
vt 0.25 0.4375
vt 0.21484375 0.4375
vt 0.21484375 0.48828125
f 3355/3355 3356/3356 3357/3357 3358/3358
v 0.96875 0.30761719 0.8515625
v 0.96875 0.1171875 0.8515625
v 0.96875 0.1171875 0.80761719
v 0.96875 0.30761719 0.80761719
vt 0.21484375 0.4375
vt 0.0625 0.4375
vt 0.0625 0.44921875
vt 0.21484375 0.44921875
f 3359/3359 3360/3360 3361/3361 3362/3362
v 0.96875 0.1171875 0.80761719
v 0.96875 0.1171875 0.66113281
v 0.96875 0.16113281 0.66113281
v 0.96875 0.16113281 0.80761719
vt 0.0625 0.44921875
vt 0.0625 0.48828125
vt 0.09765625 0.48828125
vt 0.09765625 0.44921875
f 3363/3363 3364/3364 3365/3365 3366/3366
v 0.91015625 0.1171875 0.6171875
v 0.96875 0.1171875 0.6171875
v 0.96875 0.1171875 0.8515625
v 0.91015625 0.1171875 0.8515625
vt 0.0625 0.5
vt 0.25 0.5
vt 0.25 0.4375
vt 0.0625 0.4375
f 3367/3367 3368/3368 3369/3369 3370/3370
v 0.91015625 0.3515625 0.8515625
v 0.96875 0.3515625 0.8515625
v 0.96875 0.3515625 0.6171875
v 0.91015625 0.3515625 0.6171875
vt 0.0625 0.4375
vt 0.25 0.4375
vt 0.25 0.5
vt 0.0625 0.5
f 3371/3371 3372/3372 3373/3373 3374/3374
v 0.91015625 0.3515625 0.6171875
v 0.96875 0.3515625 0.6171875
v 0.96875 0.1171875 0.6171875
v 0.91015625 0.1171875 0.6171875
vt 0.0625 0.4375
vt 0.25 0.4375
vt 0.25 0.5
vt 0.0625 0.5
f 3375/3375 3376/3376 3377/3377 3378/3378
v 0.91015625 0.1171875 0.8515625
v 0.96875 0.1171875 0.8515625
v 0.96875 0.3515625 0.8515625
v 0.91015625 0.3515625 0.8515625
vt 0.0625 0.5
vt 0.25 0.5
vt 0.25 0.4375
vt 0.0625 0.4375
f 3379/3379 3380/3380 3381/3381 3382/3382
usemtl dark
v 0.95410156 0.16113281 0.80761719
v 0.95410156 0.30761719 0.80761719
v 0.95410156 0.30761719 0.66113281
v 0.95410156 0.16113281 0.66113281
vt 0.0625 0.0625
vt 0.25 0.0625
vt 0.25 0.25
vt 0.0625 0.25
f 3383/3383 3384/3384 3385/3385 3386/3386
v 0.96875 0.16113281 0.66113281
v 0.96875 0.30761719 0.66113281
v 0.96875 0.30761719 0.80761719
v 0.96875 0.16113281 0.80761719
vt 0.0625 0.25
vt 0.25 0.25
vt 0.25 0.0625
vt 0.0625 0.0625
f 3387/3387 3388/3388 3389/3389 3390/3390
v 0.95410156 0.16113281 0.66113281
v 0.96875 0.16113281 0.66113281
v 0.96875 0.16113281 0.80761719
v 0.95410156 0.16113281 0.80761719
vt 0.0625 0.25
vt 0.25 0.25
vt 0.25 0.0625
vt 0.0625 0.0625
f 3391/3391 3392/3392 3393/3393 3394/3394
v 0.95410156 0.30761719 0.80761719
v 0.96875 0.30761719 0.80761719
v 0.96875 0.30761719 0.66113281
v 0.95410156 0.30761719 0.66113281
vt 0.0625 0.0625
vt 0.25 0.0625
vt 0.25 0.25
vt 0.0625 0.25
f 3395/3395 3396/3396 3397/3397 3398/3398
v 0.95410156 0.30761719 0.66113281
v 0.96875 0.30761719 0.66113281
v 0.96875 0.16113281 0.66113281
v 0.95410156 0.16113281 0.66113281
vt 0.0625 0.0625
vt 0.25 0.0625
vt 0.25 0.25
vt 0.0625 0.25
f 3399/3399 3400/3400 3401/3401 3402/3402
v 0.95410156 0.16113281 0.80761719
v 0.96875 0.16113281 0.80761719
v 0.96875 0.30761719 0.80761719
v 0.95410156 0.30761719 0.80761719
vt 0.0625 0.25
vt 0.25 0.25
vt 0.25 0.0625
vt 0.0625 0.0625
f 3403/3403 3404/3404 3405/3405 3406/3406
usemtl body
v 0.57849367 0.51591158 0.76367188
v 0.57849367 0.51591158 0.82226563
v 0.58496094 0.48339844 0.82226563
v 0.58496094 0.48339844 0.76367188
vt 1 0.5
vt 1 1
vt 0 1
vt 0 0.5
f 3407/3407 3408/3408 3409/3409 3410/3410
v 0.58496094 0.48339844 0.70507813
v 0.57849367 0.51591158 0.70507813
v 0.57849367 0.51591158 0.734375
v 0.58496094 0.48339844 0.734375
vt 0 0
vt 1 0
vt 1 0.25
vt 0 0.25
f 3411/3411 3412/3412 3413/3413 3414/3414
v 0.56007646 0.54347489 0.76367188
v 0.56007646 0.54347489 0.82226563
v 0.57849367 0.51591158 0.82226563
v 0.57849367 0.51591158 0.76367188
vt 1 0.5
vt 1 1
vt 0 1
vt 0 0.5
f 3415/3415 3416/3416 3417/3417 3418/3418
v 0.57849367 0.51591158 0.70507813
v 0.56007646 0.54347489 0.70507813
v 0.56007646 0.54347489 0.734375
v 0.57849367 0.51591158 0.734375
vt 0 0
vt 1 0
vt 1 0.25
vt 0 0.25
f 3419/3419 3420/3420 3421/3421 3422/3422
v 0.53251314 0.56189211 0.76367188
v 0.53251314 0.56189211 0.82226563
v 0.56007646 0.54347489 0.82226563
v 0.56007646 0.54347489 0.76367188
vt 1 0.5
vt 1 1
vt 0 1
vt 0 0.5
f 3423/3423 3424/3424 3425/3425 3426/3426
v 0.56007646 0.54347489 0.70507813
v 0.53251314 0.56189211 0.70507813
v 0.53251314 0.56189211 0.734375
v 0.56007646 0.54347489 0.734375
vt 0 0
vt 1 0
vt 1 0.25
vt 0 0.25
f 3427/3427 3428/3428 3429/3429 3430/3430
v 0.5 0.56835938 0.76367188
v 0.5 0.56835938 0.82226563
v 0.53251314 0.56189211 0.82226563
v 0.53251314 0.56189211 0.76367188
vt 1 0.5
vt 1 1
vt 0 1
vt 0 0.5
f 3431/3431 3432/3432 3433/3433 3434/3434
v 0.53251314 0.56189211 0.70507813
v 0.5 0.56835938 0.70507813
v 0.5 0.56835938 0.734375
v 0.53251314 0.56189211 0.734375
vt 0 0
vt 1 0
vt 1 0.25
vt 0 0.25
f 3435/3435 3436/3436 3437/3437 3438/3438
v 0.46748686 0.56189211 0.76367188
v 0.46748686 0.56189211 0.82226563
v 0.5 0.56835938 0.82226563
v 0.5 0.56835938 0.76367188
vt 1 0.5
vt 1 1
vt 0 1
vt 0 0.5
f 3439/3439 3440/3440 3441/3441 3442/3442
v 0.5 0.56835938 0.70507813
v 0.46748686 0.56189211 0.70507813
v 0.46748686 0.56189211 0.734375
v 0.5 0.56835938 0.734375
vt 0 0
vt 1 0
vt 1 0.25
vt 0 0.25
f 3443/3443 3444/3444 3445/3445 3446/3446
v 0.43992354 0.54347489 0.76367188
v 0.43992354 0.54347489 0.82226563
v 0.46748686 0.56189211 0.82226563
v 0.46748686 0.56189211 0.76367188
vt 1 0.5
vt 1 1
vt 0 1
vt 0 0.5
f 3447/3447 3448/3448 3449/3449 3450/3450
v 0.46748686 0.56189211 0.70507813
v 0.43992354 0.54347489 0.70507813
v 0.43992354 0.54347489 0.734375
v 0.46748686 0.56189211 0.734375
vt 0 0
vt 1 0
vt 1 0.25
vt 0 0.25
f 3451/3451 3452/3452 3453/3453 3454/3454
v 0.42150633 0.51591158 0.76367188
v 0.42150633 0.51591158 0.82226563
v 0.43992354 0.54347489 0.82226563
v 0.43992354 0.54347489 0.76367188
vt 1 0.5
vt 1 1
vt 0 1
vt 0 0.5
f 3455/3455 3456/3456 3457/3457 3458/3458
v 0.43992354 0.54347489 0.70507813
v 0.42150633 0.51591158 0.70507813
v 0.42150633 0.51591158 0.734375
v 0.43992354 0.54347489 0.734375
vt 0 0
vt 1 0
vt 1 0.25
vt 0 0.25
f 3459/3459 3460/3460 3461/3461 3462/3462
v 0.41503906 0.48339844 0.76367188
v 0.41503906 0.48339844 0.82226563
v 0.42150633 0.51591158 0.82226563
v 0.42150633 0.51591158 0.76367188
vt 1 0.5
vt 1 1
vt 0 1
vt 0 0.5
f 3463/3463 3464/3464 3465/3465 3466/3466
v 0.42150633 0.51591158 0.70507813
v 0.41503906 0.48339844 0.70507813
v 0.41503906 0.48339844 0.734375
v 0.42150633 0.51591158 0.734375
vt 0 0
vt 1 0
vt 1 0.25
vt 0 0.25
f 3467/3467 3468/3468 3469/3469 3470/3470
v 0.42150633 0.45088529 0.76367188
v 0.42150633 0.45088529 0.82226563
v 0.41503906 0.48339844 0.82226563
v 0.41503906 0.48339844 0.76367188
vt 1 0.5
vt 1 1
vt 0 1
vt 0 0.5
f 3471/3471 3472/3472 3473/3473 3474/3474
v 0.41503906 0.48339844 0.70507813
v 0.42150633 0.45088529 0.70507813
v 0.42150633 0.45088529 0.734375
v 0.41503906 0.48339844 0.734375
vt 0 0
vt 1 0
vt 1 0.25
vt 0 0.25
f 3475/3475 3476/3476 3477/3477 3478/3478
v 0.43992354 0.42332198 0.76367188
v 0.43992354 0.42332198 0.82226563
v 0.42150633 0.45088529 0.82226563
v 0.42150633 0.45088529 0.76367188
vt 1 0.5
vt 1 1
vt 0 1
vt 0 0.5
f 3479/3479 3480/3480 3481/3481 3482/3482
v 0.42150633 0.45088529 0.70507813
v 0.43992354 0.42332198 0.70507813
v 0.43992354 0.42332198 0.734375
v 0.42150633 0.45088529 0.734375
vt 0 0
vt 1 0
vt 1 0.25
vt 0 0.25
f 3483/3483 3484/3484 3485/3485 3486/3486
v 0.46748686 0.40490477 0.76367188
v 0.46748686 0.40490477 0.82226563
v 0.43992354 0.42332198 0.82226563
v 0.43992354 0.42332198 0.76367188
vt 1 0.5
vt 1 1
vt 0 1
vt 0 0.5
f 3487/3487 3488/3488 3489/3489 3490/3490
v 0.43992354 0.42332198 0.70507813
v 0.46748686 0.40490477 0.70507813
v 0.46748686 0.40490477 0.734375
v 0.43992354 0.42332198 0.734375
vt 0 0
vt 1 0
vt 1 0.25
vt 0 0.25
f 3491/3491 3492/3492 3493/3493 3494/3494
v 0.5 0.3984375 0.76367188
v 0.5 0.3984375 0.82226563
v 0.46748686 0.40490477 0.82226563
v 0.46748686 0.40490477 0.76367188
vt 1 0.5
vt 1 1
vt 0 1
vt 0 0.5
f 3495/3495 3496/3496 3497/3497 3498/3498
v 0.46748686 0.40490477 0.70507813
v 0.5 0.3984375 0.70507813
v 0.5 0.3984375 0.734375
v 0.46748686 0.40490477 0.734375
vt 0 0
vt 1 0
vt 1 0.25
vt 0 0.25
f 3499/3499 3500/3500 3501/3501 3502/3502
v 0.53251314 0.40490477 0.76367188
v 0.53251314 0.40490477 0.82226563
v 0.5 0.3984375 0.82226563
v 0.5 0.3984375 0.76367188
vt 1 0.5
vt 1 1
vt 0 1
vt 0 0.5
f 3503/3503 3504/3504 3505/3505 3506/3506
v 0.5 0.3984375 0.70507813
v 0.53251314 0.40490477 0.70507813
v 0.53251314 0.40490477 0.734375
v 0.5 0.3984375 0.734375
vt 0 0
vt 1 0
vt 1 0.25
vt 0 0.25
f 3507/3507 3508/3508 3509/3509 3510/3510
v 0.56007646 0.42332198 0.76367188
v 0.56007646 0.42332198 0.82226563
v 0.53251314 0.40490477 0.82226563
v 0.53251314 0.40490477 0.76367188
vt 1 0.5
vt 1 1
vt 0 1
vt 0 0.5
f 3511/3511 3512/3512 3513/3513 3514/3514
v 0.53251314 0.40490477 0.70507813
v 0.56007646 0.42332198 0.70507813
v 0.56007646 0.42332198 0.734375
v 0.53251314 0.40490477 0.734375
vt 0 0
vt 1 0
vt 1 0.25
vt 0 0.25
f 3515/3515 3516/3516 3517/3517 3518/3518
v 0.57849367 0.45088529 0.76367188
v 0.57849367 0.45088529 0.82226563
v 0.56007646 0.42332198 0.82226563
v 0.56007646 0.42332198 0.76367188
vt 1 0.5
vt 1 1
vt 0 1
vt 0 0.5
f 3519/3519 3520/3520 3521/3521 3522/3522
v 0.56007646 0.42332198 0.70507813
v 0.57849367 0.45088529 0.70507813
v 0.57849367 0.45088529 0.734375
v 0.56007646 0.42332198 0.734375
vt 0 0
vt 1 0
vt 1 0.25
vt 0 0.25
f 3523/3523 3524/3524 3525/3525 3526/3526
v 0.58496094 0.48339844 0.76367188
v 0.58496094 0.48339844 0.82226563
v 0.57849367 0.45088529 0.82226563
v 0.57849367 0.45088529 0.76367188
vt 1 0.5
vt 1 1
vt 0 1
vt 0 0.5
f 3527/3527 3528/3528 3529/3529 3530/3530
v 0.57849367 0.45088529 0.70507813
v 0.58496094 0.48339844 0.70507813
v 0.58496094 0.48339844 0.734375
v 0.57849367 0.45088529 0.734375
vt 0 0
vt 1 0
vt 1 0.25
vt 0 0.25
f 3531/3531 3532/3532 3533/3533 3534/3534
v 0.56007646 0.54347489 0.70507813
v 0.57849367 0.51591158 0.70507813
v 0.58496094 0.48339844 0.70507813
v 0.5 0.48339844 0.70507813
vt 0.85355339 0.14644661
vt 0.96193977 0.30865828
vt 1 0.5
vt 0.5 0.5
f 3535/3535 3536/3536 3537/3537 3538/3538
v 0.5 0.56835938 0.70507813
v 0.53251314 0.56189211 0.70507813
v 0.56007646 0.54347489 0.70507813
v 0.5 0.48339844 0.70507813
vt 0.5 0
vt 0.69134172 0.03806023
vt 0.85355339 0.14644661
vt 0.5 0.5
f 3539/3539 3540/3540 3541/3541 3542/3542
v 0.43992354 0.54347489 0.70507813
v 0.46748686 0.56189211 0.70507813
v 0.5 0.56835938 0.70507813
v 0.5 0.48339844 0.70507813
vt 0.14644661 0.14644661
vt 0.30865828 0.03806023
vt 0.5 0
vt 0.5 0.5
f 3543/3543 3544/3544 3545/3545 3546/3546
v 0.41503906 0.48339844 0.70507813
v 0.42150633 0.51591158 0.70507813
v 0.43992354 0.54347489 0.70507813
v 0.5 0.48339844 0.70507813
vt 0 0.5
vt 0.03806023 0.30865828
vt 0.14644661 0.14644661
vt 0.5 0.5
f 3547/3547 3548/3548 3549/3549 3550/3550
v 0.43992354 0.42332198 0.70507813
v 0.42150633 0.45088529 0.70507813
v 0.41503906 0.48339844 0.70507813
v 0.5 0.48339844 0.70507813
vt 0.14644661 0.85355339
vt 0.03806023 0.69134172
vt 0 0.5
vt 0.5 0.5
f 3551/3551 3552/3552 3553/3553 3554/3554
v 0.5 0.3984375 0.70507813
v 0.46748686 0.40490477 0.70507813
v 0.43992354 0.42332198 0.70507813
v 0.5 0.48339844 0.70507813
vt 0.5 1
vt 0.30865828 0.96193977
vt 0.14644661 0.85355339
vt 0.5 0.5
f 3555/3555 3556/3556 3557/3557 3558/3558
v 0.56007646 0.42332198 0.70507813
v 0.53251314 0.40490477 0.70507813
v 0.5 0.3984375 0.70507813
v 0.5 0.48339844 0.70507813
vt 0.85355339 0.85355339
vt 0.69134172 0.96193977
vt 0.5 1
vt 0.5 0.5
f 3559/3559 3560/3560 3561/3561 3562/3562
v 0.58496094 0.48339844 0.70507813
v 0.57849367 0.45088529 0.70507813
v 0.56007646 0.42332198 0.70507813
v 0.5 0.48339844 0.70507813
vt 1 0.5
vt 0.96193977 0.69134172
vt 0.85355339 0.85355339
vt 0.5 0.5
f 3563/3563 3564/3564 3565/3565 3566/3566
v 0.5 0.48339844 0.82226563
v 0.58496094 0.48339844 0.82226563
v 0.57849367 0.51591158 0.82226563
v 0.56007646 0.54347489 0.82226563
vt 0.5 0.5
vt 1 0.5
vt 0.96193977 0.30865828
vt 0.85355339 0.14644661
f 3567/3567 3568/3568 3569/3569 3570/3570
v 0.5 0.48339844 0.82226563
v 0.56007646 0.54347489 0.82226563
v 0.53251314 0.56189211 0.82226563
v 0.5 0.56835938 0.82226563
vt 0.5 0.5
vt 0.85355339 0.14644661
vt 0.69134172 0.03806023
vt 0.5 0
f 3571/3571 3572/3572 3573/3573 3574/3574
v 0.5 0.48339844 0.82226563
v 0.5 0.56835938 0.82226563
v 0.46748686 0.56189211 0.82226563
v 0.43992354 0.54347489 0.82226563
vt 0.5 0.5
vt 0.5 0
vt 0.30865828 0.03806023
vt 0.14644661 0.14644661
f 3575/3575 3576/3576 3577/3577 3578/3578
v 0.5 0.48339844 0.82226563
v 0.43992354 0.54347489 0.82226563
v 0.42150633 0.51591158 0.82226563
v 0.41503906 0.48339844 0.82226563
vt 0.5 0.5
vt 0.14644661 0.14644661
vt 0.03806023 0.30865828
vt 0 0.5
f 3579/3579 3580/3580 3581/3581 3582/3582
v 0.5 0.48339844 0.82226563
v 0.41503906 0.48339844 0.82226563
v 0.42150633 0.45088529 0.82226563
v 0.43992354 0.42332198 0.82226563
vt 0.5 0.5
vt 0 0.5
vt 0.03806023 0.69134172
vt 0.14644661 0.85355339
f 3583/3583 3584/3584 3585/3585 3586/3586
v 0.5 0.48339844 0.82226563
v 0.43992354 0.42332198 0.82226563
v 0.46748686 0.40490477 0.82226563
v 0.5 0.3984375 0.82226563
vt 0.5 0.5
vt 0.14644661 0.85355339
vt 0.30865828 0.96193977
vt 0.5 1
f 3587/3587 3588/3588 3589/3589 3590/3590
v 0.5 0.48339844 0.82226563
v 0.5 0.3984375 0.82226563
v 0.53251314 0.40490477 0.82226563
v 0.56007646 0.42332198 0.82226563
vt 0.5 0.5
vt 0.5 1
vt 0.69134172 0.96193977
vt 0.85355339 0.85355339
f 3591/3591 3592/3592 3593/3593 3594/3594
v 0.5 0.48339844 0.82226563
v 0.56007646 0.42332198 0.82226563
v 0.57849367 0.45088529 0.82226563
v 0.58496094 0.48339844 0.82226563
vt 0.5 0.5
vt 0.85355339 0.85355339
vt 0.96193977 0.69134172
vt 1 0.5
f 3595/3595 3596/3596 3597/3597 3598/3598
usemtl copper
v 0.59375 0.48339844 0.734375
v 0.58661371 0.51927501 0.734375
v 0.58661371 0.51927501 0.76367188
v 0.59375 0.48339844 0.76367188
vt 0.0625 0.4375
vt 0.25 0.4375
vt 0.25 0.5
vt 0.0625 0.5
f 3599/3599 3600/3600 3601/3601 3602/3602
v 0.58661371 0.51927501 0.734375
v 0.56629126 0.5496897 0.734375
v 0.56629126 0.5496897 0.76367188
v 0.58661371 0.51927501 0.76367188
vt 0.0625 0.4375
vt 0.25 0.4375
vt 0.25 0.5
vt 0.0625 0.5
f 3603/3603 3604/3604 3605/3605 3606/3606
v 0.56629126 0.5496897 0.734375
v 0.53587657 0.57001214 0.734375
v 0.53587657 0.57001214 0.76367188
v 0.56629126 0.5496897 0.76367188
vt 0.0625 0.4375
vt 0.25 0.4375
vt 0.25 0.5
vt 0.0625 0.5
f 3607/3607 3608/3608 3609/3609 3610/3610
v 0.53587657 0.57001214 0.734375
v 0.5 0.57714844 0.734375
v 0.5 0.57714844 0.76367188
v 0.53587657 0.57001214 0.76367188
vt 0.0625 0.4375
vt 0.25 0.4375
vt 0.25 0.5
vt 0.0625 0.5
f 3611/3611 3612/3612 3613/3613 3614/3614
v 0.5 0.57714844 0.734375
v 0.46412343 0.57001214 0.734375
v 0.46412343 0.57001214 0.76367188
v 0.5 0.57714844 0.76367188
vt 0.0625 0.4375
vt 0.25 0.4375
vt 0.25 0.5
vt 0.0625 0.5
f 3615/3615 3616/3616 3617/3617 3618/3618
v 0.46412343 0.57001214 0.734375
v 0.43370874 0.5496897 0.734375
v 0.43370874 0.5496897 0.76367188
v 0.46412343 0.57001214 0.76367188
vt 0.0625 0.4375
vt 0.25 0.4375
vt 0.25 0.5
vt 0.0625 0.5
f 3619/3619 3620/3620 3621/3621 3622/3622
v 0.43370874 0.5496897 0.734375
v 0.41338629 0.51927501 0.734375
v 0.41338629 0.51927501 0.76367188
v 0.43370874 0.5496897 0.76367188
vt 0.0625 0.4375
vt 0.25 0.4375
vt 0.25 0.5
vt 0.0625 0.5
f 3623/3623 3624/3624 3625/3625 3626/3626
v 0.41338629 0.51927501 0.734375
v 0.40625 0.48339844 0.734375
v 0.40625 0.48339844 0.76367188
v 0.41338629 0.51927501 0.76367188
vt 0.0625 0.4375
vt 0.25 0.4375
vt 0.25 0.5
vt 0.0625 0.5
f 3627/3627 3628/3628 3629/3629 3630/3630
v 0.40625 0.48339844 0.734375
v 0.41338629 0.44752187 0.734375
v 0.41338629 0.44752187 0.76367188
v 0.40625 0.48339844 0.76367188
vt 0.0625 0.4375
vt 0.25 0.4375
vt 0.25 0.5
vt 0.0625 0.5
f 3631/3631 3632/3632 3633/3633 3634/3634
v 0.41338629 0.44752187 0.734375
v 0.43370874 0.41710718 0.734375
v 0.43370874 0.41710718 0.76367188
v 0.41338629 0.44752187 0.76367188
vt 0.0625 0.4375
vt 0.25 0.4375
vt 0.25 0.5
vt 0.0625 0.5
f 3635/3635 3636/3636 3637/3637 3638/3638
v 0.43370874 0.41710718 0.734375
v 0.46412343 0.39678473 0.734375
v 0.46412343 0.39678473 0.76367188
v 0.43370874 0.41710718 0.76367188
vt 0.0625 0.4375
vt 0.25 0.4375
vt 0.25 0.5
vt 0.0625 0.5
f 3639/3639 3640/3640 3641/3641 3642/3642
v 0.46412343 0.39678473 0.734375
v 0.5 0.38964844 0.734375
v 0.5 0.38964844 0.76367188
v 0.46412343 0.39678473 0.76367188
vt 0.0625 0.4375
vt 0.25 0.4375
vt 0.25 0.5
vt 0.0625 0.5
f 3643/3643 3644/3644 3645/3645 3646/3646
v 0.5 0.38964844 0.734375
v 0.53587657 0.39678473 0.734375
v 0.53587657 0.39678473 0.76367188
v 0.5 0.38964844 0.76367188
vt 0.0625 0.4375
vt 0.25 0.4375
vt 0.25 0.5
vt 0.0625 0.5
f 3647/3647 3648/3648 3649/3649 3650/3650
v 0.53587657 0.39678473 0.734375
v 0.56629126 0.41710718 0.734375
v 0.56629126 0.41710718 0.76367188
v 0.53587657 0.39678473 0.76367188
vt 0.0625 0.4375
vt 0.25 0.4375
vt 0.25 0.5
vt 0.0625 0.5
f 3651/3651 3652/3652 3653/3653 3654/3654
v 0.56629126 0.41710718 0.734375
v 0.58661371 0.44752187 0.734375
v 0.58661371 0.44752187 0.76367188
v 0.56629126 0.41710718 0.76367188
vt 0.0625 0.4375
vt 0.25 0.4375
vt 0.25 0.5
vt 0.0625 0.5
f 3655/3655 3656/3656 3657/3657 3658/3658
v 0.58661371 0.44752187 0.734375
v 0.59375 0.48339844 0.734375
v 0.59375 0.48339844 0.76367188
v 0.58661371 0.44752187 0.76367188
vt 0.0625 0.4375
vt 0.25 0.4375
vt 0.25 0.5
vt 0.0625 0.5
f 3659/3659 3660/3660 3661/3661 3662/3662
v 0.59375 0.48339844 0.76367188
v 0.58661371 0.51927501 0.76367188
v 0.57849367 0.51591158 0.76367188
v 0.58496094 0.48339844 0.76367188
vt 0.0625 0.4375
vt 0.25 0.4375
vt 0.25 0.5
vt 0.0625 0.5
f 3663/3663 3664/3664 3665/3665 3666/3666
v 0.58661371 0.51927501 0.76367188
v 0.56629126 0.5496897 0.76367188
v 0.56007646 0.54347489 0.76367188
v 0.57849367 0.51591158 0.76367188
vt 0.0625 0.4375
vt 0.25 0.4375
vt 0.25 0.5
vt 0.0625 0.5
f 3667/3667 3668/3668 3669/3669 3670/3670
v 0.56629126 0.5496897 0.76367188
v 0.53587657 0.57001214 0.76367188
v 0.53251314 0.56189211 0.76367188
v 0.56007646 0.54347489 0.76367188
vt 0.0625 0.4375
vt 0.25 0.4375
vt 0.25 0.5
vt 0.0625 0.5
f 3671/3671 3672/3672 3673/3673 3674/3674
v 0.53587657 0.57001214 0.76367188
v 0.5 0.57714844 0.76367188
v 0.5 0.56835938 0.76367188
v 0.53251314 0.56189211 0.76367188
vt 0.0625 0.4375
vt 0.25 0.4375
vt 0.25 0.5
vt 0.0625 0.5
f 3675/3675 3676/3676 3677/3677 3678/3678
v 0.5 0.57714844 0.76367188
v 0.46412343 0.57001214 0.76367188
v 0.46748686 0.56189211 0.76367188
v 0.5 0.56835938 0.76367188
vt 0.0625 0.4375
vt 0.25 0.4375
vt 0.25 0.5
vt 0.0625 0.5
f 3679/3679 3680/3680 3681/3681 3682/3682
v 0.46412343 0.57001214 0.76367188
v 0.43370874 0.5496897 0.76367188
v 0.43992354 0.54347489 0.76367188
v 0.46748686 0.56189211 0.76367188
vt 0.0625 0.4375
vt 0.25 0.4375
vt 0.25 0.5
vt 0.0625 0.5
f 3683/3683 3684/3684 3685/3685 3686/3686
v 0.43370874 0.5496897 0.76367188
v 0.41338629 0.51927501 0.76367188
v 0.42150633 0.51591158 0.76367188
v 0.43992354 0.54347489 0.76367188
vt 0.0625 0.4375
vt 0.25 0.4375
vt 0.25 0.5
vt 0.0625 0.5
f 3687/3687 3688/3688 3689/3689 3690/3690
v 0.41338629 0.51927501 0.76367188
v 0.40625 0.48339844 0.76367188
v 0.41503906 0.48339844 0.76367188
v 0.42150633 0.51591158 0.76367188
vt 0.0625 0.4375
vt 0.25 0.4375
vt 0.25 0.5
vt 0.0625 0.5
f 3691/3691 3692/3692 3693/3693 3694/3694
v 0.40625 0.48339844 0.76367188
v 0.41338629 0.44752187 0.76367188
v 0.42150633 0.45088529 0.76367188
v 0.41503906 0.48339844 0.76367188
vt 0.0625 0.4375
vt 0.25 0.4375
vt 0.25 0.5
vt 0.0625 0.5
f 3695/3695 3696/3696 3697/3697 3698/3698
v 0.41338629 0.44752187 0.76367188
v 0.43370874 0.41710718 0.76367188
v 0.43992354 0.42332198 0.76367188
v 0.42150633 0.45088529 0.76367188
vt 0.0625 0.4375
vt 0.25 0.4375
vt 0.25 0.5
vt 0.0625 0.5
f 3699/3699 3700/3700 3701/3701 3702/3702
v 0.43370874 0.41710718 0.76367188
v 0.46412343 0.39678473 0.76367188
v 0.46748686 0.40490477 0.76367188
v 0.43992354 0.42332198 0.76367188
vt 0.0625 0.4375
vt 0.25 0.4375
vt 0.25 0.5
vt 0.0625 0.5
f 3703/3703 3704/3704 3705/3705 3706/3706
v 0.46412343 0.39678473 0.76367188
v 0.5 0.38964844 0.76367188
v 0.5 0.3984375 0.76367188
v 0.46748686 0.40490477 0.76367188
vt 0.0625 0.4375
vt 0.25 0.4375
vt 0.25 0.5
vt 0.0625 0.5
f 3707/3707 3708/3708 3709/3709 3710/3710
v 0.5 0.38964844 0.76367188
v 0.53587657 0.39678473 0.76367188
v 0.53251314 0.40490477 0.76367188
v 0.5 0.3984375 0.76367188
vt 0.0625 0.4375
vt 0.25 0.4375
vt 0.25 0.5
vt 0.0625 0.5
f 3711/3711 3712/3712 3713/3713 3714/3714
v 0.53587657 0.39678473 0.76367188
v 0.56629126 0.41710718 0.76367188
v 0.56007646 0.42332198 0.76367188
v 0.53251314 0.40490477 0.76367188
vt 0.0625 0.4375
vt 0.25 0.4375
vt 0.25 0.5
vt 0.0625 0.5
f 3715/3715 3716/3716 3717/3717 3718/3718
v 0.56629126 0.41710718 0.76367188
v 0.58661371 0.44752187 0.76367188
v 0.57849367 0.45088529 0.76367188
v 0.56007646 0.42332198 0.76367188
vt 0.0625 0.4375
vt 0.25 0.4375
vt 0.25 0.5
vt 0.0625 0.5
f 3719/3719 3720/3720 3721/3721 3722/3722
v 0.58661371 0.44752187 0.76367188
v 0.59375 0.48339844 0.76367188
v 0.58496094 0.48339844 0.76367188
v 0.57849367 0.45088529 0.76367188
vt 0.0625 0.4375
vt 0.25 0.4375
vt 0.25 0.5
vt 0.0625 0.5
f 3723/3723 3724/3724 3725/3725 3726/3726
v 0.58496094 0.48339844 0.76367188
v 0.57849367 0.51591158 0.76367188
v 0.57849367 0.51591158 0.734375
v 0.58496094 0.48339844 0.734375
vt 0.0625 0.4375
vt 0.25 0.4375
vt 0.25 0.5
vt 0.0625 0.5
f 3727/3727 3728/3728 3729/3729 3730/3730
v 0.57849367 0.51591158 0.76367188
v 0.56007646 0.54347489 0.76367188
v 0.56007646 0.54347489 0.734375
v 0.57849367 0.51591158 0.734375
vt 0.0625 0.4375
vt 0.25 0.4375
vt 0.25 0.5
vt 0.0625 0.5
f 3731/3731 3732/3732 3733/3733 3734/3734
v 0.56007646 0.54347489 0.76367188
v 0.53251314 0.56189211 0.76367188
v 0.53251314 0.56189211 0.734375
v 0.56007646 0.54347489 0.734375
vt 0.0625 0.4375
vt 0.25 0.4375
vt 0.25 0.5
vt 0.0625 0.5
f 3735/3735 3736/3736 3737/3737 3738/3738
v 0.53251314 0.56189211 0.76367188
v 0.5 0.56835938 0.76367188
v 0.5 0.56835938 0.734375
v 0.53251314 0.56189211 0.734375
vt 0.0625 0.4375
vt 0.25 0.4375
vt 0.25 0.5
vt 0.0625 0.5
f 3739/3739 3740/3740 3741/3741 3742/3742
v 0.5 0.56835938 0.76367188
v 0.46748686 0.56189211 0.76367188
v 0.46748686 0.56189211 0.734375
v 0.5 0.56835938 0.734375
vt 0.0625 0.4375
vt 0.25 0.4375
vt 0.25 0.5
vt 0.0625 0.5
f 3743/3743 3744/3744 3745/3745 3746/3746
v 0.46748686 0.56189211 0.76367188
v 0.43992354 0.54347489 0.76367188
v 0.43992354 0.54347489 0.734375
v 0.46748686 0.56189211 0.734375
vt 0.0625 0.4375
vt 0.25 0.4375
vt 0.25 0.5
vt 0.0625 0.5
f 3747/3747 3748/3748 3749/3749 3750/3750
v 0.43992354 0.54347489 0.76367188
v 0.42150633 0.51591158 0.76367188
v 0.42150633 0.51591158 0.734375
v 0.43992354 0.54347489 0.734375
vt 0.0625 0.4375
vt 0.25 0.4375
vt 0.25 0.5
vt 0.0625 0.5
f 3751/3751 3752/3752 3753/3753 3754/3754
v 0.42150633 0.51591158 0.76367188
v 0.41503906 0.48339844 0.76367188
v 0.41503906 0.48339844 0.734375
v 0.42150633 0.51591158 0.734375
vt 0.0625 0.4375
vt 0.25 0.4375
vt 0.25 0.5
vt 0.0625 0.5
f 3755/3755 3756/3756 3757/3757 3758/3758
v 0.41503906 0.48339844 0.76367188
v 0.42150633 0.45088529 0.76367188
v 0.42150633 0.45088529 0.734375
v 0.41503906 0.48339844 0.734375
vt 0.0625 0.4375
vt 0.25 0.4375
vt 0.25 0.5
vt 0.0625 0.5
f 3759/3759 3760/3760 3761/3761 3762/3762
v 0.42150633 0.45088529 0.76367188
v 0.43992354 0.42332198 0.76367188
v 0.43992354 0.42332198 0.734375
v 0.42150633 0.45088529 0.734375
vt 0.0625 0.4375
vt 0.25 0.4375
vt 0.25 0.5
vt 0.0625 0.5
f 3763/3763 3764/3764 3765/3765 3766/3766
v 0.43992354 0.42332198 0.76367188
v 0.46748686 0.40490477 0.76367188
v 0.46748686 0.40490477 0.734375
v 0.43992354 0.42332198 0.734375
vt 0.0625 0.4375
vt 0.25 0.4375
vt 0.25 0.5
vt 0.0625 0.5
f 3767/3767 3768/3768 3769/3769 3770/3770
v 0.46748686 0.40490477 0.76367188
v 0.5 0.3984375 0.76367188
v 0.5 0.3984375 0.734375
v 0.46748686 0.40490477 0.734375
vt 0.0625 0.4375
vt 0.25 0.4375
vt 0.25 0.5
vt 0.0625 0.5
f 3771/3771 3772/3772 3773/3773 3774/3774
v 0.5 0.3984375 0.76367188
v 0.53251314 0.40490477 0.76367188
v 0.53251314 0.40490477 0.734375
v 0.5 0.3984375 0.734375
vt 0.0625 0.4375
vt 0.25 0.4375
vt 0.25 0.5
vt 0.0625 0.5
f 3775/3775 3776/3776 3777/3777 3778/3778
v 0.53251314 0.40490477 0.76367188
v 0.56007646 0.42332198 0.76367188
v 0.56007646 0.42332198 0.734375
v 0.53251314 0.40490477 0.734375
vt 0.0625 0.4375
vt 0.25 0.4375
vt 0.25 0.5
vt 0.0625 0.5
f 3779/3779 3780/3780 3781/3781 3782/3782
v 0.56007646 0.42332198 0.76367188
v 0.57849367 0.45088529 0.76367188
v 0.57849367 0.45088529 0.734375
v 0.56007646 0.42332198 0.734375
vt 0.0625 0.4375
vt 0.25 0.4375
vt 0.25 0.5
vt 0.0625 0.5
f 3783/3783 3784/3784 3785/3785 3786/3786
v 0.57849367 0.45088529 0.76367188
v 0.58496094 0.48339844 0.76367188
v 0.58496094 0.48339844 0.734375
v 0.57849367 0.45088529 0.734375
vt 0.0625 0.4375
vt 0.25 0.4375
vt 0.25 0.5
vt 0.0625 0.5
f 3787/3787 3788/3788 3789/3789 3790/3790
v 0.58496094 0.48339844 0.734375
v 0.57849367 0.51591158 0.734375
v 0.58661371 0.51927501 0.734375
v 0.59375 0.48339844 0.734375
vt 0.0625 0.4375
vt 0.25 0.4375
vt 0.25 0.5
vt 0.0625 0.5
f 3791/3791 3792/3792 3793/3793 3794/3794
v 0.57849367 0.51591158 0.734375
v 0.56007646 0.54347489 0.734375
v 0.56629126 0.5496897 0.734375
v 0.58661371 0.51927501 0.734375
vt 0.0625 0.4375
vt 0.25 0.4375
vt 0.25 0.5
vt 0.0625 0.5
f 3795/3795 3796/3796 3797/3797 3798/3798
v 0.56007646 0.54347489 0.734375
v 0.53251314 0.56189211 0.734375
v 0.53587657 0.57001214 0.734375
v 0.56629126 0.5496897 0.734375
vt 0.0625 0.4375
vt 0.25 0.4375
vt 0.25 0.5
vt 0.0625 0.5
f 3799/3799 3800/3800 3801/3801 3802/3802
v 0.53251314 0.56189211 0.734375
v 0.5 0.56835938 0.734375
v 0.5 0.57714844 0.734375
v 0.53587657 0.57001214 0.734375
vt 0.0625 0.4375
vt 0.25 0.4375
vt 0.25 0.5
vt 0.0625 0.5
f 3803/3803 3804/3804 3805/3805 3806/3806
v 0.5 0.56835938 0.734375
v 0.46748686 0.56189211 0.734375
v 0.46412343 0.57001214 0.734375
v 0.5 0.57714844 0.734375
vt 0.0625 0.4375
vt 0.25 0.4375
vt 0.25 0.5
vt 0.0625 0.5
f 3807/3807 3808/3808 3809/3809 3810/3810
v 0.46748686 0.56189211 0.734375
v 0.43992354 0.54347489 0.734375
v 0.43370874 0.5496897 0.734375
v 0.46412343 0.57001214 0.734375
vt 0.0625 0.4375
vt 0.25 0.4375
vt 0.25 0.5
vt 0.0625 0.5
f 3811/3811 3812/3812 3813/3813 3814/3814
v 0.43992354 0.54347489 0.734375
v 0.42150633 0.51591158 0.734375
v 0.41338629 0.51927501 0.734375
v 0.43370874 0.5496897 0.734375
vt 0.0625 0.4375
vt 0.25 0.4375
vt 0.25 0.5
vt 0.0625 0.5
f 3815/3815 3816/3816 3817/3817 3818/3818
v 0.42150633 0.51591158 0.734375
v 0.41503906 0.48339844 0.734375
v 0.40625 0.48339844 0.734375
v 0.41338629 0.51927501 0.734375
vt 0.0625 0.4375
vt 0.25 0.4375
vt 0.25 0.5
vt 0.0625 0.5
f 3819/3819 3820/3820 3821/3821 3822/3822
v 0.41503906 0.48339844 0.734375
v 0.42150633 0.45088529 0.734375
v 0.41338629 0.44752187 0.734375
v 0.40625 0.48339844 0.734375
vt 0.0625 0.4375
vt 0.25 0.4375
vt 0.25 0.5
vt 0.0625 0.5
f 3823/3823 3824/3824 3825/3825 3826/3826
v 0.42150633 0.45088529 0.734375
v 0.43992354 0.42332198 0.734375
v 0.43370874 0.41710718 0.734375
v 0.41338629 0.44752187 0.734375
vt 0.0625 0.4375
vt 0.25 0.4375
vt 0.25 0.5
vt 0.0625 0.5
f 3827/3827 3828/3828 3829/3829 3830/3830
v 0.43992354 0.42332198 0.734375
v 0.46748686 0.40490477 0.734375
v 0.46412343 0.39678473 0.734375
v 0.43370874 0.41710718 0.734375
vt 0.0625 0.4375
vt 0.25 0.4375
vt 0.25 0.5
vt 0.0625 0.5
f 3831/3831 3832/3832 3833/3833 3834/3834
v 0.46748686 0.40490477 0.734375
v 0.5 0.3984375 0.734375
v 0.5 0.38964844 0.734375
v 0.46412343 0.39678473 0.734375
vt 0.0625 0.4375
vt 0.25 0.4375
vt 0.25 0.5
vt 0.0625 0.5
f 3835/3835 3836/3836 3837/3837 3838/3838
v 0.5 0.3984375 0.734375
v 0.53251314 0.40490477 0.734375
v 0.53587657 0.39678473 0.734375
v 0.5 0.38964844 0.734375
vt 0.0625 0.4375
vt 0.25 0.4375
vt 0.25 0.5
vt 0.0625 0.5
f 3839/3839 3840/3840 3841/3841 3842/3842
v 0.53251314 0.40490477 0.734375
v 0.56007646 0.42332198 0.734375
v 0.56629126 0.41710718 0.734375
v 0.53587657 0.39678473 0.734375
vt 0.0625 0.4375
vt 0.25 0.4375
vt 0.25 0.5
vt 0.0625 0.5
f 3843/3843 3844/3844 3845/3845 3846/3846
v 0.56007646 0.42332198 0.734375
v 0.57849367 0.45088529 0.734375
v 0.58661371 0.44752187 0.734375
v 0.56629126 0.41710718 0.734375
vt 0.0625 0.4375
vt 0.25 0.4375
vt 0.25 0.5
vt 0.0625 0.5
f 3847/3847 3848/3848 3849/3849 3850/3850
v 0.57849367 0.45088529 0.734375
v 0.58496094 0.48339844 0.734375
v 0.59375 0.48339844 0.734375
v 0.58661371 0.44752187 0.734375
vt 0.0625 0.4375
vt 0.25 0.4375
vt 0.25 0.5
vt 0.0625 0.5
f 3851/3851 3852/3852 3853/3853 3854/3854
usemtl paint
v 0.57324219 0.48339844 0.82226563
v 0.56766696 0.51142701 0.82226563
v 0.53518682 0.49797329 0.86621094
v 0.53808594 0.48339844 0.86621094
vt 0 0
vt 0.0625 0
vt 0.0625 0.0625
vt 0 0.0625
f 3855/3855 3856/3856 3857/3857 3858/3858
v 0.56766696 0.51142701 0.82226563
v 0.55179005 0.53518848 0.82226563
v 0.52693082 0.51032926 0.86621094
v 0.53518682 0.49797329 0.86621094
vt 0 0
vt 0.0625 0
vt 0.0625 0.0625
vt 0 0.0625
f 3859/3859 3860/3860 3861/3861 3862/3862
v 0.55179005 0.53518848 0.82226563
v 0.52802857 0.5510654 0.82226563
v 0.51457486 0.51858526 0.86621094
v 0.52693082 0.51032926 0.86621094
vt 0 0
vt 0.0625 0
vt 0.0625 0.0625
vt 0 0.0625
f 3863/3863 3864/3864 3865/3865 3866/3866
v 0.52802857 0.5510654 0.82226563
v 0.5 0.55664063 0.82226563
v 0.5 0.52148438 0.86621094
v 0.51457486 0.51858526 0.86621094
vt 0 0
vt 0.0625 0
vt 0.0625 0.0625
vt 0 0.0625
f 3867/3867 3868/3868 3869/3869 3870/3870
v 0.5 0.55664063 0.82226563
v 0.47197143 0.5510654 0.82226563
v 0.48542514 0.51858526 0.86621094
v 0.5 0.52148438 0.86621094
vt 0 0
vt 0.0625 0
vt 0.0625 0.0625
vt 0 0.0625
f 3871/3871 3872/3872 3873/3873 3874/3874
v 0.47197143 0.5510654 0.82226563
v 0.44820995 0.53518848 0.82226563
v 0.47306918 0.51032926 0.86621094
v 0.48542514 0.51858526 0.86621094
vt 0 0
vt 0.0625 0
vt 0.0625 0.0625
vt 0 0.0625
f 3875/3875 3876/3876 3877/3877 3878/3878
v 0.44820995 0.53518848 0.82226563
v 0.43233304 0.51142701 0.82226563
v 0.46481318 0.49797329 0.86621094
v 0.47306918 0.51032926 0.86621094
vt 0 0
vt 0.0625 0
vt 0.0625 0.0625
vt 0 0.0625
f 3879/3879 3880/3880 3881/3881 3882/3882
v 0.43233304 0.51142701 0.82226563
v 0.42675781 0.48339844 0.82226563
v 0.46191406 0.48339844 0.86621094
v 0.46481318 0.49797329 0.86621094
vt 0 0
vt 0.0625 0
vt 0.0625 0.0625
vt 0 0.0625
f 3883/3883 3884/3884 3885/3885 3886/3886
v 0.42675781 0.48339844 0.82226563
v 0.43233304 0.45536987 0.82226563
v 0.46481318 0.46882358 0.86621094
v 0.46191406 0.48339844 0.86621094
vt 0 0
vt 0.0625 0
vt 0.0625 0.0625
vt 0 0.0625
f 3887/3887 3888/3888 3889/3889 3890/3890
v 0.43233304 0.45536987 0.82226563
v 0.44820995 0.43160839 0.82226563
v 0.47306918 0.45646761 0.86621094
v 0.46481318 0.46882358 0.86621094
vt 0 0
vt 0.0625 0
vt 0.0625 0.0625
vt 0 0.0625
f 3891/3891 3892/3892 3893/3893 3894/3894
v 0.44820995 0.43160839 0.82226563
v 0.47197143 0.41573148 0.82226563
v 0.48542514 0.44821162 0.86621094
v 0.47306918 0.45646761 0.86621094
vt 0 0
vt 0.0625 0
vt 0.0625 0.0625
vt 0 0.0625
f 3895/3895 3896/3896 3897/3897 3898/3898
v 0.47197143 0.41573148 0.82226563
v 0.5 0.41015625 0.82226563
v 0.5 0.4453125 0.86621094
v 0.48542514 0.44821162 0.86621094
vt 0 0
vt 0.0625 0
vt 0.0625 0.0625
vt 0 0.0625
f 3899/3899 3900/3900 3901/3901 3902/3902
v 0.5 0.41015625 0.82226563
v 0.52802857 0.41573148 0.82226563
v 0.51457486 0.44821162 0.86621094
v 0.5 0.4453125 0.86621094
vt 0 0
vt 0.0625 0
vt 0.0625 0.0625
vt 0 0.0625
f 3903/3903 3904/3904 3905/3905 3906/3906
v 0.52802857 0.41573148 0.82226563
v 0.55179005 0.43160839 0.82226563
v 0.52693082 0.45646761 0.86621094
v 0.51457486 0.44821162 0.86621094
vt 0 0
vt 0.0625 0
vt 0.0625 0.0625
vt 0 0.0625
f 3907/3907 3908/3908 3909/3909 3910/3910
v 0.55179005 0.43160839 0.82226563
v 0.56766696 0.45536987 0.82226563
v 0.53518682 0.46882358 0.86621094
v 0.52693082 0.45646761 0.86621094
vt 0 0
vt 0.0625 0
vt 0.0625 0.0625
vt 0 0.0625
f 3911/3911 3912/3912 3913/3913 3914/3914
v 0.56766696 0.45536987 0.82226563
v 0.57324219 0.48339844 0.82226563
v 0.53808594 0.48339844 0.86621094
v 0.53518682 0.46882358 0.86621094
vt 0 0
vt 0.0625 0
vt 0.0625 0.0625
vt 0 0.0625
f 3915/3915 3916/3916 3917/3917 3918/3918
v 0.5 0.48339844 0.86621094
v 0.53808594 0.48339844 0.86621094
v 0.53518682 0.49797329 0.86621094
v 0.52693082 0.51032926 0.86621094
vt 0.03125 0.03125
vt 0.0625 0.03125
vt 0.06012124 0.01929114
vt 0.05334709 0.00915291
f 3919/3919 3920/3920 3921/3921 3922/3922
v 0.5 0.48339844 0.86621094
v 0.52693082 0.51032926 0.86621094
v 0.51457486 0.51858526 0.86621094
v 0.5 0.52148438 0.86621094
vt 0.03125 0.03125
vt 0.05334709 0.00915291
vt 0.04320886 0.00237876
vt 0.03125 0
f 3923/3923 3924/3924 3925/3925 3926/3926
v 0.5 0.48339844 0.86621094
v 0.5 0.52148438 0.86621094
v 0.48542514 0.51858526 0.86621094
v 0.47306918 0.51032926 0.86621094
vt 0.03125 0.03125
vt 0.03125 0
vt 0.01929114 0.00237876
vt 0.00915291 0.00915291
f 3927/3927 3928/3928 3929/3929 3930/3930
v 0.5 0.48339844 0.86621094
v 0.47306918 0.51032926 0.86621094
v 0.46481318 0.49797329 0.86621094
v 0.46191406 0.48339844 0.86621094
vt 0.03125 0.03125
vt 0.00915291 0.00915291
vt 0.00237876 0.01929114
vt 0 0.03125
f 3931/3931 3932/3932 3933/3933 3934/3934
v 0.5 0.48339844 0.86621094
v 0.46191406 0.48339844 0.86621094
v 0.46481318 0.46882358 0.86621094
v 0.47306918 0.45646761 0.86621094
vt 0.03125 0.03125
vt 0 0.03125
vt 0.00237876 0.04320886
vt 0.00915291 0.05334709
f 3935/3935 3936/3936 3937/3937 3938/3938
v 0.5 0.48339844 0.86621094
v 0.47306918 0.45646761 0.86621094
v 0.48542514 0.44821162 0.86621094
v 0.5 0.4453125 0.86621094
vt 0.03125 0.03125
vt 0.00915291 0.05334709
vt 0.01929114 0.06012124
vt 0.03125 0.0625
f 3939/3939 3940/3940 3941/3941 3942/3942
v 0.5 0.48339844 0.86621094
v 0.5 0.4453125 0.86621094
v 0.51457486 0.44821162 0.86621094
v 0.52693082 0.45646761 0.86621094
vt 0.03125 0.03125
vt 0.03125 0.0625
vt 0.04320886 0.06012124
vt 0.05334709 0.05334709
f 3943/3943 3944/3944 3945/3945 3946/3946
v 0.5 0.48339844 0.86621094
v 0.52693082 0.45646761 0.86621094
v 0.53518682 0.46882358 0.86621094
v 0.53808594 0.48339844 0.86621094
vt 0.03125 0.03125
vt 0.05334709 0.05334709
vt 0.06012124 0.04320886
vt 0.0625 0.03125
f 3947/3947 3948/3948 3949/3949 3950/3950
usemtl copper
v 0.48974609 0.58007813 0.77539063
v 0.48974609 0.62988281 0.77539063
v 0.48974609 0.62988281 0.74609375
v 0.48974609 0.58007813 0.74609375
vt 0.0625 0.4375
vt 0.25 0.4375
vt 0.25 0.5
vt 0.0625 0.5
f 3951/3951 3952/3952 3953/3953 3954/3954
v 0.51025391 0.58007813 0.74609375
v 0.51025391 0.62988281 0.74609375
v 0.51025391 0.62988281 0.77539063
v 0.51025391 0.58007813 0.77539063
vt 0.0625 0.5
vt 0.25 0.5
vt 0.25 0.4375
vt 0.0625 0.4375
f 3955/3955 3956/3956 3957/3957 3958/3958
v 0.48974609 0.58007813 0.74609375
v 0.51025391 0.58007813 0.74609375
v 0.51025391 0.58007813 0.77539063
v 0.48974609 0.58007813 0.77539063
vt 0.0625 0.5
vt 0.25 0.5
vt 0.25 0.4375
vt 0.0625 0.4375
f 3959/3959 3960/3960 3961/3961 3962/3962
v 0.48974609 0.62988281 0.77539063
v 0.51025391 0.62988281 0.77539063
v 0.51025391 0.62988281 0.74609375
v 0.48974609 0.62988281 0.74609375
vt 0.0625 0.4375
vt 0.25 0.4375
vt 0.25 0.5
vt 0.0625 0.5
f 3963/3963 3964/3964 3965/3965 3966/3966
v 0.48974609 0.62988281 0.74609375
v 0.51025391 0.62988281 0.74609375
v 0.51025391 0.58007813 0.74609375
v 0.48974609 0.58007813 0.74609375
vt 0.0625 0.4375
vt 0.25 0.4375
vt 0.25 0.5
vt 0.0625 0.5
f 3967/3967 3968/3968 3969/3969 3970/3970
v 0.48974609 0.58007813 0.77539063
v 0.51025391 0.58007813 0.77539063
v 0.51025391 0.62988281 0.77539063
v 0.48974609 0.62988281 0.77539063
vt 0.0625 0.5
vt 0.25 0.5
vt 0.25 0.4375
vt 0.0625 0.4375
f 3971/3971 3972/3972 3973/3973 3974/3974
usemtl blade
v 0.48259294 0.62646984 0.77099609
v 0.51031884 0.82374981 0.77099609
v 0.51031884 0.82374981 0.74902344
v 0.48259294 0.62646984 0.74902344
vt 0 0
vt 1 0
vt 1 1
vt 0 1
f 3975/3975 3976/3976 3977/3977 3978/3978
v 0.54061646 0.61831517 0.74902344
v 0.56834235 0.81559513 0.74902344
v 0.56834235 0.81559513 0.77099609
v 0.54061646 0.61831517 0.77099609
vt 0 1
vt 1 1
vt 1 0
vt 0 0
f 3979/3979 3980/3980 3981/3981 3982/3982
v 0.48259294 0.62646984 0.74902344
v 0.54061646 0.61831517 0.74902344
v 0.54061646 0.61831517 0.77099609
v 0.48259294 0.62646984 0.77099609
vt 0 1
vt 1 1
vt 1 0
vt 0 0
f 3983/3983 3984/3984 3985/3985 3986/3986
v 0.51031884 0.82374981 0.77099609
v 0.56834235 0.81559513 0.77099609
v 0.56834235 0.81559513 0.74902344
v 0.51031884 0.82374981 0.74902344
vt 0 0
vt 1 0
vt 1 1
vt 0 1
f 3987/3987 3988/3988 3989/3989 3990/3990
v 0.51031884 0.82374981 0.74902344
v 0.56834235 0.81559513 0.74902344
v 0.54061646 0.61831517 0.74902344
v 0.48259294 0.62646984 0.74902344
vt 0 0
vt 1 0
vt 1 1
vt 0 1
f 3991/3991 3992/3992 3993/3993 3994/3994
v 0.48259294 0.62646984 0.77099609
v 0.54061646 0.61831517 0.77099609
v 0.56834235 0.81559513 0.77099609
v 0.51031884 0.82374981 0.77099609
vt 0 1
vt 1 1
vt 1 0
vt 0 0
f 3995/3995 3996/3996 3997/3997 3998/3998
usemtl copper
v 0.41114598 0.52285814 0.77539063
v 0.36801386 0.54776048 0.77539063
v 0.36801386 0.54776048 0.74609375
v 0.41114598 0.52285814 0.74609375
vt 0.0625 0.4375
vt 0.25 0.4375
vt 0.25 0.5
vt 0.0625 0.5
f 3999/3999 4000/4000 4001/4001 4002/4002
v 0.42139989 0.54061842 0.74609375
v 0.37826776 0.56552077 0.74609375
v 0.37826776 0.56552077 0.77539063
v 0.42139989 0.54061842 0.77539063
vt 0.0625 0.5
vt 0.25 0.5
vt 0.25 0.4375
vt 0.0625 0.4375
f 4003/4003 4004/4004 4005/4005 4006/4006
v 0.41114598 0.52285814 0.74609375
v 0.42139989 0.54061842 0.74609375
v 0.42139989 0.54061842 0.77539063
v 0.41114598 0.52285814 0.77539063
vt 0.0625 0.5
vt 0.25 0.5
vt 0.25 0.4375
vt 0.0625 0.4375
f 4007/4007 4008/4008 4009/4009 4010/4010
v 0.36801386 0.54776048 0.77539063
v 0.37826776 0.56552077 0.77539063
v 0.37826776 0.56552077 0.74609375
v 0.36801386 0.54776048 0.74609375
vt 0.0625 0.4375
vt 0.25 0.4375
vt 0.25 0.5
vt 0.0625 0.5
f 4011/4011 4012/4012 4013/4013 4014/4014
v 0.36801386 0.54776048 0.74609375
v 0.37826776 0.56552077 0.74609375
v 0.42139989 0.54061842 0.74609375
v 0.41114598 0.52285814 0.74609375
vt 0.0625 0.4375
vt 0.25 0.4375
vt 0.25 0.5
vt 0.0625 0.5
f 4015/4015 4016/4016 4017/4017 4018/4018
v 0.41114598 0.52285814 0.77539063
v 0.42139989 0.54061842 0.77539063
v 0.37826776 0.56552077 0.77539063
v 0.36801386 0.54776048 0.77539063
vt 0.0625 0.5
vt 0.25 0.5
vt 0.25 0.4375
vt 0.0625 0.4375
f 4019/4019 4020/4020 4021/4021 4022/4022
usemtl blade
v 0.367393 0.53985919 0.77099609
v 0.21040649 0.6625105 0.77099609
v 0.21040649 0.6625105 0.74902344
v 0.367393 0.53985919 0.74902344
vt 0 0
vt 1 0
vt 1 1
vt 0 1
f 4023/4023 4024/4024 4025/4025 4026/4026
v 0.40346692 0.58603169 0.74902344
v 0.2464804 0.708683 0.74902344
v 0.2464804 0.708683 0.77099609
v 0.40346692 0.58603169 0.77099609
vt 0 1
vt 1 1
vt 1 0
vt 0 0
f 4027/4027 4028/4028 4029/4029 4030/4030
v 0.367393 0.53985919 0.74902344
v 0.40346692 0.58603169 0.74902344
v 0.40346692 0.58603169 0.77099609
v 0.367393 0.53985919 0.77099609
vt 0 1
vt 1 1
vt 1 0
vt 0 0
f 4031/4031 4032/4032 4033/4033 4034/4034
v 0.21040649 0.6625105 0.77099609
v 0.2464804 0.708683 0.77099609
v 0.2464804 0.708683 0.74902344
v 0.21040649 0.6625105 0.74902344
vt 0 0
vt 1 0
vt 1 1
vt 0 1
f 4035/4035 4036/4036 4037/4037 4038/4038
v 0.21040649 0.6625105 0.74902344
v 0.2464804 0.708683 0.74902344
v 0.40346692 0.58603169 0.74902344
v 0.367393 0.53985919 0.74902344
vt 0 0
vt 1 0
vt 1 1
vt 0 1
f 4039/4039 4040/4040 4041/4041 4042/4042
v 0.367393 0.53985919 0.77099609
v 0.40346692 0.58603169 0.77099609
v 0.2464804 0.708683 0.77099609
v 0.21040649 0.6625105 0.77099609
vt 0 1
vt 1 1
vt 1 0
vt 0 0
f 4043/4043 4044/4044 4045/4045 4046/4046
usemtl copper
v 0.42139989 0.42617845 0.77539063
v 0.37826776 0.40127611 0.77539063
v 0.37826776 0.40127611 0.74609375
v 0.42139989 0.42617845 0.74609375
vt 0.0625 0.4375
vt 0.25 0.4375
vt 0.25 0.5
vt 0.0625 0.5
f 4047/4047 4048/4048 4049/4049 4050/4050
v 0.41114598 0.44393874 0.74609375
v 0.36801386 0.41903639 0.74609375
v 0.36801386 0.41903639 0.77539063
v 0.41114598 0.44393874 0.77539063
vt 0.0625 0.5
vt 0.25 0.5
vt 0.25 0.4375
vt 0.0625 0.4375
f 4051/4051 4052/4052 4053/4053 4054/4054
v 0.42139989 0.42617845 0.74609375
v 0.41114598 0.44393874 0.74609375
v 0.41114598 0.44393874 0.77539063
v 0.42139989 0.42617845 0.77539063
vt 0.0625 0.5
vt 0.25 0.5
vt 0.25 0.4375
vt 0.0625 0.4375
f 4055/4055 4056/4056 4057/4057 4058/4058
v 0.37826776 0.40127611 0.77539063
v 0.36801386 0.41903639 0.77539063
v 0.36801386 0.41903639 0.74609375
v 0.37826776 0.40127611 0.74609375
vt 0.0625 0.4375
vt 0.25 0.4375
vt 0.25 0.5
vt 0.0625 0.5
f 4059/4059 4060/4060 4061/4061 4062/4062
v 0.37826776 0.40127611 0.74609375
v 0.36801386 0.41903639 0.74609375
v 0.41114598 0.44393874 0.74609375
v 0.42139989 0.42617845 0.74609375
vt 0.0625 0.4375
vt 0.25 0.4375
vt 0.25 0.5
vt 0.0625 0.5
f 4063/4063 4064/4064 4065/4065 4066/4066
v 0.42139989 0.42617845 0.77539063
v 0.41114598 0.44393874 0.77539063
v 0.36801386 0.41903639 0.77539063
v 0.37826776 0.40127611 0.77539063
vt 0.0625 0.5
vt 0.25 0.5
vt 0.25 0.4375
vt 0.0625 0.4375
f 4067/4067 4068/4068 4069/4069 4070/4070
usemtl blade
v 0.38480006 0.39678778 0.77099609
v 0.20008765 0.32215913 0.77099609
v 0.20008765 0.32215913 0.74902344
v 0.38480006 0.39678778 0.74902344
vt 0 0
vt 1 0
vt 1 1
vt 0 1
f 4071/4071 4072/4072 4073/4073 4074/4074
v 0.36285045 0.45111496 0.74902344
v 0.17813805 0.37648631 0.74902344
v 0.17813805 0.37648631 0.77099609
v 0.36285045 0.45111496 0.77099609
vt 0 1
vt 1 1
vt 1 0
vt 0 0
f 4075/4075 4076/4076 4077/4077 4078/4078
v 0.38480006 0.39678778 0.74902344
v 0.36285045 0.45111496 0.74902344
v 0.36285045 0.45111496 0.77099609
v 0.38480006 0.39678778 0.77099609
vt 0 1
vt 1 1
vt 1 0
vt 0 0
f 4079/4079 4080/4080 4081/4081 4082/4082
v 0.20008765 0.32215913 0.77099609
v 0.17813805 0.37648631 0.77099609
v 0.17813805 0.37648631 0.74902344
v 0.20008765 0.32215913 0.74902344
vt 0 0
vt 1 0
vt 1 1
vt 0 1
f 4083/4083 4084/4084 4085/4085 4086/4086
v 0.20008765 0.32215913 0.74902344
v 0.17813805 0.37648631 0.74902344
v 0.36285045 0.45111496 0.74902344
v 0.38480006 0.39678778 0.74902344
vt 0 0
vt 1 0
vt 1 1
vt 0 1
f 4087/4087 4088/4088 4089/4089 4090/4090
v 0.38480006 0.39678778 0.77099609
v 0.36285045 0.45111496 0.77099609
v 0.17813805 0.37648631 0.77099609
v 0.20008765 0.32215913 0.77099609
vt 0 1
vt 1 1
vt 1 0
vt 0 0
f 4091/4091 4092/4092 4093/4093 4094/4094
usemtl copper
v 0.51025391 0.38671875 0.77539063
v 0.51025391 0.33691406 0.77539063
v 0.51025391 0.33691406 0.74609375
v 0.51025391 0.38671875 0.74609375
vt 0.0625 0.4375
vt 0.25 0.4375
vt 0.25 0.5
vt 0.0625 0.5
f 4095/4095 4096/4096 4097/4097 4098/4098
v 0.48974609 0.38671875 0.74609375
v 0.48974609 0.33691406 0.74609375
v 0.48974609 0.33691406 0.77539063
v 0.48974609 0.38671875 0.77539063
vt 0.0625 0.5
vt 0.25 0.5
vt 0.25 0.4375
vt 0.0625 0.4375
f 4099/4099 4100/4100 4101/4101 4102/4102
v 0.51025391 0.38671875 0.74609375
v 0.48974609 0.38671875 0.74609375
v 0.48974609 0.38671875 0.77539063
v 0.51025391 0.38671875 0.77539063
vt 0.0625 0.5
vt 0.25 0.5
vt 0.25 0.4375
vt 0.0625 0.4375
f 4103/4103 4104/4104 4105/4105 4106/4106
v 0.51025391 0.33691406 0.77539063
v 0.48974609 0.33691406 0.77539063
v 0.48974609 0.33691406 0.74609375
v 0.51025391 0.33691406 0.74609375
vt 0.0625 0.4375
vt 0.25 0.4375
vt 0.25 0.5
vt 0.0625 0.5
f 4107/4107 4108/4108 4109/4109 4110/4110
v 0.51025391 0.33691406 0.74609375
v 0.48974609 0.33691406 0.74609375
v 0.48974609 0.38671875 0.74609375
v 0.51025391 0.38671875 0.74609375
vt 0.0625 0.4375
vt 0.25 0.4375
vt 0.25 0.5
vt 0.0625 0.5
f 4111/4111 4112/4112 4113/4113 4114/4114
v 0.51025391 0.38671875 0.77539063
v 0.48974609 0.38671875 0.77539063
v 0.48974609 0.33691406 0.77539063
v 0.51025391 0.33691406 0.77539063
vt 0.0625 0.5
vt 0.25 0.5
vt 0.25 0.4375
vt 0.0625 0.4375
f 4115/4115 4116/4116 4117/4117 4118/4118
usemtl blade
v 0.51740706 0.34032704 0.77099609
v 0.48968116 0.14304707 0.77099609
v 0.48968116 0.14304707 0.74902344
v 0.51740706 0.34032704 0.74902344
vt 0 0
vt 1 0
vt 1 1
vt 0 1
f 4119/4119 4120/4120 4121/4121 4122/4122
v 0.45938354 0.34848171 0.74902344
v 0.43165765 0.15120174 0.74902344
v 0.43165765 0.15120174 0.77099609
v 0.45938354 0.34848171 0.77099609
vt 0 1
vt 1 1
vt 1 0
vt 0 0
f 4123/4123 4124/4124 4125/4125 4126/4126
v 0.51740706 0.34032704 0.74902344
v 0.45938354 0.34848171 0.74902344
v 0.45938354 0.34848171 0.77099609
v 0.51740706 0.34032704 0.77099609
vt 0 1
vt 1 1
vt 1 0
vt 0 0
f 4127/4127 4128/4128 4129/4129 4130/4130
v 0.48968116 0.14304707 0.77099609
v 0.43165765 0.15120174 0.77099609
v 0.43165765 0.15120174 0.74902344
v 0.48968116 0.14304707 0.74902344
vt 0 0
vt 1 0
vt 1 1
vt 0 1
f 4131/4131 4132/4132 4133/4133 4134/4134
v 0.48968116 0.14304707 0.74902344
v 0.43165765 0.15120174 0.74902344
v 0.45938354 0.34848171 0.74902344
v 0.51740706 0.34032704 0.74902344
vt 0 0
vt 1 0
vt 1 1
vt 0 1
f 4135/4135 4136/4136 4137/4137 4138/4138
v 0.51740706 0.34032704 0.77099609
v 0.45938354 0.34848171 0.77099609
v 0.43165765 0.15120174 0.77099609
v 0.48968116 0.14304707 0.77099609
vt 0 1
vt 1 1
vt 1 0
vt 0 0
f 4139/4139 4140/4140 4141/4141 4142/4142
usemtl copper
v 0.58885402 0.44393874 0.77539063
v 0.63198614 0.41903639 0.77539063
v 0.63198614 0.41903639 0.74609375
v 0.58885402 0.44393874 0.74609375
vt 0.0625 0.4375
vt 0.25 0.4375
vt 0.25 0.5
vt 0.0625 0.5
f 4143/4143 4144/4144 4145/4145 4146/4146
v 0.57860011 0.42617845 0.74609375
v 0.62173224 0.40127611 0.74609375
v 0.62173224 0.40127611 0.77539063
v 0.57860011 0.42617845 0.77539063
vt 0.0625 0.5
vt 0.25 0.5
vt 0.25 0.4375
vt 0.0625 0.4375
f 4147/4147 4148/4148 4149/4149 4150/4150
v 0.58885402 0.44393874 0.74609375
v 0.57860011 0.42617845 0.74609375
v 0.57860011 0.42617845 0.77539063
v 0.58885402 0.44393874 0.77539063
vt 0.0625 0.5
vt 0.25 0.5
vt 0.25 0.4375
vt 0.0625 0.4375
f 4151/4151 4152/4152 4153/4153 4154/4154
v 0.63198614 0.41903639 0.77539063
v 0.62173224 0.40127611 0.77539063
v 0.62173224 0.40127611 0.74609375
v 0.63198614 0.41903639 0.74609375
vt 0.0625 0.4375
vt 0.25 0.4375
vt 0.25 0.5
vt 0.0625 0.5
f 4155/4155 4156/4156 4157/4157 4158/4158
v 0.63198614 0.41903639 0.74609375
v 0.62173224 0.40127611 0.74609375
v 0.57860011 0.42617845 0.74609375
v 0.58885402 0.44393874 0.74609375
vt 0.0625 0.4375
vt 0.25 0.4375
vt 0.25 0.5
vt 0.0625 0.5
f 4159/4159 4160/4160 4161/4161 4162/4162
v 0.58885402 0.44393874 0.77539063
v 0.57860011 0.42617845 0.77539063
v 0.62173224 0.40127611 0.77539063
v 0.63198614 0.41903639 0.77539063
vt 0.0625 0.5
vt 0.25 0.5
vt 0.25 0.4375
vt 0.0625 0.4375
f 4163/4163 4164/4164 4165/4165 4166/4166
usemtl blade
v 0.632607 0.42693769 0.77099609
v 0.78959351 0.30428638 0.77099609
v 0.78959351 0.30428638 0.74902344
v 0.632607 0.42693769 0.74902344
vt 0 0
vt 1 0
vt 1 1
vt 0 1
f 4167/4167 4168/4168 4169/4169 4170/4170
v 0.59653308 0.38076518 0.74902344
v 0.7535196 0.25811387 0.74902344
v 0.7535196 0.25811387 0.77099609
v 0.59653308 0.38076518 0.77099609
vt 0 1
vt 1 1
vt 1 0
vt 0 0
f 4171/4171 4172/4172 4173/4173 4174/4174
v 0.632607 0.42693769 0.74902344
v 0.59653308 0.38076518 0.74902344
v 0.59653308 0.38076518 0.77099609
v 0.632607 0.42693769 0.77099609
vt 0 1
vt 1 1
vt 1 0
vt 0 0
f 4175/4175 4176/4176 4177/4177 4178/4178
v 0.78959351 0.30428638 0.77099609
v 0.7535196 0.25811387 0.77099609
v 0.7535196 0.25811387 0.74902344
v 0.78959351 0.30428638 0.74902344
vt 0 0
vt 1 0
vt 1 1
vt 0 1
f 4179/4179 4180/4180 4181/4181 4182/4182
v 0.78959351 0.30428638 0.74902344
v 0.7535196 0.25811387 0.74902344
v 0.59653308 0.38076518 0.74902344
v 0.632607 0.42693769 0.74902344
vt 0 0
vt 1 0
vt 1 1
vt 0 1
f 4183/4183 4184/4184 4185/4185 4186/4186
v 0.632607 0.42693769 0.77099609
v 0.59653308 0.38076518 0.77099609
v 0.7535196 0.25811387 0.77099609
v 0.78959351 0.30428638 0.77099609
vt 0 1
vt 1 1
vt 1 0
vt 0 0
f 4187/4187 4188/4188 4189/4189 4190/4190
usemtl copper
v 0.57860011 0.54061842 0.77539063
v 0.62173224 0.56552077 0.77539063
v 0.62173224 0.56552077 0.74609375
v 0.57860011 0.54061842 0.74609375
vt 0.0625 0.4375
vt 0.25 0.4375
vt 0.25 0.5
vt 0.0625 0.5
f 4191/4191 4192/4192 4193/4193 4194/4194
v 0.58885402 0.52285814 0.74609375
v 0.63198614 0.54776048 0.74609375
v 0.63198614 0.54776048 0.77539063
v 0.58885402 0.52285814 0.77539063
vt 0.0625 0.5
vt 0.25 0.5
vt 0.25 0.4375
vt 0.0625 0.4375
f 4195/4195 4196/4196 4197/4197 4198/4198
v 0.57860011 0.54061842 0.74609375
v 0.58885402 0.52285814 0.74609375
v 0.58885402 0.52285814 0.77539063
v 0.57860011 0.54061842 0.77539063
vt 0.0625 0.5
vt 0.25 0.5
vt 0.25 0.4375
vt 0.0625 0.4375
f 4199/4199 4200/4200 4201/4201 4202/4202
v 0.62173224 0.56552077 0.77539063
v 0.63198614 0.54776048 0.77539063
v 0.63198614 0.54776048 0.74609375
v 0.62173224 0.56552077 0.74609375
vt 0.0625 0.4375
vt 0.25 0.4375
vt 0.25 0.5
vt 0.0625 0.5
f 4203/4203 4204/4204 4205/4205 4206/4206
v 0.62173224 0.56552077 0.74609375
v 0.63198614 0.54776048 0.74609375
v 0.58885402 0.52285814 0.74609375
v 0.57860011 0.54061842 0.74609375
vt 0.0625 0.4375
vt 0.25 0.4375
vt 0.25 0.5
vt 0.0625 0.5
f 4207/4207 4208/4208 4209/4209 4210/4210
v 0.57860011 0.54061842 0.77539063
v 0.58885402 0.52285814 0.77539063
v 0.63198614 0.54776048 0.77539063
v 0.62173224 0.56552077 0.77539063
vt 0.0625 0.5
vt 0.25 0.5
vt 0.25 0.4375
vt 0.0625 0.4375
f 4211/4211 4212/4212 4213/4213 4214/4214
usemtl blade
v 0.61519994 0.57000909 0.77099609
v 0.79991235 0.64463775 0.77099609
v 0.79991235 0.64463775 0.74902344
v 0.61519994 0.57000909 0.74902344
vt 0 0
vt 1 0
vt 1 1
vt 0 1
f 4215/4215 4216/4216 4217/4217 4218/4218
v 0.63714955 0.51568191 0.74902344
v 0.82186195 0.59031057 0.74902344
v 0.82186195 0.59031057 0.77099609
v 0.63714955 0.51568191 0.77099609
vt 0 1
vt 1 1
vt 1 0
vt 0 0
f 4219/4219 4220/4220 4221/4221 4222/4222
v 0.61519994 0.57000909 0.74902344
v 0.63714955 0.51568191 0.74902344
v 0.63714955 0.51568191 0.77099609
v 0.61519994 0.57000909 0.77099609
vt 0 1
vt 1 1
vt 1 0
vt 0 0
f 4223/4223 4224/4224 4225/4225 4226/4226
v 0.79991235 0.64463775 0.77099609
v 0.82186195 0.59031057 0.77099609
v 0.82186195 0.59031057 0.74902344
v 0.79991235 0.64463775 0.74902344
vt 0 0
vt 1 0
vt 1 1
vt 0 1
f 4227/4227 4228/4228 4229/4229 4230/4230
v 0.79991235 0.64463775 0.74902344
v 0.82186195 0.59031057 0.74902344
v 0.63714955 0.51568191 0.74902344
v 0.61519994 0.57000909 0.74902344
vt 0 0
vt 1 0
vt 1 1
vt 0 1
f 4231/4231 4232/4232 4233/4233 4234/4234
v 0.61519994 0.57000909 0.77099609
v 0.63714955 0.51568191 0.77099609
v 0.82186195 0.59031057 0.77099609
v 0.79991235 0.64463775 0.77099609
vt 0 1
vt 1 1
vt 1 0
vt 0 0
f 4235/4235 4236/4236 4237/4237 4238/4238
