# Generated by scripts/hydro-models.cjs
mtllib homelink_energy:models/hydro.mtl
usemtl body
v 0.20703125 0.17578125 0.79296875
v 0.20703125 0.76171875 0.79296875
v 0.20703125 0.76171875 0.20703125
v 0.20703125 0.17578125 0.20703125
vt 0 0
vt 1 0
vt 1 1
vt 0 1
f 1/1 2/2 3/3 4/4
v 0.79296875 0.17578125 0.20703125
v 0.79296875 0.76171875 0.20703125
v 0.79296875 0.76171875 0.79296875
v 0.79296875 0.17578125 0.79296875
vt 0 1
vt 1 1
vt 1 0
vt 0 0
f 5/5 6/6 7/7 8/8
v 0.20703125 0.17578125 0.20703125
v 0.79296875 0.17578125 0.20703125
v 0.79296875 0.17578125 0.79296875
v 0.20703125 0.17578125 0.79296875
vt 0 1
vt 1 1
vt 1 0
vt 0 0
f 9/9 10/10 11/11 12/12
v 0.20703125 0.76171875 0.79296875
v 0.79296875 0.76171875 0.79296875
v 0.79296875 0.76171875 0.20703125
v 0.20703125 0.76171875 0.20703125
vt 0 0
vt 1 0
vt 1 1
vt 0 1
f 13/13 14/14 15/15 16/16
v 0.20703125 0.76171875 0.20703125
v 0.79296875 0.76171875 0.20703125
v 0.79296875 0.17578125 0.20703125
v 0.20703125 0.17578125 0.20703125
vt 0 0
vt 1 0
vt 1 1
vt 0 1
f 17/17 18/18 19/19 20/20
v 0.20703125 0.17578125 0.79296875
v 0.79296875 0.17578125 0.79296875
v 0.79296875 0.76171875 0.79296875
v 0.20703125 0.76171875 0.79296875
vt 0 1
vt 1 1
vt 1 0
vt 0 0
f 21/21 22/22 23/23 24/24
v 0.69058737 0.65933737 0.125
v 0.69058737 0.65933737 0.5
v 0.76953125 0.46875 0.5
v 0.76953125 0.46875 0.125
vt 1 0.2
vt 1 1
vt 0 1
vt 0 0.2
f 25/25 26/26 27/27 28/28
v 0.69058737 0.65933737 0.078125
v 0.69058737 0.65933737 0.08398438
v 0.76953125 0.46875 0.08398438
v 0.76953125 0.46875 0.078125
vt 1 0.1
vt 1 0.1125
vt 0 0.1125
vt 0 0.1
f 29/29 30/30 31/31 32/32
v 0.5 0.73828125 0.125
v 0.5 0.73828125 0.5
v 0.69058737 0.65933737 0.5
v 0.69058737 0.65933737 0.125
vt 1 0.2
vt 1 1
vt 0 1
vt 0 0.2
f 33/33 34/34 35/35 36/36
v 0.5 0.73828125 0.078125
v 0.5 0.73828125 0.08398438
v 0.69058737 0.65933737 0.08398438
v 0.69058737 0.65933737 0.078125
vt 1 0.1
vt 1 0.1125
vt 0 0.1125
vt 0 0.1
f 37/37 38/38 39/39 40/40
v 0.30941263 0.65933737 0.125
v 0.30941263 0.65933737 0.5
v 0.5 0.73828125 0.5
v 0.5 0.73828125 0.125
vt 1 0.2
vt 1 1
vt 0 1
vt 0 0.2
f 41/41 42/42 43/43 44/44
v 0.30941263 0.65933737 0.078125
v 0.30941263 0.65933737 0.08398438
v 0.5 0.73828125 0.08398438
v 0.5 0.73828125 0.078125
vt 1 0.1
vt 1 0.1125
vt 0 0.1125
vt 0 0.1
f 45/45 46/46 47/47 48/48
v 0.23046875 0.46875 0.125
v 0.23046875 0.46875 0.5
v 0.30941263 0.65933737 0.5
v 0.30941263 0.65933737 0.125
vt 1 0.2
vt 1 1
vt 0 1
vt 0 0.2
f 49/49 50/50 51/51 52/52
v 0.23046875 0.46875 0.078125
v 0.23046875 0.46875 0.08398438
v 0.30941263 0.65933737 0.08398438
v 0.30941263 0.65933737 0.078125
vt 1 0.1
vt 1 0.1125
vt 0 0.1125
vt 0 0.1
f 53/53 54/54 55/55 56/56
v 0.30941263 0.27816263 0.125
v 0.30941263 0.27816263 0.5
v 0.23046875 0.46875 0.5
v 0.23046875 0.46875 0.125
vt 1 0.2
vt 1 1
vt 0 1
vt 0 0.2
f 57/57 58/58 59/59 60/60
v 0.30941263 0.27816263 0.078125
v 0.30941263 0.27816263 0.08398438
v 0.23046875 0.46875 0.08398438
v 0.23046875 0.46875 0.078125
vt 1 0.1
vt 1 0.1125
vt 0 0.1125
vt 0 0.1
f 61/61 62/62 63/63 64/64
v 0.5 0.19921875 0.125
v 0.5 0.19921875 0.5
v 0.30941263 0.27816263 0.5
v 0.30941263 0.27816263 0.125
vt 1 0.2
vt 1 1
vt 0 1
vt 0 0.2
f 65/65 66/66 67/67 68/68
v 0.5 0.19921875 0.078125
v 0.5 0.19921875 0.08398438
v 0.30941263 0.27816263 0.08398438
v 0.30941263 0.27816263 0.078125
vt 1 0.1
vt 1 0.1125
vt 0 0.1125
vt 0 0.1
f 69/69 70/70 71/71 72/72
v 0.69058737 0.27816263 0.125
v 0.69058737 0.27816263 0.5
v 0.5 0.19921875 0.5
v 0.5 0.19921875 0.125
vt 1 0.2
vt 1 1
vt 0 1
vt 0 0.2
f 73/73 74/74 75/75 76/76
v 0.69058737 0.27816263 0.078125
v 0.69058737 0.27816263 0.08398438
v 0.5 0.19921875 0.08398438
v 0.5 0.19921875 0.078125
vt 1 0.1
vt 1 0.1125
vt 0 0.1125
vt 0 0.1
f 77/77 78/78 79/79 80/80
v 0.76953125 0.46875 0.125
v 0.76953125 0.46875 0.5
v 0.69058737 0.27816263 0.5
v 0.69058737 0.27816263 0.125
vt 1 0.2
vt 1 1
vt 0 1
vt 0 0.2
f 81/81 82/82 83/83 84/84
v 0.76953125 0.46875 0.078125
v 0.76953125 0.46875 0.08398438
v 0.69058737 0.27816263 0.08398438
v 0.69058737 0.27816263 0.078125
vt 1 0.1
vt 1 0.1125
vt 0 0.1125
vt 0 0.1
f 85/85 86/86 87/87 88/88
usemtl paint
v 0.8984375 0.46875 0.03125
v 0.78173786 0.75048786 0.03125
v 0.78173786 0.75048786 0.078125
v 0.8984375 0.46875 0.078125
vt 0 0
vt 0.0625 0
vt 0.0625 0.0625
vt 0 0.0625
f 89/89 90/90 91/91 92/92
v 0.78173786 0.75048786 0.03125
v 0.5 0.8671875 0.03125
v 0.5 0.8671875 0.078125
v 0.78173786 0.75048786 0.078125
vt 0 0
vt 0.0625 0
vt 0.0625 0.0625
vt 0 0.0625
f 93/93 94/94 95/95 96/96
v 0.5 0.8671875 0.03125
v 0.21826214 0.75048786 0.03125
v 0.21826214 0.75048786 0.078125
v 0.5 0.8671875 0.078125
vt 0 0
vt 0.0625 0
vt 0.0625 0.0625
vt 0 0.0625
f 97/97 98/98 99/99 100/100
v 0.21826214 0.75048786 0.03125
v 0.1015625 0.46875 0.03125
v 0.1015625 0.46875 0.078125
v 0.21826214 0.75048786 0.078125
vt 0 0
vt 0.0625 0
vt 0.0625 0.0625
vt 0 0.0625
f 101/101 102/102 103/103 104/104
v 0.1015625 0.46875 0.03125
v 0.21826214 0.18701214 0.03125
v 0.21826214 0.18701214 0.078125
v 0.1015625 0.46875 0.078125
vt 0 0
vt 0.0625 0
vt 0.0625 0.0625
vt 0 0.0625
f 105/105 106/106 107/107 108/108
v 0.21826214 0.18701214 0.03125
v 0.5 0.0703125 0.03125
v 0.5 0.0703125 0.078125
v 0.21826214 0.18701214 0.078125
vt 0 0
vt 0.0625 0
vt 0.0625 0.0625
vt 0 0.0625
f 109/109 110/110 111/111 112/112
v 0.5 0.0703125 0.03125
v 0.78173786 0.18701214 0.03125
v 0.78173786 0.18701214 0.078125
v 0.5 0.0703125 0.078125
vt 0 0
vt 0.0625 0
vt 0.0625 0.0625
vt 0 0.0625
f 113/113 114/114 115/115 116/116
v 0.78173786 0.18701214 0.03125
v 0.8984375 0.46875 0.03125
v 0.8984375 0.46875 0.078125
v 0.78173786 0.18701214 0.078125
vt 0 0
vt 0.0625 0
vt 0.0625 0.0625
vt 0 0.0625
f 117/117 118/118 119/119 120/120
v 0.83772044 0.61533395 0.078125
v 0.78173786 0.75048786 0.078125
v 0.70256653 0.67131653 0.078125
vt 0.0325178 0
vt 0.0625 0
vt 0.0625 0.05428614
f 121/121 122/122 123/123
v 0.8984375 0.46875 0.078125
v 0.83772044 0.61533395 0.078125
v 0.8326191 0.61744699 0.078125
v 0.89421141 0.46875 0.078125
vt 0 0
vt 0.0325178 0
vt 0.03364947 0.00204901
vt 0 0.00204901
f 124/124 125/125 126/126 127/127
v 0.71566171 0.59880257 0.078125
v 0.76953125 0.46875 0.078125
v 0.89421141 0.46875 0.078125
vt 0.04264861 0.0625
vt 0 0.0625
vt 0 0.00204901
f 128/128 129/129 130/130
v 0.71566171 0.59880257 0.078125
v 0.89421141 0.46875 0.078125
v 0.85898629 0.55379097 0.078125
vt 0.04264861 0.0625
vt 0 0.00204901
vt 0.0192444 0.00204901
f 131/131 132/132 133/133
v 0.71566171 0.59880257 0.078125
v 0.85898629 0.55379097 0.078125
v 0.75031866 0.59880257 0.078125
vt 0.04264861 0.0625
vt 0.0192444 0.00204901
vt 0.03897436 0.04569663
f 134/134 135/135 136/136
v 0.7876075 0.59880257 0.078125
v 0.75031866 0.59880257 0.078125
v 0.79533027 0.58015816 0.078125
vt 0.03502109 0.02761719
vt 0.03897436 0.04569663
vt 0.03080194 0.02761719
f 137/137 138/138 139/139
v 0.85898629 0.55379097 0.078125
v 0.84034187 0.59880257 0.078125
v 0.82715828 0.56697456 0.078125
vt 0.0192444 0.00204901
vt 0.02943032 0.00204901
vt 0.02502317 0.0148331
f 140/140 141/141 142/142
v 0.81397468 0.57243539 0.078125
v 0.82715828 0.56697456 0.078125
v 0.8326191 0.58015816 0.078125
vt 0.02741682 0.02012845
vt 0.02502317 0.0148331
vt 0.02684867 0.00953776
f 143/143 144/144 145/145
v 0.80079109 0.63063058 0.078125
v 0.70256653 0.67131653 0.078125
v 0.69058737 0.65933737 0.078125
vt 0.04071012 0.0148331
vt 0.0625 0.05428614
vt 0.0625 0.0625
f 146/146 147/147 148/148
v 0.80079109 0.63063058 0.078125
v 0.69058737 0.65933737 0.078125
v 0.71566171 0.59880257 0.078125
vt 0.04071012 0.0148331
vt 0.0625 0.0625
vt 0.04264861 0.0625
f 149/149 150/150 151/151
v 0.80079109 0.63063058 0.078125
v 0.71566171 0.59880257 0.078125
v 0.7876075 0.59880257 0.078125
vt 0.04071012 0.0148331
vt 0.04264861 0.0625
vt 0.03502109 0.02761719
f 152/152 153/153 154/154
v 0.81397468 0.62516976 0.078125
v 0.80079109 0.63063058 0.078125
v 0.79533027 0.61744699 0.078125
vt 0.0377855 0.00953776
vt 0.04071012 0.0148331
vt 0.03835365 0.02012845
f 155/155 156/156 157/157
v 0.78173786 0.75048786 0.078125
v 0.5 0.8671875 0.078125
v 0.5 0.86296141 0.078125
v 0.77874956 0.74749956 0.078125
vt 0 0
vt 0.0625 0
vt 0.0625 0.00204901
vt 0 0.00204901
f 158/158 159/159 160/160 161/161
v 0.70256653 0.67131653 0.078125
v 0.77874956 0.74749956 0.078125
v 0.64869699 0.8013691 0.078125
vt 0 0.05428614
vt 0 0.00204901
vt 0.02915982 0.00204901
f 162/162 163/163 164/164
v 0.5 0.78272468 0.078125
v 0.5 0.73828125 0.078125
v 0.69058737 0.65933737 0.078125
vt 0.0625 0.04095167
vt 0.0625 0.0625
vt 0 0.0625
f 165/165 166/166 167/167
v 0.5 0.78272468 0.078125
v 0.69058737 0.65933737 0.078125
v 0.70256653 0.67131653 0.078125
vt 0.0625 0.04095167
vt 0 0.0625
vt 0 0.05428614
f 168/168 169/169 170/170
v 0.5 0.78272468 0.078125
v 0.70256653 0.67131653 0.078125
v 0.67506418 0.73771308 0.078125
vt 0.0625 0.04095167
vt 0 0.05428614
vt 0.01488714 0.02761719
f 171/171 172/172 173/173
v 0.5 0.78272468 0.078125
v 0.67506418 0.73771308 0.078125
v 0.56639655 0.78272468 0.078125
vt 0.0625 0.04095167
vt 0.01488714 0.02761719
vt 0.0465734 0.02761719
f 174/174 175/175 176/176
v 0.60368539 0.78272468 0.078125
v 0.56639655 0.78272468 0.078125
v 0.61140816 0.76408027 0.078125
vt 0.03762889 0.02012845
vt 0.0465734 0.02761719
vt 0.03344852 0.02761719
f 177/177 178/178 179/179
v 0.67506418 0.73771308 0.078125
v 0.65641976 0.78272468 0.078125
v 0.64323617 0.75089667 0.078125
vt 0.01488714 0.02761719
vt 0.02497945 0.00953776
vt 0.02416783 0.02761719
f 180/180 181/181 182/182
v 0.63005257 0.7563575 0.078125
v 0.64323617 0.75089667 0.078125
v 0.64869699 0.76408027 0.078125
vt 0.02801202 0.02761719
vt 0.02416783 0.02761719
vt 0.02450401 0.02012845
f 183/183 184/184 185/185
v 0.5 0.86296141 0.078125
v 0.5 0.78272468 0.078125
v 0.60368539 0.78272468 0.078125
v 0.61686898 0.8145527 0.078125
vt 0.0625 0.00204901
vt 0.0625 0.04095167
vt 0.03762889 0.02012845
vt 0.03629615 0.00204901
f 186/186 187/187 188/188 189/189
v 0.63005257 0.80909187 0.078125
v 0.61686898 0.8145527 0.078125
v 0.61140816 0.8013691 0.078125
vt 0.03334018 0.00204901
vt 0.03629615 0.00204901
vt 0.03684819 0.00953776
f 190/190 191/191 192/192
v 0.5 0.8671875 0.078125
v 0.36484609 0.81120492 0.078125
v 0.5 0.75522233 0.078125
vt 0 0
vt 0.0299822 0
vt 0 0.05428614
f 193/193 194/194 195/195
v 0.42721211 0.70813152 0.078125
v 0.5 0.73828125 0.078125
v 0.5 0.75522233 0.078125
v 0.38859184 0.8013691 0.078125
vt 0.02386959 0.0625
vt 0 0.0625
vt 0 0.05428614
vt 0.0247145 0.00953776
f 196/196 197/197 198/198 199/199
v 0.29608873 0.78272468 0.078125
v 0.21826214 0.75048786 0.078125
v 0.30941263 0.65933737 0.078125
vt 0.04523515 0
vt 0.0625 0
vt 0.0625 0.0625
f 200/200 201/201 202/202
v 0.29608873 0.78272468 0.078125
v 0.30941263 0.65933737 0.078125
v 0.42721211 0.70813152 0.078125
vt 0.04523515 0
vt 0.0625 0.0625
vt 0.02386959 0.0625
f 203/203 204/204 205/205
v 0.29608873 0.78272468 0.078125
v 0.42721211 0.70813152 0.078125
v 0.41495903 0.73771308 0.078125
vt 0.04523515 0
vt 0.02386959 0.0625
vt 0.02413766 0.04569663
f 206/206 207/207 208/208
v 0.29608873 0.78272468 0.078125
v 0.41495903 0.73771308 0.078125
v 0.30629141 0.78272468 0.078125
vt 0.04523515 0
vt 0.02413766 0.04569663
vt 0.04312901 0.00204901
f 209/209 210/210 211/211
v 0.34358024 0.78272468 0.078125
v 0.30629141 0.78272468 0.078125
v 0.35130301 0.76408027 0.078125
vt 0.03543149 0.00953776
vt 0.04312901 0.00204901
vt 0.03526254 0.02012845
f 212/212 213/213 214/214
v 0.41495903 0.73771308 0.078125
v 0.39631461 0.78272468 0.078125
v 0.38313102 0.75089667 0.078125
vt 0.02413766 0.04569663
vt 0.02454554 0.02012845
vt 0.0297001 0.03291254
f 215/215 216/216 217/217
v 0.36994743 0.7563575 0.078125
v 0.38313102 0.75089667 0.078125
v 0.38859184 0.76408027 0.078125
vt 0.03200413 0.02761719
vt 0.0297001 0.03291254
vt 0.02756501 0.02761719
f 218/218 219/219 220/220
v 0.35341605 0.80647044 0.078125
v 0.29608873 0.78272468 0.078125
v 0.34358024 0.78272468 0.078125
vt 0.0325178 0
vt 0.04523515 0
vt 0.03543149 0.00953776
f 221/221 222/222 223/223
v 0.36484609 0.81120492 0.078125
v 0.35341605 0.80647044 0.078125
v 0.35130301 0.8013691 0.078125
v 0.36994743 0.80909187 0.078125
vt 0.0299822 0
vt 0.0325178 0
vt 0.03314376 0.00204901
vt 0.02885053 0.00204901
f 224/224 225/225 226/226 227/227
v 0.21826214 0.75048786 0.078125
v 0.16923453 0.63212473 0.078125
v 0.2792629 0.58654949 0.078125
v 0.30941263 0.65933737 0.078125
vt 0 0
vt 0.02625737 0
vt 0.02386959 0.0625
vt 0 0.0625
f 228/228 229/229 230/230 231/231
v 0.2483654 0.51195633 0.078125
v 0.2792629 0.58654949 0.078125
v 0.20466973 0.61744699 0.078125
vt 0.04833119 0.0625
vt 0.02386959 0.0625
vt 0.02548837 0.02012845
f 232/232 233/233 234/234
v 0.15059011 0.58711313 0.078125
v 0.1015625 0.46875 0.078125
v 0.23046875 0.46875 0.078125
vt 0.03624263 0
vt 0.0625 0
vt 0.0625 0.0625
f 235/235 236/236 237/237
v 0.15059011 0.58711313 0.078125
v 0.23046875 0.46875 0.078125
v 0.2483654 0.51195633 0.078125
vt 0.03624263 0
vt 0.0625 0.0625
vt 0.04833119 0.0625
f 238/238 239/239 240/240
v 0.15059011 0.58711313 0.078125
v 0.2483654 0.51195633 0.078125
v 0.23103692 0.55379097 0.078125
vt 0.03624263 0
vt 0.04833119 0.0625
vt 0.03927237 0.04569663
f 241/241 242/242 243/243
v 0.15543204 0.59880257 0.078125
v 0.15059011 0.58711313 0.078125
v 0.1673809 0.58015816 0.078125
v 0.15965813 0.59880257 0.078125
vt 0.03364947 0
vt 0.03624263 0
vt 0.03687499 0.00953776
vt 0.03334351 0.00204901
f 244/244 245/245 246/246 247/247
v 0.19920891 0.56697456 0.078125
v 0.23103692 0.55379097 0.078125
v 0.2123925 0.59880257 0.078125
vt 0.03807368 0.02761719
vt 0.03927237 0.04569663
vt 0.02952561 0.02761719
f 248/248 249/249 250/250
v 0.18602532 0.57243539 0.078125
v 0.19920891 0.56697456 0.078125
v 0.20466973 0.58015816 0.078125
vt 0.03757717 0.02012845
vt 0.03807368 0.02761719
vt 0.03453296 0.02761719
f 251/251 252/252 253/253
v 0.16923453 0.63212473 0.078125
v 0.15543204 0.59880257 0.078125
v 0.15965813 0.59880257 0.078125
v 0.17284172 0.63063058 0.078125
vt 0.02625737 0
vt 0.03364947 0
vt 0.03334351 0.00204901
vt 0.02617909 0.00204901
f 254/254 255/255 256/256 257/257
v 0.18602532 0.62516976 0.078125
v 0.17284172 0.63063058 0.078125
v 0.1673809 0.61744699 0.078125
vt 0.02589299 0.00953776
vt 0.02617909 0.00204901
vt 0.02914669 0.00204901
f 258/258 259/259 260/260
v 0.1015625 0.46875 0.078125
v 0.13591237 0.38582208 0.078125
v 0.29151598 0.32136895 0.078125
v 0.23046875 0.46875 0.078125
vt 0 0
vt 0.01839652 0
vt 0.04833119 0.0625
vt 0 0.0625
f 261/261 262/262 263/263 264/264
v 0.25853927 0.22728927 0.078125
v 0.30941263 0.27816263 0.078125
v 0.29151598 0.32136895 0.078125
v 0.20466973 0.35734184 0.078125
vt 0.0625 0.02761719
vt 0.0625 0.0625
vt 0.04833119 0.0625
vt 0.03162391 0.02761719
f 265/265 266/266 267/267 268/268
v 0.16227956 0.32216605 0.078125
v 0.21826214 0.18701214 0.078125
v 0.25853927 0.22728927 0.078125
v 0.23103692 0.29368582 0.078125
vt 0.0325178 0
vt 0.0625 0
vt 0.0625 0.02761719
vt 0.04673664 0.02761719
f 269/269 270/270 271/271 272/272
v 0.15543204 0.33869743 0.078125
v 0.16227956 0.32216605 0.078125
v 0.1673809 0.32005301 0.078125
v 0.15965813 0.33869743 0.078125
vt 0.02885053 0
vt 0.0325178 0
vt 0.03357275 0.00204901
vt 0.0293847 0.00204901
f 273/273 274/274 275/275 276/276
v 0.19920891 0.30686942 0.078125
v 0.23103692 0.29368582 0.078125
v 0.2123925 0.33869743 0.078125
vt 0.04015469 0.0148331
vt 0.04673664 0.02761719
vt 0.03605032 0.02761719
f 277/277 278/278 279/279
v 0.18602532 0.31233024 0.078125
v 0.19920891 0.30686942 0.078125
v 0.20466973 0.32005301 0.078125
vt 0.03742836 0.00953776
vt 0.04015469 0.0148331
vt 0.03845461 0.02012845
f 280/280 281/281 282/282
v 0.13591237 0.38582208 0.078125
v 0.15543204 0.33869743 0.078125
v 0.15965813 0.33869743 0.078125
v 0.17284172 0.37052544 0.078125
vt 0.01839652 0
vt 0.02885053 0
vt 0.0293847 0.00204901
vt 0.0255009 0.0148331
f 283/283 284/284 285/285 286/286
v 0.18602532 0.36506461 0.078125
v 0.17284172 0.37052544 0.078125
v 0.1673809 0.35734184 0.078125
vt 0.02803713 0.02012845
vt 0.0255009 0.0148331
vt 0.02710963 0.00953776
f 287/287 288/288 289/289
v 0.5 0.12727296 0.078125
v 0.5 0.19921875 0.078125
v 0.30941263 0.27816263 0.078125
v 0.25853927 0.22728927 0.078125
vt 0.0625 0.02761719
vt 0.0625 0.0625
vt 0 0.0625
vt 0 0.02761719
f 290/290 291/291 292/292 293/293
v 0.41707208 0.10466237 0.078125
v 0.5 0.0703125 0.078125
v 0.5 0.12727296 0.078125
v 0.38859184 0.17341973 0.078125
vt 0.04410348 0
vt 0.0625 0
vt 0.0625 0.02761719
vt 0.03366297 0.02761719
f 294/294 295/295 296/296 297/297
v 0.29608873 0.15477532 0.078125
v 0.41707208 0.10466237 0.078125
v 0.41495903 0.10976371 0.078125
v 0.30629141 0.15477532 0.078125
vt 0.01726485 0
vt 0.04410348 0
vt 0.04332887 0.00204901
vt 0.01922232 0.00204901
f 298/298 299/299 300/300 301/301
v 0.34358024 0.15477532 0.078125
v 0.30629141 0.15477532 0.078125
v 0.35130301 0.1361309 0.078125
vt 0.0263765 0.00953776
vt 0.01922232 0.00204901
vt 0.02920758 0.00204901
f 302/302 303/303 304/304
v 0.41495903 0.10976371 0.078125
v 0.39631461 0.15477532 0.078125
v 0.38313102 0.1229473 0.078125
vt 0.04332887 0.00204901
vt 0.03649405 0.02012845
vt 0.03626822 0.00204901
f 305/305 306/306 307/307
v 0.36994743 0.12840813 0.078125
v 0.38313102 0.1229473 0.078125
v 0.38859184 0.1361309 0.078125
vt 0.03334361 0.00204901
vt 0.03626822 0.00204901
vt 0.03636176 0.00953776
f 308/308 309/309 310/310
v 0.21826214 0.18701214 0.078125
v 0.29608873 0.15477532 0.078125
v 0.34358024 0.15477532 0.078125
vt 0 0
vt 0.01726485 0
vt 0.0263765 0.00953776
f 311/311 312/312 313/313
v 0.21826214 0.18701214 0.078125
v 0.34358024 0.15477532 0.078125
v 0.35676383 0.18660333 0.078125
vt 0 0
vt 0.0263765 0.00953776
vt 0.02542457 0.02761719
f 314/314 315/315 316/316
v 0.21826214 0.18701214 0.078125
v 0.35676383 0.18660333 0.078125
v 0.25853927 0.22728927 0.078125
vt 0 0
vt 0.02542457 0.02761719
vt 0 0.02761719
f 317/317 318/318 319/319
v 0.36994743 0.1811425 0.078125
v 0.35676383 0.18660333 0.078125
v 0.35130301 0.17341973 0.078125
vt 0.02883703 0.02761719
vt 0.02542457 0.02761719
vt 0.02581887 0.02012845
f 320/320 321/321 322/322
v 0.69880993 0.15266227 0.078125
v 0.78173786 0.18701214 0.078125
v 0.69058737 0.27816263 0.078125
v 0.54320633 0.2171154 0.078125
vt 0.04410348 0
vt 0.0625 0
vt 0.0625 0.0625
vt 0.01416881 0.0625
f 323/323 324/324 325/325 326/326
v 0.66337473 0.13798453 0.078125
v 0.69880993 0.15266227 0.078125
v 0.64869699 0.17341973 0.078125
vt 0.03624263 0
vt 0.04410348 0
vt 0.03446287 0.02012845
f 327/327 328/328 329/329
v 0.5 0.0703125 0.078125
v 0.63515391 0.12629508 0.078125
v 0.56639655 0.15477532 0.078125
v 0.5 0.15477532 0.078125
vt 0 0
vt 0.0299822 0
vt 0.01502618 0.02761719
vt 0 0.04095167
f 330/330 331/331 332/332 333/333
v 0.60368539 0.15477532 0.078125
v 0.56639655 0.15477532 0.078125
v 0.61140816 0.1361309 0.078125
vt 0.023465 0.02012845
vt 0.01502618 0.02761719
vt 0.02481705 0.00953776
f 334/334 335/335 336/336
v 0.64658395 0.13102956 0.078125
v 0.66337473 0.13798453 0.078125
v 0.65641976 0.15477532 0.078125
vt 0.0325178 0
vt 0.03624263 0
vt 0.0353993 0.00953776
f 337/337 338/338 339/339
v 0.63515391 0.12629508 0.078125
v 0.64658395 0.13102956 0.078125
v 0.64869699 0.1361309 0.078125
v 0.63005257 0.12840813 0.078125
vt 0.0299822 0
vt 0.0325178 0
vt 0.03313684 0.00204901
vt 0.02887256 0.00204901
f 340/340 341/341 342/342 343/343
v 0.61686898 0.18660333 0.078125
v 0.54320633 0.2171154 0.078125
v 0.5 0.19921875 0.078125
vt 0.02833986 0.03291254
vt 0.01416881 0.0625
vt 0 0.0625
f 344/344 345/345 346/346
v 0.61686898 0.18660333 0.078125
v 0.5 0.19921875 0.078125
v 0.5 0.15477532 0.078125
vt 0.02833986 0.03291254
vt 0 0.0625
vt 0 0.04095167
f 347/347 348/348 349/349
v 0.61686898 0.18660333 0.078125
v 0.5 0.15477532 0.078125
v 0.60368539 0.15477532 0.078125
vt 0.02833986 0.03291254
vt 0 0.04095167
vt 0.023465 0.02012845
f 350/350 351/351 352/352
v 0.63005257 0.1811425 0.078125
v 0.61686898 0.18660333 0.078125
v 0.61140816 0.17341973 0.078125
vt 0.03087609 0.02761719
vt 0.02833986 0.03291254
vt 0.02632063 0.02761719
f 353/353 354/354 355/355
v 0.84940989 0.35038687 0.078125
v 0.8984375 0.46875 0.078125
v 0.76953125 0.46875 0.078125
v 0.73938152 0.39596211 0.078125
vt 0.03624263 0
vt 0.0625 0
vt 0.0625 0.0625
vt 0.03863041 0.0625
f 356/356 357/357 358/358 359/359
v 0.84245492 0.33359609 0.078125
v 0.84940989 0.35038687 0.078125
v 0.8326191 0.35734184 0.078125
vt 0.0325178 0
vt 0.03624263 0
vt 0.03660701 0.00953776
f 360/360 361/361 362/362
v 0.78173786 0.18701214 0.078125
v 0.83076547 0.30537527 0.078125
v 0.75031866 0.33869743 0.078125
vt 0 0
vt 0.02625737 0
vt 0.02361643 0.04569663
f 363/363 364/364 365/365
v 0.78173786 0.18701214 0.078125
v 0.75031866 0.33869743 0.078125
v 0.71566171 0.33869743 0.078125
vt 0 0
vt 0.02361643 0.04569663
vt 0.01985139 0.0625
f 366/366 367/367 368/368
v 0.78173786 0.18701214 0.078125
v 0.71566171 0.33869743 0.078125
v 0.69058737 0.27816263 0.078125
vt 0 0
vt 0.01985139 0.0625
vt 0 0.0625
f 369/369 370/370 371/371
v 0.7876075 0.33869743 0.078125
v 0.75031866 0.33869743 0.078125
v 0.79533027 0.32005301 0.078125
vt 0.02766738 0.02761719
vt 0.02361643 0.04569663
vt 0.02509409 0.02012845
f 372/372 373/373 374/374
v 0.83076547 0.30537527 0.078125
v 0.84245492 0.33359609 0.078125
v 0.84034187 0.33869743 0.078125
v 0.82715828 0.30686942 0.078125
vt 0.02625737 0
vt 0.0325178 0
vt 0.0333963 0.00204901
vt 0.02613895 0.00204901
f 375/375 376/376 377/377 378/378
v 0.81397468 0.31233024 0.078125
v 0.82715828 0.30686942 0.078125
v 0.8326191 0.32005301 0.078125
vt 0.02570616 0.00953776
vt 0.02613895 0.00204901
vt 0.02914504 0.00204901
f 379/379 380/380 381/381
v 0.80079109 0.37052544 0.078125
v 0.73938152 0.39596211 0.078125
v 0.71566171 0.33869743 0.078125
v 0.7876075 0.33869743 0.078125
vt 0.03729773 0.02761719
vt 0.03863041 0.0625
vt 0.01985139 0.0625
vt 0.02766738 0.02761719
f 382/382 383/383 384/384 385/385
v 0.81397468 0.36506461 0.078125
v 0.80079109 0.37052544 0.078125
v 0.79533027 0.35734184 0.078125
vt 0.03701163 0.02012845
vt 0.03729773 0.02761719
vt 0.03330871 0.02761719
f 386/386 387/387 388/388
v 0.76953125 0.46875 0.078125
v 0.69058737 0.65933737 0.078125
v 0.69058737 0.65933737 0.03125
v 0.76953125 0.46875 0.03125
vt 0 0
vt 0.0625 0
vt 0.0625 0.0625
vt 0 0.0625
f 389/389 390/390 391/391 392/392
v 0.69058737 0.65933737 0.078125
v 0.5 0.73828125 0.078125
v 0.5 0.73828125 0.03125
v 0.69058737 0.65933737 0.03125
vt 0 0
vt 0.0625 0
vt 0.0625 0.0625
vt 0 0.0625
f 393/393 394/394 395/395 396/396
v 0.5 0.73828125 0.078125
v 0.30941263 0.65933737 0.078125
v 0.30941263 0.65933737 0.03125
v 0.5 0.73828125 0.03125
vt 0 0
vt 0.0625 0
vt 0.0625 0.0625
vt 0 0.0625
f 397/397 398/398 399/399 400/400
v 0.30941263 0.65933737 0.078125
v 0.23046875 0.46875 0.078125
v 0.23046875 0.46875 0.03125
v 0.30941263 0.65933737 0.03125
vt 0 0
vt 0.0625 0
vt 0.0625 0.0625
vt 0 0.0625
f 401/401 402/402 403/403 404/404
v 0.23046875 0.46875 0.078125
v 0.30941263 0.27816263 0.078125
v 0.30941263 0.27816263 0.03125
v 0.23046875 0.46875 0.03125
vt 0 0
vt 0.0625 0
vt 0.0625 0.0625
vt 0 0.0625
f 405/405 406/406 407/407 408/408
v 0.30941263 0.27816263 0.078125
v 0.5 0.19921875 0.078125
v 0.5 0.19921875 0.03125
v 0.30941263 0.27816263 0.03125
vt 0 0
vt 0.0625 0
vt 0.0625 0.0625
vt 0 0.0625
f 409/409 410/410 411/411 412/412
v 0.5 0.19921875 0.078125
v 0.69058737 0.27816263 0.078125
v 0.69058737 0.27816263 0.03125
v 0.5 0.19921875 0.03125
vt 0 0
vt 0.0625 0
vt 0.0625 0.0625
vt 0 0.0625
f 413/413 414/414 415/415 416/416
v 0.69058737 0.27816263 0.078125
v 0.76953125 0.46875 0.078125
v 0.76953125 0.46875 0.03125
v 0.69058737 0.27816263 0.03125
vt 0 0
vt 0.0625 0
vt 0.0625 0.0625
vt 0 0.0625
f 417/417 418/418 419/419 420/420
v 0.76953125 0.46875 0.03125
v 0.69058737 0.65933737 0.03125
v 0.78173786 0.75048786 0.03125
v 0.8984375 0.46875 0.03125
vt 0 0
vt 0.0625 0
vt 0.0625 0.0625
vt 0 0.0625
f 421/421 422/422 423/423 424/424
v 0.69058737 0.65933737 0.03125
v 0.5 0.73828125 0.03125
v 0.5 0.8671875 0.03125
v 0.78173786 0.75048786 0.03125
vt 0 0
vt 0.0625 0
vt 0.0625 0.0625
vt 0 0.0625
f 425/425 426/426 427/427 428/428
v 0.5 0.73828125 0.03125
v 0.30941263 0.65933737 0.03125
v 0.21826214 0.75048786 0.03125
v 0.5 0.8671875 0.03125
vt 0 0
vt 0.0625 0
vt 0.0625 0.0625
vt 0 0.0625
f 429/429 430/430 431/431 432/432
v 0.30941263 0.65933737 0.03125
v 0.23046875 0.46875 0.03125
v 0.1015625 0.46875 0.03125
v 0.21826214 0.75048786 0.03125
vt 0 0
vt 0.0625 0
vt 0.0625 0.0625
vt 0 0.0625
f 433/433 434/434 435/435 436/436
v 0.23046875 0.46875 0.03125
v 0.30941263 0.27816263 0.03125
v 0.21826214 0.18701214 0.03125
v 0.1015625 0.46875 0.03125
vt 0 0
vt 0.0625 0
vt 0.0625 0.0625
vt 0 0.0625
f 437/437 438/438 439/439 440/440
v 0.30941263 0.27816263 0.03125
v 0.5 0.19921875 0.03125
v 0.5 0.0703125 0.03125
v 0.21826214 0.18701214 0.03125
vt 0 0
vt 0.0625 0
vt 0.0625 0.0625
vt 0 0.0625
f 441/441 442/442 443/443 444/444
v 0.5 0.19921875 0.03125
v 0.69058737 0.27816263 0.03125
v 0.78173786 0.18701214 0.03125
v 0.5 0.0703125 0.03125
vt 0 0
vt 0.0625 0
vt 0.0625 0.0625
vt 0 0.0625
f 445/445 446/446 447/447 448/448
v 0.69058737 0.27816263 0.03125
v 0.76953125 0.46875 0.03125
v 0.8984375 0.46875 0.03125
v 0.78173786 0.18701214 0.03125
vt 0 0
vt 0.0625 0
vt 0.0625 0.0625
vt 0 0.0625
f 449/449 450/450 451/451 452/452
usemtl copper
v 0.81054688 0.46875 0.08398438
v 0.7195898 0.6883398 0.08398438
v 0.7195898 0.6883398 0.125
v 0.81054688 0.46875 0.125
vt 0.0625 0.4375
vt 0.25 0.4375
vt 0.25 0.5
vt 0.0625 0.5
f 453/453 454/454 455/455 456/456
v 0.7195898 0.6883398 0.08398438
v 0.5 0.77929688 0.08398438
v 0.5 0.77929688 0.125
v 0.7195898 0.6883398 0.125
vt 0.0625 0.4375
vt 0.25 0.4375
vt 0.25 0.5
vt 0.0625 0.5
f 457/457 458/458 459/459 460/460
v 0.5 0.77929688 0.08398438
v 0.2804102 0.6883398 0.08398438
v 0.2804102 0.6883398 0.125
v 0.5 0.77929688 0.125
vt 0.0625 0.4375
vt 0.25 0.4375
vt 0.25 0.5
vt 0.0625 0.5
f 461/461 462/462 463/463 464/464
v 0.2804102 0.6883398 0.08398438
v 0.18945313 0.46875 0.08398438
v 0.18945313 0.46875 0.125
v 0.2804102 0.6883398 0.125
vt 0.0625 0.4375
vt 0.25 0.4375
vt 0.25 0.5
vt 0.0625 0.5
f 465/465 466/466 467/467 468/468
v 0.18945313 0.46875 0.08398438
v 0.2804102 0.2491602 0.08398438
v 0.2804102 0.2491602 0.125
v 0.18945313 0.46875 0.125
vt 0.0625 0.4375
vt 0.25 0.4375
vt 0.25 0.5
vt 0.0625 0.5
f 469/469 470/470 471/471 472/472
v 0.2804102 0.2491602 0.08398438
v 0.5 0.15820313 0.08398438
v 0.5 0.15820313 0.125
v 0.2804102 0.2491602 0.125
vt 0.0625 0.4375
vt 0.25 0.4375
vt 0.25 0.5
vt 0.0625 0.5
f 473/473 474/474 475/475 476/476
v 0.5 0.15820313 0.08398438
v 0.7195898 0.2491602 0.08398438
v 0.7195898 0.2491602 0.125
v 0.5 0.15820313 0.125
vt 0.0625 0.4375
vt 0.25 0.4375
vt 0.25 0.5
vt 0.0625 0.5
f 477/477 478/478 479/479 480/480
v 0.7195898 0.2491602 0.08398438
v 0.81054688 0.46875 0.08398438
v 0.81054688 0.46875 0.125
v 0.7195898 0.2491602 0.125
vt 0.0625 0.4375
vt 0.25 0.4375
vt 0.25 0.5
vt 0.0625 0.5
f 481/481 482/482 483/483 484/484
v 0.81054688 0.46875 0.125
v 0.7195898 0.6883398 0.125
v 0.69058737 0.65933737 0.125
v 0.76953125 0.46875 0.125
vt 0.0625 0.4375
vt 0.25 0.4375
vt 0.25 0.5
vt 0.0625 0.5
f 485/485 486/486 487/487 488/488
v 0.7195898 0.6883398 0.125
v 0.5 0.77929688 0.125
v 0.5 0.73828125 0.125
v 0.69058737 0.65933737 0.125
vt 0.0625 0.4375
vt 0.25 0.4375
vt 0.25 0.5
vt 0.0625 0.5
f 489/489 490/490 491/491 492/492
v 0.5 0.77929688 0.125
v 0.2804102 0.6883398 0.125
v 0.30941263 0.65933737 0.125
v 0.5 0.73828125 0.125
vt 0.0625 0.4375
vt 0.25 0.4375
vt 0.25 0.5
vt 0.0625 0.5
f 493/493 494/494 495/495 496/496
v 0.2804102 0.6883398 0.125
v 0.18945313 0.46875 0.125
v 0.23046875 0.46875 0.125
v 0.30941263 0.65933737 0.125
vt 0.0625 0.4375
vt 0.25 0.4375
vt 0.25 0.5
vt 0.0625 0.5
f 497/497 498/498 499/499 500/500
v 0.18945313 0.46875 0.125
v 0.2804102 0.2491602 0.125
v 0.30941263 0.27816263 0.125
v 0.23046875 0.46875 0.125
vt 0.0625 0.4375
vt 0.25 0.4375
vt 0.25 0.5
vt 0.0625 0.5
f 501/501 502/502 503/503 504/504
v 0.2804102 0.2491602 0.125
v 0.5 0.15820313 0.125
v 0.5 0.19921875 0.125
v 0.30941263 0.27816263 0.125
vt 0.0625 0.4375
vt 0.25 0.4375
vt 0.25 0.5
vt 0.0625 0.5
f 505/505 506/506 507/507 508/508
v 0.5 0.15820313 0.125
v 0.7195898 0.2491602 0.125
v 0.69058737 0.27816263 0.125
v 0.5 0.19921875 0.125
vt 0.0625 0.4375
vt 0.25 0.4375
vt 0.25 0.5
vt 0.0625 0.5
f 509/509 510/510 511/511 512/512
v 0.7195898 0.2491602 0.125
v 0.81054688 0.46875 0.125
v 0.76953125 0.46875 0.125
v 0.69058737 0.27816263 0.125
vt 0.0625 0.4375
vt 0.25 0.4375
vt 0.25 0.5
vt 0.0625 0.5
f 513/513 514/514 515/515 516/516
v 0.76953125 0.46875 0.125
v 0.69058737 0.65933737 0.125
v 0.69058737 0.65933737 0.08398438
v 0.76953125 0.46875 0.08398438
vt 0.0625 0.4375
vt 0.25 0.4375
vt 0.25 0.5
vt 0.0625 0.5
f 517/517 518/518 519/519 520/520
v 0.69058737 0.65933737 0.125
v 0.5 0.73828125 0.125
v 0.5 0.73828125 0.08398438
v 0.69058737 0.65933737 0.08398438
vt 0.0625 0.4375
vt 0.25 0.4375
vt 0.25 0.5
vt 0.0625 0.5
f 521/521 522/522 523/523 524/524
v 0.5 0.73828125 0.125
v 0.30941263 0.65933737 0.125
v 0.30941263 0.65933737 0.08398438
v 0.5 0.73828125 0.08398438
vt 0.0625 0.4375
vt 0.25 0.4375
vt 0.25 0.5
vt 0.0625 0.5
f 525/525 526/526 527/527 528/528
v 0.30941263 0.65933737 0.125
v 0.23046875 0.46875 0.125
v 0.23046875 0.46875 0.08398438
v 0.30941263 0.65933737 0.08398438
vt 0.0625 0.4375
vt 0.25 0.4375
vt 0.25 0.5
vt 0.0625 0.5
f 529/529 530/530 531/531 532/532
v 0.23046875 0.46875 0.125
v 0.30941263 0.27816263 0.125
v 0.30941263 0.27816263 0.08398438
v 0.23046875 0.46875 0.08398438
vt 0.0625 0.4375
vt 0.25 0.4375
vt 0.25 0.5
vt 0.0625 0.5
f 533/533 534/534 535/535 536/536
v 0.30941263 0.27816263 0.125
v 0.5 0.19921875 0.125
v 0.5 0.19921875 0.08398438
v 0.30941263 0.27816263 0.08398438
vt 0.0625 0.4375
vt 0.25 0.4375
vt 0.25 0.5
vt 0.0625 0.5
f 537/537 538/538 539/539 540/540
v 0.5 0.19921875 0.125
v 0.69058737 0.27816263 0.125
v 0.69058737 0.27816263 0.08398438
v 0.5 0.19921875 0.08398438
vt 0.0625 0.4375
vt 0.25 0.4375
vt 0.25 0.5
vt 0.0625 0.5
f 541/541 542/542 543/543 544/544
v 0.69058737 0.27816263 0.125
v 0.76953125 0.46875 0.125
v 0.76953125 0.46875 0.08398438
v 0.69058737 0.27816263 0.08398438
vt 0.0625 0.4375
vt 0.25 0.4375
vt 0.25 0.5
vt 0.0625 0.5
f 545/545 546/546 547/547 548/548
v 0.76953125 0.46875 0.08398438
v 0.69058737 0.65933737 0.08398438
v 0.7195898 0.6883398 0.08398438
v 0.81054688 0.46875 0.08398438
vt 0.0625 0.4375
vt 0.25 0.4375
vt 0.25 0.5
vt 0.0625 0.5
f 549/549 550/550 551/551 552/552
v 0.69058737 0.65933737 0.08398438
v 0.5 0.73828125 0.08398438
v 0.5 0.77929688 0.08398438
v 0.7195898 0.6883398 0.08398438
vt 0.0625 0.4375
vt 0.25 0.4375
vt 0.25 0.5
vt 0.0625 0.5
f 553/553 554/554 555/555 556/556
v 0.5 0.73828125 0.08398438
v 0.30941263 0.65933737 0.08398438
v 0.2804102 0.6883398 0.08398438
v 0.5 0.77929688 0.08398438
vt 0.0625 0.4375
vt 0.25 0.4375
vt 0.25 0.5
vt 0.0625 0.5
f 557/557 558/558 559/559 560/560
v 0.30941263 0.65933737 0.08398438
v 0.23046875 0.46875 0.08398438
v 0.18945313 0.46875 0.08398438
v 0.2804102 0.6883398 0.08398438
vt 0.0625 0.4375
vt 0.25 0.4375
vt 0.25 0.5
vt 0.0625 0.5
f 561/561 562/562 563/563 564/564
v 0.23046875 0.46875 0.08398438
v 0.30941263 0.27816263 0.08398438
v 0.2804102 0.2491602 0.08398438
v 0.18945313 0.46875 0.08398438
vt 0.0625 0.4375
vt 0.25 0.4375
vt 0.25 0.5
vt 0.0625 0.5
f 565/565 566/566 567/567 568/568
v 0.30941263 0.27816263 0.08398438
v 0.5 0.19921875 0.08398438
v 0.5 0.15820313 0.08398438
v 0.2804102 0.2491602 0.08398438
vt 0.0625 0.4375
vt 0.25 0.4375
vt 0.25 0.5
vt 0.0625 0.5
f 569/569 570/570 571/571 572/572
v 0.5 0.19921875 0.08398438
v 0.69058737 0.27816263 0.08398438
v 0.7195898 0.2491602 0.08398438
v 0.5 0.15820313 0.08398438
vt 0.0625 0.4375
vt 0.25 0.4375
vt 0.25 0.5
vt 0.0625 0.5
f 573/573 574/574 575/575 576/576
v 0.69058737 0.27816263 0.08398438
v 0.76953125 0.46875 0.08398438
v 0.81054688 0.46875 0.08398438
v 0.7195898 0.2491602 0.08398438
vt 0.0625 0.4375
vt 0.25 0.4375
vt 0.25 0.5
vt 0.0625 0.5
f 577/577 578/578 579/579 580/580
v 0.84034187 0.59880257 0.078125
v 0.8326191 0.61744699 0.078125
v 0.8326191 0.61744699 0.10742188
v 0.84034187 0.59880257 0.10742188
vt 0.0625 0.4375
vt 0.25 0.4375
vt 0.25 0.5
vt 0.0625 0.5
f 581/581 582/582 583/583 584/584
v 0.8326191 0.61744699 0.078125
v 0.81397468 0.62516976 0.078125
v 0.81397468 0.62516976 0.10742188
v 0.8326191 0.61744699 0.10742188
vt 0.0625 0.4375
vt 0.25 0.4375
vt 0.25 0.5
vt 0.0625 0.5
f 585/585 586/586 587/587 588/588
v 0.81397468 0.62516976 0.078125
v 0.79533027 0.61744699 0.078125
v 0.79533027 0.61744699 0.10742188
v 0.81397468 0.62516976 0.10742188
vt 0.0625 0.4375
vt 0.25 0.4375
vt 0.25 0.5
vt 0.0625 0.5
f 589/589 590/590 591/591 592/592
v 0.79533027 0.61744699 0.078125
v 0.7876075 0.59880257 0.078125
v 0.7876075 0.59880257 0.10742188
v 0.79533027 0.61744699 0.10742188
vt 0.0625 0.4375
vt 0.25 0.4375
vt 0.25 0.5
vt 0.0625 0.5
f 593/593 594/594 595/595 596/596
v 0.7876075 0.59880257 0.078125
v 0.79533027 0.58015816 0.078125
v 0.79533027 0.58015816 0.10742188
v 0.7876075 0.59880257 0.10742188
vt 0.0625 0.4375
vt 0.25 0.4375
vt 0.25 0.5
vt 0.0625 0.5
f 597/597 598/598 599/599 600/600
v 0.79533027 0.58015816 0.078125
v 0.81397468 0.57243539 0.078125
v 0.81397468 0.57243539 0.10742188
v 0.79533027 0.58015816 0.10742188
vt 0.0625 0.4375
vt 0.25 0.4375
vt 0.25 0.5
vt 0.0625 0.5
f 601/601 602/602 603/603 604/604
v 0.81397468 0.57243539 0.078125
v 0.8326191 0.58015816 0.078125
v 0.8326191 0.58015816 0.10742188
v 0.81397468 0.57243539 0.10742188
vt 0.0625 0.4375
vt 0.25 0.4375
vt 0.25 0.5
vt 0.0625 0.5
f 605/605 606/606 607/607 608/608
v 0.8326191 0.58015816 0.078125
v 0.84034187 0.59880257 0.078125
v 0.84034187 0.59880257 0.10742188
v 0.8326191 0.58015816 0.10742188
vt 0.0625 0.4375
vt 0.25 0.4375
vt 0.25 0.5
vt 0.0625 0.5
f 609/609 610/610 611/611 612/612
v 0.81397468 0.62516976 0.078125
v 0.8326191 0.61744699 0.078125
v 0.84034187 0.59880257 0.078125
v 0.81397468 0.59880257 0.078125
vt 0.15625 0.4375
vt 0.22254126 0.44665291
vt 0.25 0.46875
vt 0.15625 0.46875
f 613/613 614/614 615/615 616/616
v 0.7876075 0.59880257 0.078125
v 0.79533027 0.61744699 0.078125
v 0.81397468 0.62516976 0.078125
v 0.81397468 0.59880257 0.078125
vt 0.0625 0.46875
vt 0.08995874 0.44665291
vt 0.15625 0.4375
vt 0.15625 0.46875
f 617/617 618/618 619/619 620/620
v 0.81397468 0.57243539 0.078125
v 0.79533027 0.58015816 0.078125
v 0.7876075 0.59880257 0.078125
v 0.81397468 0.59880257 0.078125
vt 0.15625 0.5
vt 0.08995874 0.49084709
vt 0.0625 0.46875
vt 0.15625 0.46875
f 621/621 622/622 623/623 624/624
v 0.84034187 0.59880257 0.078125
v 0.8326191 0.58015816 0.078125
v 0.81397468 0.57243539 0.078125
v 0.81397468 0.59880257 0.078125
vt 0.25 0.46875
vt 0.22254126 0.49084709
vt 0.15625 0.5
vt 0.15625 0.46875
f 625/625 626/626 627/627 628/628
v 0.81397468 0.59880257 0.10742188
v 0.84034187 0.59880257 0.10742188
v 0.8326191 0.61744699 0.10742188
v 0.81397468 0.62516976 0.10742188
vt 0.15625 0.46875
vt 0.25 0.46875
vt 0.22254126 0.44665291
vt 0.15625 0.4375
f 629/629 630/630 631/631 632/632
v 0.81397468 0.59880257 0.10742188
v 0.81397468 0.62516976 0.10742188
v 0.79533027 0.61744699 0.10742188
v 0.7876075 0.59880257 0.10742188
vt 0.15625 0.46875
vt 0.15625 0.4375
vt 0.08995874 0.44665291
vt 0.0625 0.46875
f 633/633 634/634 635/635 636/636
v 0.81397468 0.59880257 0.10742188
v 0.7876075 0.59880257 0.10742188
v 0.79533027 0.58015816 0.10742188
v 0.81397468 0.57243539 0.10742188
vt 0.15625 0.46875
vt 0.0625 0.46875
vt 0.08995874 0.49084709
vt 0.15625 0.5
f 637/637 638/638 639/639 640/640
v 0.81397468 0.59880257 0.10742188
v 0.81397468 0.57243539 0.10742188
v 0.8326191 0.58015816 0.10742188
v 0.84034187 0.59880257 0.10742188
vt 0.15625 0.46875
vt 0.15625 0.5
vt 0.22254126 0.49084709
vt 0.25 0.46875
f 641/641 642/642 643/643 644/644
v 0.65641976 0.78272468 0.078125
v 0.64869699 0.8013691 0.078125
v 0.64869699 0.8013691 0.10742188
v 0.65641976 0.78272468 0.10742188
vt 0.0625 0.4375
vt 0.25 0.4375
vt 0.25 0.5
vt 0.0625 0.5
f 645/645 646/646 647/647 648/648
v 0.64869699 0.8013691 0.078125
v 0.63005257 0.80909187 0.078125
v 0.63005257 0.80909187 0.10742188
v 0.64869699 0.8013691 0.10742188
vt 0.0625 0.4375
vt 0.25 0.4375
vt 0.25 0.5
vt 0.0625 0.5
f 649/649 650/650 651/651 652/652
v 0.63005257 0.80909187 0.078125
v 0.61140816 0.8013691 0.078125
v 0.61140816 0.8013691 0.10742188
v 0.63005257 0.80909187 0.10742188
vt 0.0625 0.4375
vt 0.25 0.4375
vt 0.25 0.5
vt 0.0625 0.5
f 653/653 654/654 655/655 656/656
v 0.61140816 0.8013691 0.078125
v 0.60368539 0.78272468 0.078125
v 0.60368539 0.78272468 0.10742188
v 0.61140816 0.8013691 0.10742188
vt 0.0625 0.4375
vt 0.25 0.4375
vt 0.25 0.5
vt 0.0625 0.5
f 657/657 658/658 659/659 660/660
v 0.60368539 0.78272468 0.078125
v 0.61140816 0.76408027 0.078125
v 0.61140816 0.76408027 0.10742188
v 0.60368539 0.78272468 0.10742188
vt 0.0625 0.4375
vt 0.25 0.4375
vt 0.25 0.5
vt 0.0625 0.5
f 661/661 662/662 663/663 664/664
v 0.61140816 0.76408027 0.078125
v 0.63005257 0.7563575 0.078125
v 0.63005257 0.7563575 0.10742188
v 0.61140816 0.76408027 0.10742188
vt 0.0625 0.4375
vt 0.25 0.4375
vt 0.25 0.5
vt 0.0625 0.5
f 665/665 666/666 667/667 668/668
v 0.63005257 0.7563575 0.078125
v 0.64869699 0.76408027 0.078125
v 0.64869699 0.76408027 0.10742188
v 0.63005257 0.7563575 0.10742188
vt 0.0625 0.4375
vt 0.25 0.4375
vt 0.25 0.5
vt 0.0625 0.5
f 669/669 670/670 671/671 672/672
v 0.64869699 0.76408027 0.078125
v 0.65641976 0.78272468 0.078125
v 0.65641976 0.78272468 0.10742188
v 0.64869699 0.76408027 0.10742188
vt 0.0625 0.4375
vt 0.25 0.4375
vt 0.25 0.5
vt 0.0625 0.5
f 673/673 674/674 675/675 676/676
v 0.63005257 0.80909187 0.078125
v 0.64869699 0.8013691 0.078125
v 0.65641976 0.78272468 0.078125
v 0.63005257 0.78272468 0.078125
vt 0.15625 0.4375
vt 0.22254126 0.44665291
vt 0.25 0.46875
vt 0.15625 0.46875
f 677/677 678/678 679/679 680/680
v 0.60368539 0.78272468 0.078125
v 0.61140816 0.8013691 0.078125
v 0.63005257 0.80909187 0.078125
v 0.63005257 0.78272468 0.078125
vt 0.0625 0.46875
vt 0.08995874 0.44665291
vt 0.15625 0.4375
vt 0.15625 0.46875
f 681/681 682/682 683/683 684/684
v 0.63005257 0.7563575 0.078125
v 0.61140816 0.76408027 0.078125
v 0.60368539 0.78272468 0.078125
v 0.63005257 0.78272468 0.078125
vt 0.15625 0.5
vt 0.08995874 0.49084709
vt 0.0625 0.46875
vt 0.15625 0.46875
f 685/685 686/686 687/687 688/688
v 0.65641976 0.78272468 0.078125
v 0.64869699 0.76408027 0.078125
v 0.63005257 0.7563575 0.078125
v 0.63005257 0.78272468 0.078125
vt 0.25 0.46875
vt 0.22254126 0.49084709
vt 0.15625 0.5
vt 0.15625 0.46875
f 689/689 690/690 691/691 692/692
v 0.63005257 0.78272468 0.10742188
v 0.65641976 0.78272468 0.10742188
v 0.64869699 0.8013691 0.10742188
v 0.63005257 0.80909187 0.10742188
vt 0.15625 0.46875
vt 0.25 0.46875
vt 0.22254126 0.44665291
vt 0.15625 0.4375
f 693/693 694/694 695/695 696/696
v 0.63005257 0.78272468 0.10742188
v 0.63005257 0.80909187 0.10742188
v 0.61140816 0.8013691 0.10742188
v 0.60368539 0.78272468 0.10742188
vt 0.15625 0.46875
vt 0.15625 0.4375
vt 0.08995874 0.44665291
vt 0.0625 0.46875
f 697/697 698/698 699/699 700/700
v 0.63005257 0.78272468 0.10742188
v 0.60368539 0.78272468 0.10742188
v 0.61140816 0.76408027 0.10742188
v 0.63005257 0.7563575 0.10742188
vt 0.15625 0.46875
vt 0.0625 0.46875
vt 0.08995874 0.49084709
vt 0.15625 0.5
f 701/701 702/702 703/703 704/704
v 0.63005257 0.78272468 0.10742188
v 0.63005257 0.7563575 0.10742188
v 0.64869699 0.76408027 0.10742188
v 0.65641976 0.78272468 0.10742188
vt 0.15625 0.46875
vt 0.15625 0.5
vt 0.22254126 0.49084709
vt 0.25 0.46875
f 705/705 706/706 707/707 708/708
v 0.39631461 0.78272468 0.078125
v 0.38859184 0.8013691 0.078125
v 0.38859184 0.8013691 0.10742188
v 0.39631461 0.78272468 0.10742188
vt 0.0625 0.4375
vt 0.25 0.4375
vt 0.25 0.5
vt 0.0625 0.5
f 709/709 710/710 711/711 712/712
v 0.38859184 0.8013691 0.078125
v 0.36994743 0.80909187 0.078125
v 0.36994743 0.80909187 0.10742188
v 0.38859184 0.8013691 0.10742188
vt 0.0625 0.4375
vt 0.25 0.4375
vt 0.25 0.5
vt 0.0625 0.5
f 713/713 714/714 715/715 716/716
v 0.36994743 0.80909187 0.078125
v 0.35130301 0.8013691 0.078125
v 0.35130301 0.8013691 0.10742188
v 0.36994743 0.80909187 0.10742188
vt 0.0625 0.4375
vt 0.25 0.4375
vt 0.25 0.5
vt 0.0625 0.5
f 717/717 718/718 719/719 720/720
v 0.35130301 0.8013691 0.078125
v 0.34358024 0.78272468 0.078125
v 0.34358024 0.78272468 0.10742188
v 0.35130301 0.8013691 0.10742188
vt 0.0625 0.4375
vt 0.25 0.4375
vt 0.25 0.5
vt 0.0625 0.5
f 721/721 722/722 723/723 724/724
v 0.34358024 0.78272468 0.078125
v 0.35130301 0.76408027 0.078125
v 0.35130301 0.76408027 0.10742188
v 0.34358024 0.78272468 0.10742188
vt 0.0625 0.4375
vt 0.25 0.4375
vt 0.25 0.5
vt 0.0625 0.5
f 725/725 726/726 727/727 728/728
v 0.35130301 0.76408027 0.078125
v 0.36994743 0.7563575 0.078125
v 0.36994743 0.7563575 0.10742188
v 0.35130301 0.76408027 0.10742188
vt 0.0625 0.4375
vt 0.25 0.4375
vt 0.25 0.5
vt 0.0625 0.5
f 729/729 730/730 731/731 732/732
v 0.36994743 0.7563575 0.078125
v 0.38859184 0.76408027 0.078125
v 0.38859184 0.76408027 0.10742188
v 0.36994743 0.7563575 0.10742188
vt 0.0625 0.4375
vt 0.25 0.4375
vt 0.25 0.5
vt 0.0625 0.5
f 733/733 734/734 735/735 736/736
v 0.38859184 0.76408027 0.078125
v 0.39631461 0.78272468 0.078125
v 0.39631461 0.78272468 0.10742188
v 0.38859184 0.76408027 0.10742188
vt 0.0625 0.4375
vt 0.25 0.4375
vt 0.25 0.5
vt 0.0625 0.5
f 737/737 738/738 739/739 740/740
v 0.36994743 0.80909187 0.078125
v 0.38859184 0.8013691 0.078125
v 0.39631461 0.78272468 0.078125
v 0.36994743 0.78272468 0.078125
vt 0.15625 0.4375
vt 0.22254126 0.44665291
vt 0.25 0.46875
vt 0.15625 0.46875
f 741/741 742/742 743/743 744/744
v 0.34358024 0.78272468 0.078125
v 0.35130301 0.8013691 0.078125
v 0.36994743 0.80909187 0.078125
v 0.36994743 0.78272468 0.078125
vt 0.0625 0.46875
vt 0.08995874 0.44665291
vt 0.15625 0.4375
vt 0.15625 0.46875
f 745/745 746/746 747/747 748/748
v 0.36994743 0.7563575 0.078125
v 0.35130301 0.76408027 0.078125
v 0.34358024 0.78272468 0.078125
v 0.36994743 0.78272468 0.078125
vt 0.15625 0.5
vt 0.08995874 0.49084709
vt 0.0625 0.46875
vt 0.15625 0.46875
f 749/749 750/750 751/751 752/752
v 0.39631461 0.78272468 0.078125
v 0.38859184 0.76408027 0.078125
v 0.36994743 0.7563575 0.078125
v 0.36994743 0.78272468 0.078125
vt 0.25 0.46875
vt 0.22254126 0.49084709
vt 0.15625 0.5
vt 0.15625 0.46875
f 753/753 754/754 755/755 756/756
v 0.36994743 0.78272468 0.10742188
v 0.39631461 0.78272468 0.10742188
v 0.38859184 0.8013691 0.10742188
v 0.36994743 0.80909187 0.10742188
vt 0.15625 0.46875
vt 0.25 0.46875
vt 0.22254126 0.44665291
vt 0.15625 0.4375
f 757/757 758/758 759/759 760/760
v 0.36994743 0.78272468 0.10742188
v 0.36994743 0.80909187 0.10742188
v 0.35130301 0.8013691 0.10742188
v 0.34358024 0.78272468 0.10742188
vt 0.15625 0.46875
vt 0.15625 0.4375
vt 0.08995874 0.44665291
vt 0.0625 0.46875
f 761/761 762/762 763/763 764/764
v 0.36994743 0.78272468 0.10742188
v 0.34358024 0.78272468 0.10742188
v 0.35130301 0.76408027 0.10742188
v 0.36994743 0.7563575 0.10742188
vt 0.15625 0.46875
vt 0.0625 0.46875
vt 0.08995874 0.49084709
vt 0.15625 0.5
f 765/765 766/766 767/767 768/768
v 0.36994743 0.78272468 0.10742188
v 0.36994743 0.7563575 0.10742188
v 0.38859184 0.76408027 0.10742188
v 0.39631461 0.78272468 0.10742188
vt 0.15625 0.46875
vt 0.15625 0.5
vt 0.22254126 0.49084709
vt 0.25 0.46875
f 769/769 770/770 771/771 772/772
v 0.2123925 0.59880257 0.078125
v 0.20466973 0.61744699 0.078125
v 0.20466973 0.61744699 0.10742188
v 0.2123925 0.59880257 0.10742188
vt 0.0625 0.4375
vt 0.25 0.4375
vt 0.25 0.5
vt 0.0625 0.5
f 773/773 774/774 775/775 776/776
v 0.20466973 0.61744699 0.078125
v 0.18602532 0.62516976 0.078125
v 0.18602532 0.62516976 0.10742188
v 0.20466973 0.61744699 0.10742188
vt 0.0625 0.4375
vt 0.25 0.4375
vt 0.25 0.5
vt 0.0625 0.5
f 777/777 778/778 779/779 780/780
v 0.18602532 0.62516976 0.078125
v 0.1673809 0.61744699 0.078125
v 0.1673809 0.61744699 0.10742188
v 0.18602532 0.62516976 0.10742188
vt 0.0625 0.4375
vt 0.25 0.4375
vt 0.25 0.5
vt 0.0625 0.5
f 781/781 782/782 783/783 784/784
v 0.1673809 0.61744699 0.078125
v 0.15965813 0.59880257 0.078125
v 0.15965813 0.59880257 0.10742188
v 0.1673809 0.61744699 0.10742188
vt 0.0625 0.4375
vt 0.25 0.4375
vt 0.25 0.5
vt 0.0625 0.5
f 785/785 786/786 787/787 788/788
v 0.15965813 0.59880257 0.078125
v 0.1673809 0.58015816 0.078125
v 0.1673809 0.58015816 0.10742188
v 0.15965813 0.59880257 0.10742188
vt 0.0625 0.4375
vt 0.25 0.4375
vt 0.25 0.5
vt 0.0625 0.5
f 789/789 790/790 791/791 792/792
v 0.1673809 0.58015816 0.078125
v 0.18602532 0.57243539 0.078125
v 0.18602532 0.57243539 0.10742188
v 0.1673809 0.58015816 0.10742188
vt 0.0625 0.4375
vt 0.25 0.4375
vt 0.25 0.5
vt 0.0625 0.5
f 793/793 794/794 795/795 796/796
v 0.18602532 0.57243539 0.078125
v 0.20466973 0.58015816 0.078125
v 0.20466973 0.58015816 0.10742188
v 0.18602532 0.57243539 0.10742188
vt 0.0625 0.4375
vt 0.25 0.4375
vt 0.25 0.5
vt 0.0625 0.5
f 797/797 798/798 799/799 800/800
v 0.20466973 0.58015816 0.078125
v 0.2123925 0.59880257 0.078125
v 0.2123925 0.59880257 0.10742188
v 0.20466973 0.58015816 0.10742188
vt 0.0625 0.4375
vt 0.25 0.4375
vt 0.25 0.5
vt 0.0625 0.5
f 801/801 802/802 803/803 804/804
v 0.18602532 0.62516976 0.078125
v 0.20466973 0.61744699 0.078125
v 0.2123925 0.59880257 0.078125
v 0.18602532 0.59880257 0.078125
vt 0.15625 0.4375
vt 0.22254126 0.44665291
vt 0.25 0.46875
vt 0.15625 0.46875
f 805/805 806/806 807/807 808/808
v 0.15965813 0.59880257 0.078125
v 0.1673809 0.61744699 0.078125
v 0.18602532 0.62516976 0.078125
v 0.18602532 0.59880257 0.078125
vt 0.0625 0.46875
vt 0.08995874 0.44665291
vt 0.15625 0.4375
vt 0.15625 0.46875
f 809/809 810/810 811/811 812/812
v 0.18602532 0.57243539 0.078125
v 0.1673809 0.58015816 0.078125
v 0.15965813 0.59880257 0.078125
v 0.18602532 0.59880257 0.078125
vt 0.15625 0.5
vt 0.08995874 0.49084709
vt 0.0625 0.46875
vt 0.15625 0.46875
f 813/813 814/814 815/815 816/816
v 0.2123925 0.59880257 0.078125
v 0.20466973 0.58015816 0.078125
v 0.18602532 0.57243539 0.078125
v 0.18602532 0.59880257 0.078125
vt 0.25 0.46875
vt 0.22254126 0.49084709
vt 0.15625 0.5
vt 0.15625 0.46875
f 817/817 818/818 819/819 820/820
v 0.18602532 0.59880257 0.10742188
v 0.2123925 0.59880257 0.10742188
v 0.20466973 0.61744699 0.10742188
v 0.18602532 0.62516976 0.10742188
vt 0.15625 0.46875
vt 0.25 0.46875
vt 0.22254126 0.44665291
vt 0.15625 0.4375
f 821/821 822/822 823/823 824/824
v 0.18602532 0.59880257 0.10742188
v 0.18602532 0.62516976 0.10742188
v 0.1673809 0.61744699 0.10742188
v 0.15965813 0.59880257 0.10742188
vt 0.15625 0.46875
vt 0.15625 0.4375
vt 0.08995874 0.44665291
vt 0.0625 0.46875
f 825/825 826/826 827/827 828/828
v 0.18602532 0.59880257 0.10742188
v 0.15965813 0.59880257 0.10742188
v 0.1673809 0.58015816 0.10742188
v 0.18602532 0.57243539 0.10742188
vt 0.15625 0.46875
vt 0.0625 0.46875
vt 0.08995874 0.49084709
vt 0.15625 0.5
f 829/829 830/830 831/831 832/832
v 0.18602532 0.59880257 0.10742188
v 0.18602532 0.57243539 0.10742188
v 0.20466973 0.58015816 0.10742188
v 0.2123925 0.59880257 0.10742188
vt 0.15625 0.46875
vt 0.15625 0.5
vt 0.22254126 0.49084709
vt 0.25 0.46875
f 833/833 834/834 835/835 836/836
v 0.2123925 0.33869743 0.078125
v 0.20466973 0.35734184 0.078125
v 0.20466973 0.35734184 0.10742188
v 0.2123925 0.33869743 0.10742188
vt 0.0625 0.4375
vt 0.25 0.4375
vt 0.25 0.5
vt 0.0625 0.5
f 837/837 838/838 839/839 840/840
v 0.20466973 0.35734184 0.078125
v 0.18602532 0.36506461 0.078125
v 0.18602532 0.36506461 0.10742188
v 0.20466973 0.35734184 0.10742188
vt 0.0625 0.4375
vt 0.25 0.4375
vt 0.25 0.5
vt 0.0625 0.5
f 841/841 842/842 843/843 844/844
v 0.18602532 0.36506461 0.078125
v 0.1673809 0.35734184 0.078125
v 0.1673809 0.35734184 0.10742188
v 0.18602532 0.36506461 0.10742188
vt 0.0625 0.4375
vt 0.25 0.4375
vt 0.25 0.5
vt 0.0625 0.5
f 845/845 846/846 847/847 848/848
v 0.1673809 0.35734184 0.078125
v 0.15965813 0.33869743 0.078125
v 0.15965813 0.33869743 0.10742188
v 0.1673809 0.35734184 0.10742188
vt 0.0625 0.4375
vt 0.25 0.4375
vt 0.25 0.5
vt 0.0625 0.5
f 849/849 850/850 851/851 852/852
v 0.15965813 0.33869743 0.078125
v 0.1673809 0.32005301 0.078125
v 0.1673809 0.32005301 0.10742188
v 0.15965813 0.33869743 0.10742188
vt 0.0625 0.4375
vt 0.25 0.4375
vt 0.25 0.5
vt 0.0625 0.5
f 853/853 854/854 855/855 856/856
v 0.1673809 0.32005301 0.078125
v 0.18602532 0.31233024 0.078125
v 0.18602532 0.31233024 0.10742188
v 0.1673809 0.32005301 0.10742188
vt 0.0625 0.4375
vt 0.25 0.4375
vt 0.25 0.5
vt 0.0625 0.5
f 857/857 858/858 859/859 860/860
v 0.18602532 0.31233024 0.078125
v 0.20466973 0.32005301 0.078125
v 0.20466973 0.32005301 0.10742188
v 0.18602532 0.31233024 0.10742188
vt 0.0625 0.4375
vt 0.25 0.4375
vt 0.25 0.5
vt 0.0625 0.5
f 861/861 862/862 863/863 864/864
v 0.20466973 0.32005301 0.078125
v 0.2123925 0.33869743 0.078125
v 0.2123925 0.33869743 0.10742188
v 0.20466973 0.32005301 0.10742188
vt 0.0625 0.4375
vt 0.25 0.4375
vt 0.25 0.5
vt 0.0625 0.5
f 865/865 866/866 867/867 868/868
v 0.18602532 0.36506461 0.078125
v 0.20466973 0.35734184 0.078125
v 0.2123925 0.33869743 0.078125
v 0.18602532 0.33869743 0.078125
vt 0.15625 0.4375
vt 0.22254126 0.44665291
vt 0.25 0.46875
vt 0.15625 0.46875
f 869/869 870/870 871/871 872/872
v 0.15965813 0.33869743 0.078125
v 0.1673809 0.35734184 0.078125
v 0.18602532 0.36506461 0.078125
v 0.18602532 0.33869743 0.078125
vt 0.0625 0.46875
vt 0.08995874 0.44665291
vt 0.15625 0.4375
vt 0.15625 0.46875
f 873/873 874/874 875/875 876/876
v 0.18602532 0.31233024 0.078125
v 0.1673809 0.32005301 0.078125
v 0.15965813 0.33869743 0.078125
v 0.18602532 0.33869743 0.078125
vt 0.15625 0.5
vt 0.08995874 0.49084709
vt 0.0625 0.46875
vt 0.15625 0.46875
f 877/877 878/878 879/879 880/880
v 0.2123925 0.33869743 0.078125
v 0.20466973 0.32005301 0.078125
v 0.18602532 0.31233024 0.078125
v 0.18602532 0.33869743 0.078125
vt 0.25 0.46875
vt 0.22254126 0.49084709
vt 0.15625 0.5
vt 0.15625 0.46875
f 881/881 882/882 883/883 884/884
v 0.18602532 0.33869743 0.10742188
v 0.2123925 0.33869743 0.10742188
v 0.20466973 0.35734184 0.10742188
v 0.18602532 0.36506461 0.10742188
vt 0.15625 0.46875
vt 0.25 0.46875
vt 0.22254126 0.44665291
vt 0.15625 0.4375
f 885/885 886/886 887/887 888/888
v 0.18602532 0.33869743 0.10742188
v 0.18602532 0.36506461 0.10742188
v 0.1673809 0.35734184 0.10742188
v 0.15965813 0.33869743 0.10742188
vt 0.15625 0.46875
vt 0.15625 0.4375
vt 0.08995874 0.44665291
vt 0.0625 0.46875
f 889/889 890/890 891/891 892/892
v 0.18602532 0.33869743 0.10742188
v 0.15965813 0.33869743 0.10742188
v 0.1673809 0.32005301 0.10742188
v 0.18602532 0.31233024 0.10742188
vt 0.15625 0.46875
vt 0.0625 0.46875
vt 0.08995874 0.49084709
vt 0.15625 0.5
f 893/893 894/894 895/895 896/896
v 0.18602532 0.33869743 0.10742188
v 0.18602532 0.31233024 0.10742188
v 0.20466973 0.32005301 0.10742188
v 0.2123925 0.33869743 0.10742188
vt 0.15625 0.46875
vt 0.15625 0.5
vt 0.22254126 0.49084709
vt 0.25 0.46875
f 897/897 898/898 899/899 900/900
v 0.39631461 0.15477532 0.078125
v 0.38859184 0.17341973 0.078125
v 0.38859184 0.17341973 0.10742188
v 0.39631461 0.15477532 0.10742188
vt 0.0625 0.4375
vt 0.25 0.4375
vt 0.25 0.5
vt 0.0625 0.5
f 901/901 902/902 903/903 904/904
v 0.38859184 0.17341973 0.078125
v 0.36994743 0.1811425 0.078125
v 0.36994743 0.1811425 0.10742188
v 0.38859184 0.17341973 0.10742188
vt 0.0625 0.4375
vt 0.25 0.4375
vt 0.25 0.5
vt 0.0625 0.5
f 905/905 906/906 907/907 908/908
v 0.36994743 0.1811425 0.078125
v 0.35130301 0.17341973 0.078125
v 0.35130301 0.17341973 0.10742188
v 0.36994743 0.1811425 0.10742188
vt 0.0625 0.4375
vt 0.25 0.4375
vt 0.25 0.5
vt 0.0625 0.5
f 909/909 910/910 911/911 912/912
v 0.35130301 0.17341973 0.078125
v 0.34358024 0.15477532 0.078125
v 0.34358024 0.15477532 0.10742188
v 0.35130301 0.17341973 0.10742188
vt 0.0625 0.4375
vt 0.25 0.4375
vt 0.25 0.5
vt 0.0625 0.5
f 913/913 914/914 915/915 916/916
v 0.34358024 0.15477532 0.078125
v 0.35130301 0.1361309 0.078125
v 0.35130301 0.1361309 0.10742188
v 0.34358024 0.15477532 0.10742188
vt 0.0625 0.4375
vt 0.25 0.4375
vt 0.25 0.5
vt 0.0625 0.5
f 917/917 918/918 919/919 920/920
v 0.35130301 0.1361309 0.078125
v 0.36994743 0.12840813 0.078125
v 0.36994743 0.12840813 0.10742188
v 0.35130301 0.1361309 0.10742188
vt 0.0625 0.4375
vt 0.25 0.4375
vt 0.25 0.5
vt 0.0625 0.5
f 921/921 922/922 923/923 924/924
v 0.36994743 0.12840813 0.078125
v 0.38859184 0.1361309 0.078125
v 0.38859184 0.1361309 0.10742188
v 0.36994743 0.12840813 0.10742188
vt 0.0625 0.4375
vt 0.25 0.4375
vt 0.25 0.5
vt 0.0625 0.5
f 925/925 926/926 927/927 928/928
v 0.38859184 0.1361309 0.078125
v 0.39631461 0.15477532 0.078125
v 0.39631461 0.15477532 0.10742188
v 0.38859184 0.1361309 0.10742188
vt 0.0625 0.4375
vt 0.25 0.4375
vt 0.25 0.5
vt 0.0625 0.5
f 929/929 930/930 931/931 932/932
v 0.36994743 0.1811425 0.078125
v 0.38859184 0.17341973 0.078125
v 0.39631461 0.15477532 0.078125
v 0.36994743 0.15477532 0.078125
vt 0.15625 0.4375
vt 0.22254126 0.44665291
vt 0.25 0.46875
vt 0.15625 0.46875
f 933/933 934/934 935/935 936/936
v 0.34358024 0.15477532 0.078125
v 0.35130301 0.17341973 0.078125
v 0.36994743 0.1811425 0.078125
v 0.36994743 0.15477532 0.078125
vt 0.0625 0.46875
vt 0.08995874 0.44665291
vt 0.15625 0.4375
vt 0.15625 0.46875
f 937/937 938/938 939/939 940/940
v 0.36994743 0.12840813 0.078125
v 0.35130301 0.1361309 0.078125
v 0.34358024 0.15477532 0.078125
v 0.36994743 0.15477532 0.078125
vt 0.15625 0.5
vt 0.08995874 0.49084709
vt 0.0625 0.46875
vt 0.15625 0.46875
f 941/941 942/942 943/943 944/944
v 0.39631461 0.15477532 0.078125
v 0.38859184 0.1361309 0.078125
v 0.36994743 0.12840813 0.078125
v 0.36994743 0.15477532 0.078125
vt 0.25 0.46875
vt 0.22254126 0.49084709
vt 0.15625 0.5
vt 0.15625 0.46875
f 945/945 946/946 947/947 948/948
v 0.36994743 0.15477532 0.10742188
v 0.39631461 0.15477532 0.10742188
v 0.38859184 0.17341973 0.10742188
v 0.36994743 0.1811425 0.10742188
vt 0.15625 0.46875
vt 0.25 0.46875
vt 0.22254126 0.44665291
vt 0.15625 0.4375
f 949/949 950/950 951/951 952/952
v 0.36994743 0.15477532 0.10742188
v 0.36994743 0.1811425 0.10742188
v 0.35130301 0.17341973 0.10742188
v 0.34358024 0.15477532 0.10742188
vt 0.15625 0.46875
vt 0.15625 0.4375
vt 0.08995874 0.44665291
vt 0.0625 0.46875
f 953/953 954/954 955/955 956/956
v 0.36994743 0.15477532 0.10742188
v 0.34358024 0.15477532 0.10742188
v 0.35130301 0.1361309 0.10742188
v 0.36994743 0.12840813 0.10742188
vt 0.15625 0.46875
vt 0.0625 0.46875
vt 0.08995874 0.49084709
vt 0.15625 0.5
f 957/957 958/958 959/959 960/960
v 0.36994743 0.15477532 0.10742188
v 0.36994743 0.12840813 0.10742188
v 0.38859184 0.1361309 0.10742188
v 0.39631461 0.15477532 0.10742188
vt 0.15625 0.46875
vt 0.15625 0.5
vt 0.22254126 0.49084709
vt 0.25 0.46875
f 961/961 962/962 963/963 964/964
v 0.65641976 0.15477532 0.078125
v 0.64869699 0.17341973 0.078125
v 0.64869699 0.17341973 0.10742188
v 0.65641976 0.15477532 0.10742188
vt 0.0625 0.4375
vt 0.25 0.4375
vt 0.25 0.5
vt 0.0625 0.5
f 965/965 966/966 967/967 968/968
v 0.64869699 0.17341973 0.078125
v 0.63005257 0.1811425 0.078125
v 0.63005257 0.1811425 0.10742188
v 0.64869699 0.17341973 0.10742188
vt 0.0625 0.4375
vt 0.25 0.4375
vt 0.25 0.5
vt 0.0625 0.5
f 969/969 970/970 971/971 972/972
v 0.63005257 0.1811425 0.078125
v 0.61140816 0.17341973 0.078125
v 0.61140816 0.17341973 0.10742188
v 0.63005257 0.1811425 0.10742188
vt 0.0625 0.4375
vt 0.25 0.4375
vt 0.25 0.5
vt 0.0625 0.5
f 973/973 974/974 975/975 976/976
v 0.61140816 0.17341973 0.078125
v 0.60368539 0.15477532 0.078125
v 0.60368539 0.15477532 0.10742188
v 0.61140816 0.17341973 0.10742188
vt 0.0625 0.4375
vt 0.25 0.4375
vt 0.25 0.5
vt 0.0625 0.5
f 977/977 978/978 979/979 980/980
v 0.60368539 0.15477532 0.078125
v 0.61140816 0.1361309 0.078125
v 0.61140816 0.1361309 0.10742188
v 0.60368539 0.15477532 0.10742188
vt 0.0625 0.4375
vt 0.25 0.4375
vt 0.25 0.5
vt 0.0625 0.5
f 981/981 982/982 983/983 984/984
v 0.61140816 0.1361309 0.078125
v 0.63005257 0.12840813 0.078125
v 0.63005257 0.12840813 0.10742188
v 0.61140816 0.1361309 0.10742188
vt 0.0625 0.4375
vt 0.25 0.4375
vt 0.25 0.5
vt 0.0625 0.5
f 985/985 986/986 987/987 988/988
v 0.63005257 0.12840813 0.078125
v 0.64869699 0.1361309 0.078125
v 0.64869699 0.1361309 0.10742188
v 0.63005257 0.12840813 0.10742188
vt 0.0625 0.4375
vt 0.25 0.4375
vt 0.25 0.5
vt 0.0625 0.5
f 989/989 990/990 991/991 992/992
v 0.64869699 0.1361309 0.078125
v 0.65641976 0.15477532 0.078125
v 0.65641976 0.15477532 0.10742188
v 0.64869699 0.1361309 0.10742188
vt 0.0625 0.4375
vt 0.25 0.4375
vt 0.25 0.5
vt 0.0625 0.5
f 993/993 994/994 995/995 996/996
v 0.63005257 0.1811425 0.078125
v 0.64869699 0.17341973 0.078125
v 0.65641976 0.15477532 0.078125
v 0.63005257 0.15477532 0.078125
vt 0.15625 0.4375
vt 0.22254126 0.44665291
vt 0.25 0.46875
vt 0.15625 0.46875
f 997/997 998/998 999/999 1000/1000
v 0.60368539 0.15477532 0.078125
v 0.61140816 0.17341973 0.078125
v 0.63005257 0.1811425 0.078125
v 0.63005257 0.15477532 0.078125
vt 0.0625 0.46875
vt 0.08995874 0.44665291
vt 0.15625 0.4375
vt 0.15625 0.46875
f 1001/1001 1002/1002 1003/1003 1004/1004
v 0.63005257 0.12840813 0.078125
v 0.61140816 0.1361309 0.078125
v 0.60368539 0.15477532 0.078125
v 0.63005257 0.15477532 0.078125
vt 0.15625 0.5
vt 0.08995874 0.49084709
vt 0.0625 0.46875
vt 0.15625 0.46875
f 1005/1005 1006/1006 1007/1007 1008/1008
v 0.65641976 0.15477532 0.078125
v 0.64869699 0.1361309 0.078125
v 0.63005257 0.12840813 0.078125
v 0.63005257 0.15477532 0.078125
vt 0.25 0.46875
vt 0.22254126 0.49084709
vt 0.15625 0.5
vt 0.15625 0.46875
f 1009/1009 1010/1010 1011/1011 1012/1012
v 0.63005257 0.15477532 0.10742188
v 0.65641976 0.15477532 0.10742188
v 0.64869699 0.17341973 0.10742188
v 0.63005257 0.1811425 0.10742188
vt 0.15625 0.46875
vt 0.25 0.46875
vt 0.22254126 0.44665291
vt 0.15625 0.4375
f 1013/1013 1014/1014 1015/1015 1016/1016
v 0.63005257 0.15477532 0.10742188
v 0.63005257 0.1811425 0.10742188
v 0.61140816 0.17341973 0.10742188
v 0.60368539 0.15477532 0.10742188
vt 0.15625 0.46875
vt 0.15625 0.4375
vt 0.08995874 0.44665291
vt 0.0625 0.46875
f 1017/1017 1018/1018 1019/1019 1020/1020
v 0.63005257 0.15477532 0.10742188
v 0.60368539 0.15477532 0.10742188
v 0.61140816 0.1361309 0.10742188
v 0.63005257 0.12840813 0.10742188
vt 0.15625 0.46875
vt 0.0625 0.46875
vt 0.08995874 0.49084709
vt 0.15625 0.5
f 1021/1021 1022/1022 1023/1023 1024/1024
v 0.63005257 0.15477532 0.10742188
v 0.63005257 0.12840813 0.10742188
v 0.64869699 0.1361309 0.10742188
v 0.65641976 0.15477532 0.10742188
vt 0.15625 0.46875
vt 0.15625 0.5
vt 0.22254126 0.49084709
vt 0.25 0.46875
f 1025/1025 1026/1026 1027/1027 1028/1028
v 0.84034187 0.33869743 0.078125
v 0.8326191 0.35734184 0.078125
v 0.8326191 0.35734184 0.10742188
v 0.84034187 0.33869743 0.10742188
vt 0.0625 0.4375
vt 0.25 0.4375
vt 0.25 0.5
vt 0.0625 0.5
f 1029/1029 1030/1030 1031/1031 1032/1032
v 0.8326191 0.35734184 0.078125
v 0.81397468 0.36506461 0.078125
v 0.81397468 0.36506461 0.10742188
v 0.8326191 0.35734184 0.10742188
vt 0.0625 0.4375
vt 0.25 0.4375
vt 0.25 0.5
vt 0.0625 0.5
f 1033/1033 1034/1034 1035/1035 1036/1036
v 0.81397468 0.36506461 0.078125
v 0.79533027 0.35734184 0.078125
v 0.79533027 0.35734184 0.10742188
v 0.81397468 0.36506461 0.10742188
vt 0.0625 0.4375
vt 0.25 0.4375
vt 0.25 0.5
vt 0.0625 0.5
f 1037/1037 1038/1038 1039/1039 1040/1040
v 0.79533027 0.35734184 0.078125
v 0.7876075 0.33869743 0.078125
v 0.7876075 0.33869743 0.10742188
v 0.79533027 0.35734184 0.10742188
vt 0.0625 0.4375
vt 0.25 0.4375
vt 0.25 0.5
vt 0.0625 0.5
f 1041/1041 1042/1042 1043/1043 1044/1044
v 0.7876075 0.33869743 0.078125
v 0.79533027 0.32005301 0.078125
v 0.79533027 0.32005301 0.10742188
v 0.7876075 0.33869743 0.10742188
vt 0.0625 0.4375
vt 0.25 0.4375
vt 0.25 0.5
vt 0.0625 0.5
f 1045/1045 1046/1046 1047/1047 1048/1048
v 0.79533027 0.32005301 0.078125
v 0.81397468 0.31233024 0.078125
v 0.81397468 0.31233024 0.10742188
v 0.79533027 0.32005301 0.10742188
vt 0.0625 0.4375
vt 0.25 0.4375
vt 0.25 0.5
vt 0.0625 0.5
f 1049/1049 1050/1050 1051/1051 1052/1052
v 0.81397468 0.31233024 0.078125
v 0.8326191 0.32005301 0.078125
v 0.8326191 0.32005301 0.10742188
v 0.81397468 0.31233024 0.10742188
vt 0.0625 0.4375
vt 0.25 0.4375
vt 0.25 0.5
vt 0.0625 0.5
f 1053/1053 1054/1054 1055/1055 1056/1056
v 0.8326191 0.32005301 0.078125
v 0.84034187 0.33869743 0.078125
v 0.84034187 0.33869743 0.10742188
v 0.8326191 0.32005301 0.10742188
vt 0.0625 0.4375
vt 0.25 0.4375
vt 0.25 0.5
vt 0.0625 0.5
f 1057/1057 1058/1058 1059/1059 1060/1060
v 0.81397468 0.36506461 0.078125
v 0.8326191 0.35734184 0.078125
v 0.84034187 0.33869743 0.078125
v 0.81397468 0.33869743 0.078125
vt 0.15625 0.4375
vt 0.22254126 0.44665291
vt 0.25 0.46875
vt 0.15625 0.46875
f 1061/1061 1062/1062 1063/1063 1064/1064
v 0.7876075 0.33869743 0.078125
v 0.79533027 0.35734184 0.078125
v 0.81397468 0.36506461 0.078125
v 0.81397468 0.33869743 0.078125
vt 0.0625 0.46875
vt 0.08995874 0.44665291
vt 0.15625 0.4375
vt 0.15625 0.46875
f 1065/1065 1066/1066 1067/1067 1068/1068
v 0.81397468 0.31233024 0.078125
v 0.79533027 0.32005301 0.078125
v 0.7876075 0.33869743 0.078125
v 0.81397468 0.33869743 0.078125
vt 0.15625 0.5
vt 0.08995874 0.49084709
vt 0.0625 0.46875
vt 0.15625 0.46875
f 1069/1069 1070/1070 1071/1071 1072/1072
v 0.84034187 0.33869743 0.078125
v 0.8326191 0.32005301 0.078125
v 0.81397468 0.31233024 0.078125
v 0.81397468 0.33869743 0.078125
vt 0.25 0.46875
vt 0.22254126 0.49084709
vt 0.15625 0.5
vt 0.15625 0.46875
f 1073/1073 1074/1074 1075/1075 1076/1076
v 0.81397468 0.33869743 0.10742188
v 0.84034187 0.33869743 0.10742188
v 0.8326191 0.35734184 0.10742188
v 0.81397468 0.36506461 0.10742188
vt 0.15625 0.46875
vt 0.25 0.46875
vt 0.22254126 0.44665291
vt 0.15625 0.4375
f 1077/1077 1078/1078 1079/1079 1080/1080
v 0.81397468 0.33869743 0.10742188
v 0.81397468 0.36506461 0.10742188
v 0.79533027 0.35734184 0.10742188
v 0.7876075 0.33869743 0.10742188
vt 0.15625 0.46875
vt 0.15625 0.4375
vt 0.08995874 0.44665291
vt 0.0625 0.46875
f 1081/1081 1082/1082 1083/1083 1084/1084
v 0.81397468 0.33869743 0.10742188
v 0.7876075 0.33869743 0.10742188
v 0.79533027 0.32005301 0.10742188
v 0.81397468 0.31233024 0.10742188
vt 0.15625 0.46875
vt 0.0625 0.46875
vt 0.08995874 0.49084709
vt 0.15625 0.5
f 1085/1085 1086/1086 1087/1087 1088/1088
v 0.81397468 0.33869743 0.10742188
v 0.81397468 0.31233024 0.10742188
v 0.8326191 0.32005301 0.10742188
v 0.84034187 0.33869743 0.10742188
vt 0.15625 0.46875
vt 0.15625 0.5
vt 0.22254126 0.49084709
vt 0.25 0.46875
f 1089/1089 1090/1090 1091/1091 1092/1092
usemtl body
v 0.30941263 0.65933737 0.875
v 0.30941263 0.65933737 0.5
v 0.23046875 0.46875 0.5
v 0.23046875 0.46875 0.875
vt 1 0.2
vt 1 1
vt 0 1
vt 0 0.2
f 1093/1093 1094/1094 1095/1095 1096/1096
v 0.30941263 0.65933737 0.921875
v 0.30941263 0.65933737 0.91601563
v 0.23046875 0.46875 0.91601563
v 0.23046875 0.46875 0.921875
vt 1 0.1
vt 1 0.1125
vt 0 0.1125
vt 0 0.1
f 1097/1097 1098/1098 1099/1099 1100/1100
v 0.5 0.73828125 0.875
v 0.5 0.73828125 0.5
v 0.30941263 0.65933737 0.5
v 0.30941263 0.65933737 0.875
vt 1 0.2
vt 1 1
vt 0 1
vt 0 0.2
f 1101/1101 1102/1102 1103/1103 1104/1104
v 0.5 0.73828125 0.921875
v 0.5 0.73828125 0.91601563
v 0.30941263 0.65933737 0.91601563
v 0.30941263 0.65933737 0.921875
vt 1 0.1
vt 1 0.1125
vt 0 0.1125
vt 0 0.1
f 1105/1105 1106/1106 1107/1107 1108/1108
v 0.69058737 0.65933737 0.875
v 0.69058737 0.65933737 0.5
v 0.5 0.73828125 0.5
v 0.5 0.73828125 0.875
vt 1 0.2
vt 1 1
vt 0 1
vt 0 0.2
f 1109/1109 1110/1110 1111/1111 1112/1112
v 0.69058737 0.65933737 0.921875
v 0.69058737 0.65933737 0.91601563
v 0.5 0.73828125 0.91601563
v 0.5 0.73828125 0.921875
vt 1 0.1
vt 1 0.1125
vt 0 0.1125
vt 0 0.1
f 1113/1113 1114/1114 1115/1115 1116/1116
v 0.76953125 0.46875 0.875
v 0.76953125 0.46875 0.5
v 0.69058737 0.65933737 0.5
v 0.69058737 0.65933737 0.875
vt 1 0.2
vt 1 1
vt 0 1
vt 0 0.2
f 1117/1117 1118/1118 1119/1119 1120/1120
v 0.76953125 0.46875 0.921875
v 0.76953125 0.46875 0.91601563
v 0.69058737 0.65933737 0.91601563
v 0.69058737 0.65933737 0.921875
vt 1 0.1
vt 1 0.1125
vt 0 0.1125
vt 0 0.1
f 1121/1121 1122/1122 1123/1123 1124/1124
v 0.69058737 0.27816263 0.875
v 0.69058737 0.27816263 0.5
v 0.76953125 0.46875 0.5
v 0.76953125 0.46875 0.875
vt 1 0.2
vt 1 1
vt 0 1
vt 0 0.2
f 1125/1125 1126/1126 1127/1127 1128/1128
v 0.69058737 0.27816263 0.921875
v 0.69058737 0.27816263 0.91601563
v 0.76953125 0.46875 0.91601563
v 0.76953125 0.46875 0.921875
vt 1 0.1
vt 1 0.1125
vt 0 0.1125
vt 0 0.1
f 1129/1129 1130/1130 1131/1131 1132/1132
v 0.5 0.19921875 0.875
v 0.5 0.19921875 0.5
v 0.69058737 0.27816263 0.5
v 0.69058737 0.27816263 0.875
vt 1 0.2
vt 1 1
vt 0 1
vt 0 0.2
f 1133/1133 1134/1134 1135/1135 1136/1136
v 0.5 0.19921875 0.921875
v 0.5 0.19921875 0.91601563
v 0.69058737 0.27816263 0.91601563
v 0.69058737 0.27816263 0.921875
vt 1 0.1
vt 1 0.1125
vt 0 0.1125
vt 0 0.1
f 1137/1137 1138/1138 1139/1139 1140/1140
v 0.30941263 0.27816263 0.875
v 0.30941263 0.27816263 0.5
v 0.5 0.19921875 0.5
v 0.5 0.19921875 0.875
vt 1 0.2
vt 1 1
vt 0 1
vt 0 0.2
f 1141/1141 1142/1142 1143/1143 1144/1144
v 0.30941263 0.27816263 0.921875
v 0.30941263 0.27816263 0.91601563
v 0.5 0.19921875 0.91601563
v 0.5 0.19921875 0.921875
vt 1 0.1
vt 1 0.1125
vt 0 0.1125
vt 0 0.1
f 1145/1145 1146/1146 1147/1147 1148/1148
v 0.23046875 0.46875 0.875
v 0.23046875 0.46875 0.5
v 0.30941263 0.27816263 0.5
v 0.30941263 0.27816263 0.875
vt 1 0.2
vt 1 1
vt 0 1
vt 0 0.2
f 1149/1149 1150/1150 1151/1151 1152/1152
v 0.23046875 0.46875 0.921875
v 0.23046875 0.46875 0.91601563
v 0.30941263 0.27816263 0.91601563
v 0.30941263 0.27816263 0.921875
vt 1 0.1
vt 1 0.1125
vt 0 0.1125
vt 0 0.1
f 1153/1153 1154/1154 1155/1155 1156/1156
usemtl paint
v 0.1015625 0.46875 0.96875
v 0.21826214 0.75048786 0.96875
v 0.21826214 0.75048786 0.921875
v 0.1015625 0.46875 0.921875
vt 0 0
vt 0.0625 0
vt 0.0625 0.0625
vt 0 0.0625
f 1157/1157 1158/1158 1159/1159 1160/1160
v 0.21826214 0.75048786 0.96875
v 0.5 0.8671875 0.96875
v 0.5 0.8671875 0.921875
v 0.21826214 0.75048786 0.921875
vt 0 0
vt 0.0625 0
vt 0.0625 0.0625
vt 0 0.0625
f 1161/1161 1162/1162 1163/1163 1164/1164
v 0.5 0.8671875 0.96875
v 0.78173786 0.75048786 0.96875
v 0.78173786 0.75048786 0.921875
v 0.5 0.8671875 0.921875
vt 0 0
vt 0.0625 0
vt 0.0625 0.0625
vt 0 0.0625
f 1165/1165 1166/1166 1167/1167 1168/1168
v 0.78173786 0.75048786 0.96875
v 0.8984375 0.46875 0.96875
v 0.8984375 0.46875 0.921875
v 0.78173786 0.75048786 0.921875
vt 0 0
vt 0.0625 0
vt 0.0625 0.0625
vt 0 0.0625
f 1169/1169 1170/1170 1171/1171 1172/1172
v 0.8984375 0.46875 0.96875
v 0.78173786 0.18701214 0.96875
v 0.78173786 0.18701214 0.921875
v 0.8984375 0.46875 0.921875
vt 0 0
vt 0.0625 0
vt 0.0625 0.0625
vt 0 0.0625
f 1173/1173 1174/1174 1175/1175 1176/1176
v 0.78173786 0.18701214 0.96875
v 0.5 0.0703125 0.96875
v 0.5 0.0703125 0.921875
v 0.78173786 0.18701214 0.921875
vt 0 0
vt 0.0625 0
vt 0.0625 0.0625
vt 0 0.0625
f 1177/1177 1178/1178 1179/1179 1180/1180
v 0.5 0.0703125 0.96875
v 0.21826214 0.18701214 0.96875
v 0.21826214 0.18701214 0.921875
v 0.5 0.0703125 0.921875
vt 0 0
vt 0.0625 0
vt 0.0625 0.0625
vt 0 0.0625
f 1181/1181 1182/1182 1183/1183 1184/1184
v 0.21826214 0.18701214 0.96875
v 0.1015625 0.46875 0.96875
v 0.1015625 0.46875 0.921875
v 0.21826214 0.18701214 0.921875
vt 0 0
vt 0.0625 0
vt 0.0625 0.0625
vt 0 0.0625
f 1185/1185 1186/1186 1187/1187 1188/1188
v 0.16227956 0.61533395 0.921875
v 0.21826214 0.75048786 0.921875
v 0.29743347 0.67131653 0.921875
vt 0.0325178 0
vt 0.0625 0
vt 0.0625 0.05428614
f 1189/1189 1190/1190 1191/1191
v 0.1015625 0.46875 0.921875
v 0.16227956 0.61533395 0.921875
v 0.1673809 0.61744699 0.921875
v 0.10578859 0.46875 0.921875
vt 0 0
vt 0.0325178 0
vt 0.03364947 0.00204901
vt 0 0.00204901
f 1192/1192 1193/1193 1194/1194 1195/1195
v 0.28433829 0.59880257 0.921875
v 0.23046875 0.46875 0.921875
v 0.10578859 0.46875 0.921875
vt 0.04264861 0.0625
vt 0 0.0625
vt 0 0.00204901
f 1196/1196 1197/1197 1198/1198
v 0.28433829 0.59880257 0.921875
v 0.10578859 0.46875 0.921875
v 0.14101371 0.55379097 0.921875
vt 0.04264861 0.0625
vt 0 0.00204901
vt 0.0192444 0.00204901
f 1199/1199 1200/1200 1201/1201
v 0.28433829 0.59880257 0.921875
v 0.14101371 0.55379097 0.921875
v 0.24968134 0.59880257 0.921875
vt 0.04264861 0.0625
vt 0.0192444 0.00204901
vt 0.03897436 0.04569663
f 1202/1202 1203/1203 1204/1204
v 0.2123925 0.59880257 0.921875
v 0.24968134 0.59880257 0.921875
v 0.20466973 0.58015816 0.921875
vt 0.03502109 0.02761719
vt 0.03897436 0.04569663
vt 0.03080194 0.02761719
f 1205/1205 1206/1206 1207/1207
v 0.14101371 0.55379097 0.921875
v 0.15965813 0.59880257 0.921875
v 0.17284172 0.56697456 0.921875
vt 0.0192444 0.00204901
vt 0.02943032 0.00204901
vt 0.02502317 0.0148331
f 1208/1208 1209/1209 1210/1210
v 0.18602532 0.57243539 0.921875
v 0.17284172 0.56697456 0.921875
v 0.1673809 0.58015816 0.921875
vt 0.02741682 0.02012845
vt 0.02502317 0.0148331
vt 0.02684867 0.00953776
f 1211/1211 1212/1212 1213/1213
v 0.19920891 0.63063058 0.921875
v 0.29743347 0.67131653 0.921875
v 0.30941263 0.65933737 0.921875
vt 0.04071012 0.0148331
vt 0.0625 0.05428614
vt 0.0625 0.0625
f 1214/1214 1215/1215 1216/1216
v 0.19920891 0.63063058 0.921875
v 0.30941263 0.65933737 0.921875
v 0.28433829 0.59880257 0.921875
vt 0.04071012 0.0148331
vt 0.0625 0.0625
vt 0.04264861 0.0625
f 1217/1217 1218/1218 1219/1219
v 0.19920891 0.63063058 0.921875
v 0.28433829 0.59880257 0.921875
v 0.2123925 0.59880257 0.921875
vt 0.04071012 0.0148331
vt 0.04264861 0.0625
vt 0.03502109 0.02761719
f 1220/1220 1221/1221 1222/1222
v 0.18602532 0.62516976 0.921875
v 0.19920891 0.63063058 0.921875
v 0.20466973 0.61744699 0.921875
vt 0.0377855 0.00953776
vt 0.04071012 0.0148331
vt 0.03835365 0.02012845
f 1223/1223 1224/1224 1225/1225
v 0.21826214 0.75048786 0.921875
v 0.5 0.8671875 0.921875
v 0.5 0.86296141 0.921875
v 0.22125044 0.74749956 0.921875
vt 0 0
vt 0.0625 0
vt 0.0625 0.00204901
vt 0 0.00204901
f 1226/1226 1227/1227 1228/1228 1229/1229
v 0.29743347 0.67131653 0.921875
v 0.22125044 0.74749956 0.921875
v 0.35130301 0.8013691 0.921875
vt 0 0.05428614
vt 0 0.00204901
vt 0.02915982 0.00204901
f 1230/1230 1231/1231 1232/1232
v 0.5 0.78272468 0.921875
v 0.5 0.73828125 0.921875
v 0.30941263 0.65933737 0.921875
vt 0.0625 0.04095167
vt 0.0625 0.0625
vt 0 0.0625
f 1233/1233 1234/1234 1235/1235
v 0.5 0.78272468 0.921875
v 0.30941263 0.65933737 0.921875
v 0.29743347 0.67131653 0.921875
vt 0.0625 0.04095167
vt 0 0.0625
vt 0 0.05428614
f 1236/1236 1237/1237 1238/1238
v 0.5 0.78272468 0.921875
v 0.29743347 0.67131653 0.921875
v 0.32493582 0.73771308 0.921875
vt 0.0625 0.04095167
vt 0 0.05428614
vt 0.01488714 0.02761719
f 1239/1239 1240/1240 1241/1241
v 0.5 0.78272468 0.921875
v 0.32493582 0.73771308 0.921875
v 0.43360345 0.78272468 0.921875
vt 0.0625 0.04095167
vt 0.01488714 0.02761719
vt 0.0465734 0.02761719
f 1242/1242 1243/1243 1244/1244
v 0.39631461 0.78272468 0.921875
v 0.43360345 0.78272468 0.921875
v 0.38859184 0.76408027 0.921875
vt 0.03762889 0.02012845
vt 0.0465734 0.02761719
vt 0.03344852 0.02761719
f 1245/1245 1246/1246 1247/1247
v 0.32493582 0.73771308 0.921875
v 0.34358024 0.78272468 0.921875
v 0.35676383 0.75089667 0.921875
vt 0.01488714 0.02761719
vt 0.02497945 0.00953776
vt 0.02416783 0.02761719
f 1248/1248 1249/1249 1250/1250
v 0.36994743 0.7563575 0.921875
v 0.35676383 0.75089667 0.921875
v 0.35130301 0.76408027 0.921875
vt 0.02801202 0.02761719
vt 0.02416783 0.02761719
vt 0.02450401 0.02012845
f 1251/1251 1252/1252 1253/1253
v 0.5 0.86296141 0.921875
v 0.5 0.78272468 0.921875
v 0.39631461 0.78272468 0.921875
v 0.38313102 0.8145527 0.921875
vt 0.0625 0.00204901
vt 0.0625 0.04095167
vt 0.03762889 0.02012845
vt 0.03629615 0.00204901
f 1254/1254 1255/1255 1256/1256 1257/1257
v 0.36994743 0.80909187 0.921875
v 0.38313102 0.8145527 0.921875
v 0.38859184 0.8013691 0.921875
vt 0.03334018 0.00204901
vt 0.03629615 0.00204901
vt 0.03684819 0.00953776
f 1258/1258 1259/1259 1260/1260
v 0.5 0.8671875 0.921875
v 0.63515391 0.81120492 0.921875
v 0.5 0.75522233 0.921875
vt 0 0
vt 0.0299822 0
vt 0 0.05428614
f 1261/1261 1262/1262 1263/1263
v 0.57278789 0.70813152 0.921875
v 0.5 0.73828125 0.921875
v 0.5 0.75522233 0.921875
v 0.61140816 0.8013691 0.921875
vt 0.02386959 0.0625
vt 0 0.0625
vt 0 0.05428614
vt 0.0247145 0.00953776
f 1264/1264 1265/1265 1266/1266 1267/1267
v 0.70391127 0.78272468 0.921875
v 0.78173786 0.75048786 0.921875
v 0.69058737 0.65933737 0.921875
vt 0.04523515 0
vt 0.0625 0
vt 0.0625 0.0625
f 1268/1268 1269/1269 1270/1270
v 0.70391127 0.78272468 0.921875
v 0.69058737 0.65933737 0.921875
v 0.57278789 0.70813152 0.921875
vt 0.04523515 0
vt 0.0625 0.0625
vt 0.02386959 0.0625
f 1271/1271 1272/1272 1273/1273
v 0.70391127 0.78272468 0.921875
v 0.57278789 0.70813152 0.921875
v 0.58504097 0.73771308 0.921875
vt 0.04523515 0
vt 0.02386959 0.0625
vt 0.02413766 0.04569663
f 1274/1274 1275/1275 1276/1276
v 0.70391127 0.78272468 0.921875
v 0.58504097 0.73771308 0.921875
v 0.69370859 0.78272468 0.921875
vt 0.04523515 0
vt 0.02413766 0.04569663
vt 0.04312901 0.00204901
f 1277/1277 1278/1278 1279/1279
v 0.65641976 0.78272468 0.921875
v 0.69370859 0.78272468 0.921875
v 0.64869699 0.76408027 0.921875
vt 0.03543149 0.00953776
vt 0.04312901 0.00204901
vt 0.03526254 0.02012845
f 1280/1280 1281/1281 1282/1282
v 0.58504097 0.73771308 0.921875
v 0.60368539 0.78272468 0.921875
v 0.61686898 0.75089667 0.921875
vt 0.02413766 0.04569663
vt 0.02454554 0.02012845
vt 0.0297001 0.03291254
f 1283/1283 1284/1284 1285/1285
v 0.63005257 0.7563575 0.921875
v 0.61686898 0.75089667 0.921875
v 0.61140816 0.76408027 0.921875
vt 0.03200413 0.02761719
vt 0.0297001 0.03291254
vt 0.02756501 0.02761719
f 1286/1286 1287/1287 1288/1288
v 0.64658395 0.80647044 0.921875
v 0.70391127 0.78272468 0.921875
v 0.65641976 0.78272468 0.921875
vt 0.0325178 0
vt 0.04523515 0
vt 0.03543149 0.00953776
f 1289/1289 1290/1290 1291/1291
v 0.63515391 0.81120492 0.921875
v 0.64658395 0.80647044 0.921875
v 0.64869699 0.8013691 0.921875
v 0.63005257 0.80909187 0.921875
vt 0.0299822 0
vt 0.0325178 0
vt 0.03314376 0.00204901
vt 0.02885053 0.00204901
f 1292/1292 1293/1293 1294/1294 1295/1295
v 0.78173786 0.75048786 0.921875
v 0.83076547 0.63212473 0.921875
v 0.7207371 0.58654949 0.921875
v 0.69058737 0.65933737 0.921875
vt 0 0
vt 0.02625737 0
vt 0.02386959 0.0625
vt 0 0.0625
f 1296/1296 1297/1297 1298/1298 1299/1299
v 0.7516346 0.51195633 0.921875
v 0.7207371 0.58654949 0.921875
v 0.79533027 0.61744699 0.921875
vt 0.04833119 0.0625
vt 0.02386959 0.0625
vt 0.02548837 0.02012845
f 1300/1300 1301/1301 1302/1302
v 0.84940989 0.58711313 0.921875
v 0.8984375 0.46875 0.921875
v 0.76953125 0.46875 0.921875
vt 0.03624263 0
vt 0.0625 0
vt 0.0625 0.0625
f 1303/1303 1304/1304 1305/1305
v 0.84940989 0.58711313 0.921875
v 0.76953125 0.46875 0.921875
v 0.7516346 0.51195633 0.921875
vt 0.03624263 0
vt 0.0625 0.0625
vt 0.04833119 0.0625
f 1306/1306 1307/1307 1308/1308
v 0.84940989 0.58711313 0.921875
v 0.7516346 0.51195633 0.921875
v 0.76896308 0.55379097 0.921875
vt 0.03624263 0
vt 0.04833119 0.0625
vt 0.03927237 0.04569663
f 1309/1309 1310/1310 1311/1311
v 0.84456796 0.59880257 0.921875
v 0.84940989 0.58711313 0.921875
v 0.8326191 0.58015816 0.921875
v 0.84034187 0.59880257 0.921875
vt 0.03364947 0
vt 0.03624263 0
vt 0.03687499 0.00953776
vt 0.03334351 0.00204901
f 1312/1312 1313/1313 1314/1314 1315/1315
v 0.80079109 0.56697456 0.921875
v 0.76896308 0.55379097 0.921875
v 0.7876075 0.59880257 0.921875
vt 0.03807368 0.02761719
vt 0.03927237 0.04569663
vt 0.02952561 0.02761719
f 1316/1316 1317/1317 1318/1318
v 0.81397468 0.57243539 0.921875
v 0.80079109 0.56697456 0.921875
v 0.79533027 0.58015816 0.921875
vt 0.03757717 0.02012845
vt 0.03807368 0.02761719
vt 0.03453296 0.02761719
f 1319/1319 1320/1320 1321/1321
v 0.83076547 0.63212473 0.921875
v 0.84456796 0.59880257 0.921875
v 0.84034187 0.59880257 0.921875
v 0.82715828 0.63063058 0.921875
vt 0.02625737 0
vt 0.03364947 0
vt 0.03334351 0.00204901
vt 0.02617909 0.00204901
f 1322/1322 1323/1323 1324/1324 1325/1325
v 0.81397468 0.62516976 0.921875
v 0.82715828 0.63063058 0.921875
v 0.8326191 0.61744699 0.921875
vt 0.02589299 0.00953776
vt 0.02617909 0.00204901
vt 0.02914669 0.00204901
f 1326/1326 1327/1327 1328/1328
v 0.8984375 0.46875 0.921875
v 0.86408763 0.38582208 0.921875
v 0.70848402 0.32136895 0.921875
v 0.76953125 0.46875 0.921875
vt 0 0
vt 0.01839652 0
vt 0.04833119 0.0625
vt 0 0.0625
f 1329/1329 1330/1330 1331/1331 1332/1332
v 0.74146073 0.22728927 0.921875
v 0.69058737 0.27816263 0.921875
v 0.70848402 0.32136895 0.921875
v 0.79533027 0.35734184 0.921875
vt 0.0625 0.02761719
vt 0.0625 0.0625
vt 0.04833119 0.0625
vt 0.03162391 0.02761719
f 1333/1333 1334/1334 1335/1335 1336/1336
v 0.83772044 0.32216605 0.921875
v 0.78173786 0.18701214 0.921875
v 0.74146073 0.22728927 0.921875
v 0.76896308 0.29368582 0.921875
vt 0.0325178 0
vt 0.0625 0
vt 0.0625 0.02761719
vt 0.04673664 0.02761719
f 1337/1337 1338/1338 1339/1339 1340/1340
v 0.84456796 0.33869743 0.921875
v 0.83772044 0.32216605 0.921875
v 0.8326191 0.32005301 0.921875
v 0.84034187 0.33869743 0.921875
vt 0.02885053 0
vt 0.0325178 0
vt 0.03357275 0.00204901
vt 0.0293847 0.00204901
f 1341/1341 1342/1342 1343/1343 1344/1344
v 0.80079109 0.30686942 0.921875
v 0.76896308 0.29368582 0.921875
v 0.7876075 0.33869743 0.921875
vt 0.04015469 0.0148331
vt 0.04673664 0.02761719
vt 0.03605032 0.02761719
f 1345/1345 1346/1346 1347/1347
v 0.81397468 0.31233024 0.921875
v 0.80079109 0.30686942 0.921875
v 0.79533027 0.32005301 0.921875
vt 0.03742836 0.00953776
vt 0.04015469 0.0148331
vt 0.03845461 0.02012845
f 1348/1348 1349/1349 1350/1350
v 0.86408763 0.38582208 0.921875
v 0.84456796 0.33869743 0.921875
v 0.84034187 0.33869743 0.921875
v 0.82715828 0.37052544 0.921875
vt 0.01839652 0
vt 0.02885053 0
vt 0.0293847 0.00204901
vt 0.0255009 0.0148331
f 1351/1351 1352/1352 1353/1353 1354/1354
v 0.81397468 0.36506461 0.921875
v 0.82715828 0.37052544 0.921875
v 0.8326191 0.35734184 0.921875
vt 0.02803713 0.02012845
vt 0.0255009 0.0148331
vt 0.02710963 0.00953776
f 1355/1355 1356/1356 1357/1357
v 0.5 0.12727296 0.921875
v 0.5 0.19921875 0.921875
v 0.69058737 0.27816263 0.921875
v 0.74146073 0.22728927 0.921875
vt 0.0625 0.02761719
vt 0.0625 0.0625
vt 0 0.0625
vt 0 0.02761719
f 1358/1358 1359/1359 1360/1360 1361/1361
v 0.58292792 0.10466237 0.921875
v 0.5 0.0703125 0.921875
v 0.5 0.12727296 0.921875
v 0.61140816 0.17341973 0.921875
vt 0.04410348 0
vt 0.0625 0
vt 0.0625 0.02761719
vt 0.03366297 0.02761719
f 1362/1362 1363/1363 1364/1364 1365/1365
v 0.70391127 0.15477532 0.921875
v 0.58292792 0.10466237 0.921875
v 0.58504097 0.10976371 0.921875
v 0.69370859 0.15477532 0.921875
vt 0.01726485 0
vt 0.04410348 0
vt 0.04332887 0.00204901
vt 0.01922232 0.00204901
f 1366/1366 1367/1367 1368/1368 1369/1369
v 0.65641976 0.15477532 0.921875
v 0.69370859 0.15477532 0.921875
v 0.64869699 0.1361309 0.921875
vt 0.0263765 0.00953776
vt 0.01922232 0.00204901
vt 0.02920758 0.00204901
f 1370/1370 1371/1371 1372/1372
v 0.58504097 0.10976371 0.921875
v 0.60368539 0.15477532 0.921875
v 0.61686898 0.1229473 0.921875
vt 0.04332887 0.00204901
vt 0.03649405 0.02012845
vt 0.03626822 0.00204901
f 1373/1373 1374/1374 1375/1375
v 0.63005257 0.12840813 0.921875
v 0.61686898 0.1229473 0.921875
v 0.61140816 0.1361309 0.921875
vt 0.03334361 0.00204901
vt 0.03626822 0.00204901
vt 0.03636176 0.00953776
f 1376/1376 1377/1377 1378/1378
v 0.78173786 0.18701214 0.921875
v 0.70391127 0.15477532 0.921875
v 0.65641976 0.15477532 0.921875
vt 0 0
vt 0.01726485 0
vt 0.0263765 0.00953776
f 1379/1379 1380/1380 1381/1381
v 0.78173786 0.18701214 0.921875
v 0.65641976 0.15477532 0.921875
v 0.64323617 0.18660333 0.921875
vt 0 0
vt 0.0263765 0.00953776
vt 0.02542457 0.02761719
f 1382/1382 1383/1383 1384/1384
v 0.78173786 0.18701214 0.921875
v 0.64323617 0.18660333 0.921875
v 0.74146073 0.22728927 0.921875
vt 0 0
vt 0.02542457 0.02761719
vt 0 0.02761719
f 1385/1385 1386/1386 1387/1387
v 0.63005257 0.1811425 0.921875
v 0.64323617 0.18660333 0.921875
v 0.64869699 0.17341973 0.921875
vt 0.02883703 0.02761719
vt 0.02542457 0.02761719
vt 0.02581887 0.02012845
f 1388/1388 1389/1389 1390/1390
v 0.30119007 0.15266227 0.921875
v 0.21826214 0.18701214 0.921875
v 0.30941263 0.27816263 0.921875
v 0.45679367 0.2171154 0.921875
vt 0.04410348 0
vt 0.0625 0
vt 0.0625 0.0625
vt 0.01416881 0.0625
f 1391/1391 1392/1392 1393/1393 1394/1394
v 0.33662527 0.13798453 0.921875
v 0.30119007 0.15266227 0.921875
v 0.35130301 0.17341973 0.921875
vt 0.03624263 0
vt 0.04410348 0
vt 0.03446287 0.02012845
f 1395/1395 1396/1396 1397/1397
v 0.5 0.0703125 0.921875
v 0.36484609 0.12629508 0.921875
v 0.43360345 0.15477532 0.921875
v 0.5 0.15477532 0.921875
vt 0 0
vt 0.0299822 0
vt 0.01502618 0.02761719
vt 0 0.04095167
f 1398/1398 1399/1399 1400/1400 1401/1401
v 0.39631461 0.15477532 0.921875
v 0.43360345 0.15477532 0.921875
v 0.38859184 0.1361309 0.921875
vt 0.023465 0.02012845
vt 0.01502618 0.02761719
vt 0.02481705 0.00953776
f 1402/1402 1403/1403 1404/1404
v 0.35341605 0.13102956 0.921875
v 0.33662527 0.13798453 0.921875
v 0.34358024 0.15477532 0.921875
vt 0.0325178 0
vt 0.03624263 0
vt 0.0353993 0.00953776
f 1405/1405 1406/1406 1407/1407
v 0.36484609 0.12629508 0.921875
v 0.35341605 0.13102956 0.921875
v 0.35130301 0.1361309 0.921875
v 0.36994743 0.12840813 0.921875
vt 0.0299822 0
vt 0.0325178 0
vt 0.03313684 0.00204901
vt 0.02887256 0.00204901
f 1408/1408 1409/1409 1410/1410 1411/1411
v 0.38313102 0.18660333 0.921875
v 0.45679367 0.2171154 0.921875
v 0.5 0.19921875 0.921875
vt 0.02833986 0.03291254
vt 0.01416881 0.0625
vt 0 0.0625
f 1412/1412 1413/1413 1414/1414
v 0.38313102 0.18660333 0.921875
v 0.5 0.19921875 0.921875
v 0.5 0.15477532 0.921875
vt 0.02833986 0.03291254
vt 0 0.0625
vt 0 0.04095167
f 1415/1415 1416/1416 1417/1417
v 0.38313102 0.18660333 0.921875
v 0.5 0.15477532 0.921875
v 0.39631461 0.15477532 0.921875
vt 0.02833986 0.03291254
vt 0 0.04095167
vt 0.023465 0.02012845
f 1418/1418 1419/1419 1420/1420
v 0.36994743 0.1811425 0.921875
v 0.38313102 0.18660333 0.921875
v 0.38859184 0.17341973 0.921875
vt 0.03087609 0.02761719
vt 0.02833986 0.03291254
vt 0.02632063 0.02761719
f 1421/1421 1422/1422 1423/1423
v 0.15059011 0.35038687 0.921875
v 0.1015625 0.46875 0.921875
v 0.23046875 0.46875 0.921875
v 0.26061848 0.39596211 0.921875
vt 0.03624263 0
vt 0.0625 0
vt 0.0625 0.0625
vt 0.03863041 0.0625
f 1424/1424 1425/1425 1426/1426 1427/1427
v 0.15754508 0.33359609 0.921875
v 0.15059011 0.35038687 0.921875
v 0.1673809 0.35734184 0.921875
vt 0.0325178 0
vt 0.03624263 0
vt 0.03660701 0.00953776
f 1428/1428 1429/1429 1430/1430
v 0.21826214 0.18701214 0.921875
v 0.16923453 0.30537527 0.921875
v 0.24968134 0.33869743 0.921875
vt 0 0
vt 0.02625737 0
vt 0.02361643 0.04569663
f 1431/1431 1432/1432 1433/1433
v 0.21826214 0.18701214 0.921875
v 0.24968134 0.33869743 0.921875
v 0.28433829 0.33869743 0.921875
vt 0 0
vt 0.02361643 0.04569663
vt 0.01985139 0.0625
f 1434/1434 1435/1435 1436/1436
v 0.21826214 0.18701214 0.921875
v 0.28433829 0.33869743 0.921875
v 0.30941263 0.27816263 0.921875
vt 0 0
vt 0.01985139 0.0625
vt 0 0.0625
f 1437/1437 1438/1438 1439/1439
v 0.2123925 0.33869743 0.921875
v 0.24968134 0.33869743 0.921875
v 0.20466973 0.32005301 0.921875
vt 0.02766738 0.02761719
vt 0.02361643 0.04569663
vt 0.02509409 0.02012845
f 1440/1440 1441/1441 1442/1442
v 0.16923453 0.30537527 0.921875
v 0.15754508 0.33359609 0.921875
v 0.15965813 0.33869743 0.921875
v 0.17284172 0.30686942 0.921875
vt 0.02625737 0
vt 0.0325178 0
vt 0.0333963 0.00204901
vt 0.02613895 0.00204901
f 1443/1443 1444/1444 1445/1445 1446/1446
v 0.18602532 0.31233024 0.921875
v 0.17284172 0.30686942 0.921875
v 0.1673809 0.32005301 0.921875
vt 0.02570616 0.00953776
vt 0.02613895 0.00204901
vt 0.02914504 0.00204901
f 1447/1447 1448/1448 1449/1449
v 0.19920891 0.37052544 0.921875
v 0.26061848 0.39596211 0.921875
v 0.28433829 0.33869743 0.921875
v 0.2123925 0.33869743 0.921875
vt 0.03729773 0.02761719
vt 0.03863041 0.0625
vt 0.01985139 0.0625
vt 0.02766738 0.02761719
f 1450/1450 1451/1451 1452/1452 1453/1453
v 0.18602532 0.36506461 0.921875
v 0.19920891 0.37052544 0.921875
v 0.20466973 0.35734184 0.921875
vt 0.03701163 0.02012845
vt 0.03729773 0.02761719
vt 0.03330871 0.02761719
f 1454/1454 1455/1455 1456/1456
v 0.23046875 0.46875 0.921875
v 0.30941263 0.65933737 0.921875
v 0.30941263 0.65933737 0.96875
v 0.23046875 0.46875 0.96875
vt 0 0
vt 0.0625 0
vt 0.0625 0.0625
vt 0 0.0625
f 1457/1457 1458/1458 1459/1459 1460/1460
v 0.30941263 0.65933737 0.921875
v 0.5 0.73828125 0.921875
v 0.5 0.73828125 0.96875
v 0.30941263 0.65933737 0.96875
vt 0 0
vt 0.0625 0
vt 0.0625 0.0625
vt 0 0.0625
f 1461/1461 1462/1462 1463/1463 1464/1464
v 0.5 0.73828125 0.921875
v 0.69058737 0.65933737 0.921875
v 0.69058737 0.65933737 0.96875
v 0.5 0.73828125 0.96875
vt 0 0
vt 0.0625 0
vt 0.0625 0.0625
vt 0 0.0625
f 1465/1465 1466/1466 1467/1467 1468/1468
v 0.69058737 0.65933737 0.921875
v 0.76953125 0.46875 0.921875
v 0.76953125 0.46875 0.96875
v 0.69058737 0.65933737 0.96875
vt 0 0
vt 0.0625 0
vt 0.0625 0.0625
vt 0 0.0625
f 1469/1469 1470/1470 1471/1471 1472/1472
v 0.76953125 0.46875 0.921875
v 0.69058737 0.27816263 0.921875
v 0.69058737 0.27816263 0.96875
v 0.76953125 0.46875 0.96875
vt 0 0
vt 0.0625 0
vt 0.0625 0.0625
vt 0 0.0625
f 1473/1473 1474/1474 1475/1475 1476/1476
v 0.69058737 0.27816263 0.921875
v 0.5 0.19921875 0.921875
v 0.5 0.19921875 0.96875
v 0.69058737 0.27816263 0.96875
vt 0 0
vt 0.0625 0
vt 0.0625 0.0625
vt 0 0.0625
f 1477/1477 1478/1478 1479/1479 1480/1480
v 0.5 0.19921875 0.921875
v 0.30941263 0.27816263 0.921875
v 0.30941263 0.27816263 0.96875
v 0.5 0.19921875 0.96875
vt 0 0
vt 0.0625 0
vt 0.0625 0.0625
vt 0 0.0625
f 1481/1481 1482/1482 1483/1483 1484/1484
v 0.30941263 0.27816263 0.921875
v 0.23046875 0.46875 0.921875
v 0.23046875 0.46875 0.96875
v 0.30941263 0.27816263 0.96875
vt 0 0
vt 0.0625 0
vt 0.0625 0.0625
vt 0 0.0625
f 1485/1485 1486/1486 1487/1487 1488/1488
v 0.23046875 0.46875 0.96875
v 0.30941263 0.65933737 0.96875
v 0.21826214 0.75048786 0.96875
v 0.1015625 0.46875 0.96875
vt 0 0
vt 0.0625 0
vt 0.0625 0.0625
vt 0 0.0625
f 1489/1489 1490/1490 1491/1491 1492/1492
v 0.30941263 0.65933737 0.96875
v 0.5 0.73828125 0.96875
v 0.5 0.8671875 0.96875
v 0.21826214 0.75048786 0.96875
vt 0 0
vt 0.0625 0
vt 0.0625 0.0625
vt 0 0.0625
f 1493/1493 1494/1494 1495/1495 1496/1496
v 0.5 0.73828125 0.96875
v 0.69058737 0.65933737 0.96875
v 0.78173786 0.75048786 0.96875
v 0.5 0.8671875 0.96875
vt 0 0
vt 0.0625 0
vt 0.0625 0.0625
vt 0 0.0625
f 1497/1497 1498/1498 1499/1499 1500/1500
v 0.69058737 0.65933737 0.96875
v 0.76953125 0.46875 0.96875
v 0.8984375 0.46875 0.96875
v 0.78173786 0.75048786 0.96875
vt 0 0
vt 0.0625 0
vt 0.0625 0.0625
vt 0 0.0625
f 1501/1501 1502/1502 1503/1503 1504/1504
v 0.76953125 0.46875 0.96875
v 0.69058737 0.27816263 0.96875
v 0.78173786 0.18701214 0.96875
v 0.8984375 0.46875 0.96875
vt 0 0
vt 0.0625 0
vt 0.0625 0.0625
vt 0 0.0625
f 1505/1505 1506/1506 1507/1507 1508/1508
v 0.69058737 0.27816263 0.96875
v 0.5 0.19921875 0.96875
v 0.5 0.0703125 0.96875
v 0.78173786 0.18701214 0.96875
vt 0 0
vt 0.0625 0
vt 0.0625 0.0625
vt 0 0.0625
f 1509/1509 1510/1510 1511/1511 1512/1512
v 0.5 0.19921875 0.96875
v 0.30941263 0.27816263 0.96875
v 0.21826214 0.18701214 0.96875
v 0.5 0.0703125 0.96875
vt 0 0
vt 0.0625 0
vt 0.0625 0.0625
vt 0 0.0625
f 1513/1513 1514/1514 1515/1515 1516/1516
v 0.30941263 0.27816263 0.96875
v 0.23046875 0.46875 0.96875
v 0.1015625 0.46875 0.96875
v 0.21826214 0.18701214 0.96875
vt 0 0
vt 0.0625 0
vt 0.0625 0.0625
vt 0 0.0625
f 1517/1517 1518/1518 1519/1519 1520/1520
usemtl copper
v 0.18945312 0.46875 0.91601563
v 0.2804102 0.6883398 0.91601563
v 0.2804102 0.6883398 0.875
v 0.18945312 0.46875 0.875
vt 0.0625 0.4375
vt 0.25 0.4375
vt 0.25 0.5
vt 0.0625 0.5
f 1521/1521 1522/1522 1523/1523 1524/1524
v 0.2804102 0.6883398 0.91601563
v 0.5 0.77929688 0.91601563
v 0.5 0.77929688 0.875
v 0.2804102 0.6883398 0.875
vt 0.0625 0.4375
vt 0.25 0.4375
vt 0.25 0.5
vt 0.0625 0.5
f 1525/1525 1526/1526 1527/1527 1528/1528
v 0.5 0.77929688 0.91601563
v 0.7195898 0.6883398 0.91601563
v 0.7195898 0.6883398 0.875
v 0.5 0.77929688 0.875
vt 0.0625 0.4375
vt 0.25 0.4375
vt 0.25 0.5
vt 0.0625 0.5
f 1529/1529 1530/1530 1531/1531 1532/1532
v 0.7195898 0.6883398 0.91601563
v 0.81054688 0.46875 0.91601563
v 0.81054688 0.46875 0.875
v 0.7195898 0.6883398 0.875
vt 0.0625 0.4375
vt 0.25 0.4375
vt 0.25 0.5
vt 0.0625 0.5
f 1533/1533 1534/1534 1535/1535 1536/1536
v 0.81054688 0.46875 0.91601563
v 0.7195898 0.2491602 0.91601563
v 0.7195898 0.2491602 0.875
v 0.81054688 0.46875 0.875
vt 0.0625 0.4375
vt 0.25 0.4375
vt 0.25 0.5
vt 0.0625 0.5
f 1537/1537 1538/1538 1539/1539 1540/1540
v 0.7195898 0.2491602 0.91601563
v 0.5 0.15820313 0.91601563
v 0.5 0.15820313 0.875
v 0.7195898 0.2491602 0.875
vt 0.0625 0.4375
vt 0.25 0.4375
vt 0.25 0.5
vt 0.0625 0.5
f 1541/1541 1542/1542 1543/1543 1544/1544
v 0.5 0.15820313 0.91601563
v 0.2804102 0.2491602 0.91601563
v 0.2804102 0.2491602 0.875
v 0.5 0.15820313 0.875
vt 0.0625 0.4375
vt 0.25 0.4375
vt 0.25 0.5
vt 0.0625 0.5
f 1545/1545 1546/1546 1547/1547 1548/1548
v 0.2804102 0.2491602 0.91601563
v 0.18945312 0.46875 0.91601563
v 0.18945312 0.46875 0.875
v 0.2804102 0.2491602 0.875
vt 0.0625 0.4375
vt 0.25 0.4375
vt 0.25 0.5
vt 0.0625 0.5
f 1549/1549 1550/1550 1551/1551 1552/1552
v 0.18945312 0.46875 0.875
v 0.2804102 0.6883398 0.875
v 0.30941263 0.65933737 0.875
v 0.23046875 0.46875 0.875
vt 0.0625 0.4375
vt 0.25 0.4375
vt 0.25 0.5
vt 0.0625 0.5
f 1553/1553 1554/1554 1555/1555 1556/1556
v 0.2804102 0.6883398 0.875
v 0.5 0.77929688 0.875
v 0.5 0.73828125 0.875
v 0.30941263 0.65933737 0.875
vt 0.0625 0.4375
vt 0.25 0.4375
vt 0.25 0.5
vt 0.0625 0.5
f 1557/1557 1558/1558 1559/1559 1560/1560
v 0.5 0.77929688 0.875
v 0.7195898 0.6883398 0.875
v 0.69058737 0.65933737 0.875
v 0.5 0.73828125 0.875
vt 0.0625 0.4375
vt 0.25 0.4375
vt 0.25 0.5
vt 0.0625 0.5
f 1561/1561 1562/1562 1563/1563 1564/1564
v 0.7195898 0.6883398 0.875
v 0.81054688 0.46875 0.875
v 0.76953125 0.46875 0.875
v 0.69058737 0.65933737 0.875
vt 0.0625 0.4375
vt 0.25 0.4375
vt 0.25 0.5
vt 0.0625 0.5
f 1565/1565 1566/1566 1567/1567 1568/1568
v 0.81054688 0.46875 0.875
v 0.7195898 0.2491602 0.875
v 0.69058737 0.27816263 0.875
v 0.76953125 0.46875 0.875
vt 0.0625 0.4375
vt 0.25 0.4375
vt 0.25 0.5
vt 0.0625 0.5
f 1569/1569 1570/1570 1571/1571 1572/1572
v 0.7195898 0.2491602 0.875
v 0.5 0.15820313 0.875
v 0.5 0.19921875 0.875
v 0.69058737 0.27816263 0.875
vt 0.0625 0.4375
vt 0.25 0.4375
vt 0.25 0.5
vt 0.0625 0.5
f 1573/1573 1574/1574 1575/1575 1576/1576
v 0.5 0.15820313 0.875
v 0.2804102 0.2491602 0.875
v 0.30941263 0.27816263 0.875
v 0.5 0.19921875 0.875
vt 0.0625 0.4375
vt 0.25 0.4375
vt 0.25 0.5
vt 0.0625 0.5
f 1577/1577 1578/1578 1579/1579 1580/1580
v 0.2804102 0.2491602 0.875
v 0.18945312 0.46875 0.875
v 0.23046875 0.46875 0.875
v 0.30941263 0.27816263 0.875
vt 0.0625 0.4375
vt 0.25 0.4375
vt 0.25 0.5
vt 0.0625 0.5
f 1581/1581 1582/1582 1583/1583 1584/1584
v 0.23046875 0.46875 0.875
v 0.30941263 0.65933737 0.875
v 0.30941263 0.65933737 0.91601563
v 0.23046875 0.46875 0.91601563
vt 0.0625 0.4375
vt 0.25 0.4375
vt 0.25 0.5
vt 0.0625 0.5
f 1585/1585 1586/1586 1587/1587 1588/1588
v 0.30941263 0.65933737 0.875
v 0.5 0.73828125 0.875
v 0.5 0.73828125 0.91601563
v 0.30941263 0.65933737 0.91601563
vt 0.0625 0.4375
vt 0.25 0.4375
vt 0.25 0.5
vt 0.0625 0.5
f 1589/1589 1590/1590 1591/1591 1592/1592
v 0.5 0.73828125 0.875
v 0.69058737 0.65933737 0.875
v 0.69058737 0.65933737 0.91601563
v 0.5 0.73828125 0.91601563
vt 0.0625 0.4375
vt 0.25 0.4375
vt 0.25 0.5
vt 0.0625 0.5
f 1593/1593 1594/1594 1595/1595 1596/1596
v 0.69058737 0.65933737 0.875
v 0.76953125 0.46875 0.875
v 0.76953125 0.46875 0.91601563
v 0.69058737 0.65933737 0.91601563
vt 0.0625 0.4375
vt 0.25 0.4375
vt 0.25 0.5
vt 0.0625 0.5
f 1597/1597 1598/1598 1599/1599 1600/1600
v 0.76953125 0.46875 0.875
v 0.69058737 0.27816263 0.875
v 0.69058737 0.27816263 0.91601563
v 0.76953125 0.46875 0.91601563
vt 0.0625 0.4375
vt 0.25 0.4375
vt 0.25 0.5
vt 0.0625 0.5
f 1601/1601 1602/1602 1603/1603 1604/1604
v 0.69058737 0.27816263 0.875
v 0.5 0.19921875 0.875
v 0.5 0.19921875 0.91601563
v 0.69058737 0.27816263 0.91601563
vt 0.0625 0.4375
vt 0.25 0.4375
vt 0.25 0.5
vt 0.0625 0.5
f 1605/1605 1606/1606 1607/1607 1608/1608
v 0.5 0.19921875 0.875
v 0.30941263 0.27816263 0.875
v 0.30941263 0.27816263 0.91601563
v 0.5 0.19921875 0.91601563
vt 0.0625 0.4375
vt 0.25 0.4375
vt 0.25 0.5
vt 0.0625 0.5
f 1609/1609 1610/1610 1611/1611 1612/1612
v 0.30941263 0.27816263 0.875
v 0.23046875 0.46875 0.875
v 0.23046875 0.46875 0.91601563
v 0.30941263 0.27816263 0.91601563
vt 0.0625 0.4375
vt 0.25 0.4375
vt 0.25 0.5
vt 0.0625 0.5
f 1613/1613 1614/1614 1615/1615 1616/1616
v 0.23046875 0.46875 0.91601563
v 0.30941263 0.65933737 0.91601563
v 0.2804102 0.6883398 0.91601563
v 0.18945312 0.46875 0.91601563
vt 0.0625 0.4375
vt 0.25 0.4375
vt 0.25 0.5
vt 0.0625 0.5
f 1617/1617 1618/1618 1619/1619 1620/1620
v 0.30941263 0.65933737 0.91601563
v 0.5 0.73828125 0.91601563
v 0.5 0.77929688 0.91601563
v 0.2804102 0.6883398 0.91601563
vt 0.0625 0.4375
vt 0.25 0.4375
vt 0.25 0.5
vt 0.0625 0.5
f 1621/1621 1622/1622 1623/1623 1624/1624
v 0.5 0.73828125 0.91601563
v 0.69058737 0.65933737 0.91601563
v 0.7195898 0.6883398 0.91601563
v 0.5 0.77929688 0.91601563
vt 0.0625 0.4375
vt 0.25 0.4375
vt 0.25 0.5
vt 0.0625 0.5
f 1625/1625 1626/1626 1627/1627 1628/1628
v 0.69058737 0.65933737 0.91601563
v 0.76953125 0.46875 0.91601563
v 0.81054688 0.46875 0.91601563
v 0.7195898 0.6883398 0.91601563
vt 0.0625 0.4375
vt 0.25 0.4375
vt 0.25 0.5
vt 0.0625 0.5
f 1629/1629 1630/1630 1631/1631 1632/1632
v 0.76953125 0.46875 0.91601563
v 0.69058737 0.27816263 0.91601563
v 0.7195898 0.2491602 0.91601563
v 0.81054688 0.46875 0.91601563
vt 0.0625 0.4375
vt 0.25 0.4375
vt 0.25 0.5
vt 0.0625 0.5
f 1633/1633 1634/1634 1635/1635 1636/1636
v 0.69058737 0.27816263 0.91601563
v 0.5 0.19921875 0.91601563
v 0.5 0.15820313 0.91601563
v 0.7195898 0.2491602 0.91601563
vt 0.0625 0.4375
vt 0.25 0.4375
vt 0.25 0.5
vt 0.0625 0.5
f 1637/1637 1638/1638 1639/1639 1640/1640
v 0.5 0.19921875 0.91601563
v 0.30941263 0.27816263 0.91601563
v 0.2804102 0.2491602 0.91601563
v 0.5 0.15820313 0.91601563
vt 0.0625 0.4375
vt 0.25 0.4375
vt 0.25 0.5
vt 0.0625 0.5
f 1641/1641 1642/1642 1643/1643 1644/1644
v 0.30941263 0.27816263 0.91601563
v 0.23046875 0.46875 0.91601563
v 0.18945312 0.46875 0.91601563
v 0.2804102 0.2491602 0.91601563
vt 0.0625 0.4375
vt 0.25 0.4375
vt 0.25 0.5
vt 0.0625 0.5
f 1645/1645 1646/1646 1647/1647 1648/1648
v 0.15965813 0.59880257 0.921875
v 0.1673809 0.61744699 0.921875
v 0.1673809 0.61744699 0.89257813
v 0.15965813 0.59880257 0.89257813
vt 0.0625 0.4375
vt 0.25 0.4375
vt 0.25 0.5
vt 0.0625 0.5
f 1649/1649 1650/1650 1651/1651 1652/1652
v 0.1673809 0.61744699 0.921875
v 0.18602532 0.62516976 0.921875
v 0.18602532 0.62516976 0.89257813
v 0.1673809 0.61744699 0.89257813
vt 0.0625 0.4375
vt 0.25 0.4375
vt 0.25 0.5
vt 0.0625 0.5
f 1653/1653 1654/1654 1655/1655 1656/1656
v 0.18602532 0.62516976 0.921875
v 0.20466973 0.61744699 0.921875
v 0.20466973 0.61744699 0.89257813
v 0.18602532 0.62516976 0.89257813
vt 0.0625 0.4375
vt 0.25 0.4375
vt 0.25 0.5
vt 0.0625 0.5
f 1657/1657 1658/1658 1659/1659 1660/1660
v 0.20466973 0.61744699 0.921875
v 0.2123925 0.59880257 0.921875
v 0.2123925 0.59880257 0.89257813
v 0.20466973 0.61744699 0.89257813
vt 0.0625 0.4375
vt 0.25 0.4375
vt 0.25 0.5
vt 0.0625 0.5
f 1661/1661 1662/1662 1663/1663 1664/1664
v 0.2123925 0.59880257 0.921875
v 0.20466973 0.58015816 0.921875
v 0.20466973 0.58015816 0.89257813
v 0.2123925 0.59880257 0.89257813
vt 0.0625 0.4375
vt 0.25 0.4375
vt 0.25 0.5
vt 0.0625 0.5
f 1665/1665 1666/1666 1667/1667 1668/1668
v 0.20466973 0.58015816 0.921875
v 0.18602532 0.57243539 0.921875
v 0.18602532 0.57243539 0.89257813
v 0.20466973 0.58015816 0.89257813
vt 0.0625 0.4375
vt 0.25 0.4375
vt 0.25 0.5
vt 0.0625 0.5
f 1669/1669 1670/1670 1671/1671 1672/1672
v 0.18602532 0.57243539 0.921875
v 0.1673809 0.58015816 0.921875
v 0.1673809 0.58015816 0.89257813
v 0.18602532 0.57243539 0.89257813
vt 0.0625 0.4375
vt 0.25 0.4375
vt 0.25 0.5
vt 0.0625 0.5
f 1673/1673 1674/1674 1675/1675 1676/1676
v 0.1673809 0.58015816 0.921875
v 0.15965813 0.59880257 0.921875
v 0.15965813 0.59880257 0.89257813
v 0.1673809 0.58015816 0.89257813
vt 0.0625 0.4375
vt 0.25 0.4375
vt 0.25 0.5
vt 0.0625 0.5
f 1677/1677 1678/1678 1679/1679 1680/1680
v 0.18602532 0.62516976 0.921875
v 0.1673809 0.61744699 0.921875
v 0.15965813 0.59880257 0.921875
v 0.18602532 0.59880257 0.921875
vt 0.15625 0.4375
vt 0.22254126 0.44665291
vt 0.25 0.46875
vt 0.15625 0.46875
f 1681/1681 1682/1682 1683/1683 1684/1684
v 0.2123925 0.59880257 0.921875
v 0.20466973 0.61744699 0.921875
v 0.18602532 0.62516976 0.921875
v 0.18602532 0.59880257 0.921875
vt 0.0625 0.46875
vt 0.08995874 0.44665291
vt 0.15625 0.4375
vt 0.15625 0.46875
f 1685/1685 1686/1686 1687/1687 1688/1688
v 0.18602532 0.57243539 0.921875
v 0.20466973 0.58015816 0.921875
v 0.2123925 0.59880257 0.921875
v 0.18602532 0.59880257 0.921875
vt 0.15625 0.5
vt 0.08995874 0.49084709
vt 0.0625 0.46875
vt 0.15625 0.46875
f 1689/1689 1690/1690 1691/1691 1692/1692
v 0.15965813 0.59880257 0.921875
v 0.1673809 0.58015816 0.921875
v 0.18602532 0.57243539 0.921875
v 0.18602532 0.59880257 0.921875
vt 0.25 0.46875
vt 0.22254126 0.49084709
vt 0.15625 0.5
vt 0.15625 0.46875
f 1693/1693 1694/1694 1695/1695 1696/1696
v 0.18602532 0.59880257 0.89257813
v 0.15965813 0.59880257 0.89257813
v 0.1673809 0.61744699 0.89257813
v 0.18602532 0.62516976 0.89257813
vt 0.15625 0.46875
vt 0.25 0.46875
vt 0.22254126 0.44665291
vt 0.15625 0.4375
f 1697/1697 1698/1698 1699/1699 1700/1700
v 0.18602532 0.59880257 0.89257813
v 0.18602532 0.62516976 0.89257813
v 0.20466973 0.61744699 0.89257813
v 0.2123925 0.59880257 0.89257813
vt 0.15625 0.46875
vt 0.15625 0.4375
vt 0.08995874 0.44665291
vt 0.0625 0.46875
f 1701/1701 1702/1702 1703/1703 1704/1704
v 0.18602532 0.59880257 0.89257813
v 0.2123925 0.59880257 0.89257813
v 0.20466973 0.58015816 0.89257813
v 0.18602532 0.57243539 0.89257813
vt 0.15625 0.46875
vt 0.0625 0.46875
vt 0.08995874 0.49084709
vt 0.15625 0.5
f 1705/1705 1706/1706 1707/1707 1708/1708
v 0.18602532 0.59880257 0.89257813
v 0.18602532 0.57243539 0.89257813
v 0.1673809 0.58015816 0.89257813
v 0.15965813 0.59880257 0.89257813
vt 0.15625 0.46875
vt 0.15625 0.5
vt 0.22254126 0.49084709
vt 0.25 0.46875
f 1709/1709 1710/1710 1711/1711 1712/1712
v 0.34358024 0.78272468 0.921875
v 0.35130301 0.8013691 0.921875
v 0.35130301 0.8013691 0.89257813
v 0.34358024 0.78272468 0.89257813
vt 0.0625 0.4375
vt 0.25 0.4375
vt 0.25 0.5
vt 0.0625 0.5
f 1713/1713 1714/1714 1715/1715 1716/1716
v 0.35130301 0.8013691 0.921875
v 0.36994743 0.80909187 0.921875
v 0.36994743 0.80909187 0.89257813
v 0.35130301 0.8013691 0.89257813
vt 0.0625 0.4375
vt 0.25 0.4375
vt 0.25 0.5
vt 0.0625 0.5
f 1717/1717 1718/1718 1719/1719 1720/1720
v 0.36994743 0.80909187 0.921875
v 0.38859184 0.8013691 0.921875
v 0.38859184 0.8013691 0.89257813
v 0.36994743 0.80909187 0.89257813
vt 0.0625 0.4375
vt 0.25 0.4375
vt 0.25 0.5
vt 0.0625 0.5
f 1721/1721 1722/1722 1723/1723 1724/1724
v 0.38859184 0.8013691 0.921875
v 0.39631461 0.78272468 0.921875
v 0.39631461 0.78272468 0.89257813
v 0.38859184 0.8013691 0.89257813
vt 0.0625 0.4375
vt 0.25 0.4375
vt 0.25 0.5
vt 0.0625 0.5
f 1725/1725 1726/1726 1727/1727 1728/1728
v 0.39631461 0.78272468 0.921875
v 0.38859184 0.76408027 0.921875
v 0.38859184 0.76408027 0.89257813
v 0.39631461 0.78272468 0.89257813
vt 0.0625 0.4375
vt 0.25 0.4375
vt 0.25 0.5
vt 0.0625 0.5
f 1729/1729 1730/1730 1731/1731 1732/1732
v 0.38859184 0.76408027 0.921875
v 0.36994743 0.7563575 0.921875
v 0.36994743 0.7563575 0.89257813
v 0.38859184 0.76408027 0.89257813
vt 0.0625 0.4375
vt 0.25 0.4375
vt 0.25 0.5
vt 0.0625 0.5
f 1733/1733 1734/1734 1735/1735 1736/1736
v 0.36994743 0.7563575 0.921875
v 0.35130301 0.76408027 0.921875
v 0.35130301 0.76408027 0.89257813
v 0.36994743 0.7563575 0.89257813
vt 0.0625 0.4375
vt 0.25 0.4375
vt 0.25 0.5
vt 0.0625 0.5
f 1737/1737 1738/1738 1739/1739 1740/1740
v 0.35130301 0.76408027 0.921875
v 0.34358024 0.78272468 0.921875
v 0.34358024 0.78272468 0.89257813
v 0.35130301 0.76408027 0.89257813
vt 0.0625 0.4375
vt 0.25 0.4375
vt 0.25 0.5
vt 0.0625 0.5
f 1741/1741 1742/1742 1743/1743 1744/1744
v 0.36994743 0.80909187 0.921875
v 0.35130301 0.8013691 0.921875
v 0.34358024 0.78272468 0.921875
v 0.36994743 0.78272468 0.921875
vt 0.15625 0.4375
vt 0.22254126 0.44665291
vt 0.25 0.46875
vt 0.15625 0.46875
f 1745/1745 1746/1746 1747/1747 1748/1748
v 0.39631461 0.78272468 0.921875
v 0.38859184 0.8013691 0.921875
v 0.36994743 0.80909187 0.921875
v 0.36994743 0.78272468 0.921875
vt 0.0625 0.46875
vt 0.08995874 0.44665291
vt 0.15625 0.4375
vt 0.15625 0.46875
f 1749/1749 1750/1750 1751/1751 1752/1752
v 0.36994743 0.7563575 0.921875
v 0.38859184 0.76408027 0.921875
v 0.39631461 0.78272468 0.921875
v 0.36994743 0.78272468 0.921875
vt 0.15625 0.5
vt 0.08995874 0.49084709
vt 0.0625 0.46875
vt 0.15625 0.46875
f 1753/1753 1754/1754 1755/1755 1756/1756
v 0.34358024 0.78272468 0.921875
v 0.35130301 0.76408027 0.921875
v 0.36994743 0.7563575 0.921875
v 0.36994743 0.78272468 0.921875
vt 0.25 0.46875
vt 0.22254126 0.49084709
vt 0.15625 0.5
vt 0.15625 0.46875
f 1757/1757 1758/1758 1759/1759 1760/1760
v 0.36994743 0.78272468 0.89257813
v 0.34358024 0.78272468 0.89257813
v 0.35130301 0.8013691 0.89257813
v 0.36994743 0.80909187 0.89257813
vt 0.15625 0.46875
vt 0.25 0.46875
vt 0.22254126 0.44665291
vt 0.15625 0.4375
f 1761/1761 1762/1762 1763/1763 1764/1764
v 0.36994743 0.78272468 0.89257813
v 0.36994743 0.80909187 0.89257813
v 0.38859184 0.8013691 0.89257813
v 0.39631461 0.78272468 0.89257813
vt 0.15625 0.46875
vt 0.15625 0.4375
vt 0.08995874 0.44665291
vt 0.0625 0.46875
f 1765/1765 1766/1766 1767/1767 1768/1768
v 0.36994743 0.78272468 0.89257813
v 0.39631461 0.78272468 0.89257813
v 0.38859184 0.76408027 0.89257813
v 0.36994743 0.7563575 0.89257813
vt 0.15625 0.46875
vt 0.0625 0.46875
vt 0.08995874 0.49084709
vt 0.15625 0.5
f 1769/1769 1770/1770 1771/1771 1772/1772
v 0.36994743 0.78272468 0.89257813
v 0.36994743 0.7563575 0.89257813
v 0.35130301 0.76408027 0.89257813
v 0.34358024 0.78272468 0.89257813
vt 0.15625 0.46875
vt 0.15625 0.5
vt 0.22254126 0.49084709
vt 0.25 0.46875
f 1773/1773 1774/1774 1775/1775 1776/1776
v 0.60368539 0.78272468 0.921875
v 0.61140816 0.8013691 0.921875
v 0.61140816 0.8013691 0.89257813
v 0.60368539 0.78272468 0.89257813
vt 0.0625 0.4375
vt 0.25 0.4375
vt 0.25 0.5
vt 0.0625 0.5
f 1777/1777 1778/1778 1779/1779 1780/1780
v 0.61140816 0.8013691 0.921875
v 0.63005257 0.80909187 0.921875
v 0.63005257 0.80909187 0.89257813
v 0.61140816 0.8013691 0.89257813
vt 0.0625 0.4375
vt 0.25 0.4375
vt 0.25 0.5
vt 0.0625 0.5
f 1781/1781 1782/1782 1783/1783 1784/1784
v 0.63005257 0.80909187 0.921875
v 0.64869699 0.8013691 0.921875
v 0.64869699 0.8013691 0.89257813
v 0.63005257 0.80909187 0.89257813
vt 0.0625 0.4375
vt 0.25 0.4375
vt 0.25 0.5
vt 0.0625 0.5
f 1785/1785 1786/1786 1787/1787 1788/1788
v 0.64869699 0.8013691 0.921875
v 0.65641976 0.78272468 0.921875
v 0.65641976 0.78272468 0.89257813
v 0.64869699 0.8013691 0.89257813
vt 0.0625 0.4375
vt 0.25 0.4375
vt 0.25 0.5
vt 0.0625 0.5
f 1789/1789 1790/1790 1791/1791 1792/1792
v 0.65641976 0.78272468 0.921875
v 0.64869699 0.76408027 0.921875
v 0.64869699 0.76408027 0.89257813
v 0.65641976 0.78272468 0.89257813
vt 0.0625 0.4375
vt 0.25 0.4375
vt 0.25 0.5
vt 0.0625 0.5
f 1793/1793 1794/1794 1795/1795 1796/1796
v 0.64869699 0.76408027 0.921875
v 0.63005257 0.7563575 0.921875
v 0.63005257 0.7563575 0.89257813
v 0.64869699 0.76408027 0.89257813
vt 0.0625 0.4375
vt 0.25 0.4375
vt 0.25 0.5
vt 0.0625 0.5
f 1797/1797 1798/1798 1799/1799 1800/1800
v 0.63005257 0.7563575 0.921875
v 0.61140816 0.76408027 0.921875
v 0.61140816 0.76408027 0.89257813
v 0.63005257 0.7563575 0.89257813
vt 0.0625 0.4375
vt 0.25 0.4375
vt 0.25 0.5
vt 0.0625 0.5
f 1801/1801 1802/1802 1803/1803 1804/1804
v 0.61140816 0.76408027 0.921875
v 0.60368539 0.78272468 0.921875
v 0.60368539 0.78272468 0.89257813
v 0.61140816 0.76408027 0.89257813
vt 0.0625 0.4375
vt 0.25 0.4375
vt 0.25 0.5
vt 0.0625 0.5
f 1805/1805 1806/1806 1807/1807 1808/1808
v 0.63005257 0.80909187 0.921875
v 0.61140816 0.8013691 0.921875
v 0.60368539 0.78272468 0.921875
v 0.63005257 0.78272468 0.921875
vt 0.15625 0.4375
vt 0.22254126 0.44665291
vt 0.25 0.46875
vt 0.15625 0.46875
f 1809/1809 1810/1810 1811/1811 1812/1812
v 0.65641976 0.78272468 0.921875
v 0.64869699 0.8013691 0.921875
v 0.63005257 0.80909187 0.921875
v 0.63005257 0.78272468 0.921875
vt 0.0625 0.46875
vt 0.08995874 0.44665291
vt 0.15625 0.4375
vt 0.15625 0.46875
f 1813/1813 1814/1814 1815/1815 1816/1816
v 0.63005257 0.7563575 0.921875
v 0.64869699 0.76408027 0.921875
v 0.65641976 0.78272468 0.921875
v 0.63005257 0.78272468 0.921875
vt 0.15625 0.5
vt 0.08995874 0.49084709
vt 0.0625 0.46875
vt 0.15625 0.46875
f 1817/1817 1818/1818 1819/1819 1820/1820
v 0.60368539 0.78272468 0.921875
v 0.61140816 0.76408027 0.921875
v 0.63005257 0.7563575 0.921875
v 0.63005257 0.78272468 0.921875
vt 0.25 0.46875
vt 0.22254126 0.49084709
vt 0.15625 0.5
vt 0.15625 0.46875
f 1821/1821 1822/1822 1823/1823 1824/1824
v 0.63005257 0.78272468 0.89257813
v 0.60368539 0.78272468 0.89257813
v 0.61140816 0.8013691 0.89257813
v 0.63005257 0.80909187 0.89257813
vt 0.15625 0.46875
vt 0.25 0.46875
vt 0.22254126 0.44665291
vt 0.15625 0.4375
f 1825/1825 1826/1826 1827/1827 1828/1828
v 0.63005257 0.78272468 0.89257813
v 0.63005257 0.80909187 0.89257813
v 0.64869699 0.8013691 0.89257813
v 0.65641976 0.78272468 0.89257813
vt 0.15625 0.46875
vt 0.15625 0.4375
vt 0.08995874 0.44665291
vt 0.0625 0.46875
f 1829/1829 1830/1830 1831/1831 1832/1832
v 0.63005257 0.78272468 0.89257813
v 0.65641976 0.78272468 0.89257813
v 0.64869699 0.76408027 0.89257813
v 0.63005257 0.7563575 0.89257813
vt 0.15625 0.46875
vt 0.0625 0.46875
vt 0.08995874 0.49084709
vt 0.15625 0.5
f 1833/1833 1834/1834 1835/1835 1836/1836
v 0.63005257 0.78272468 0.89257813
v 0.63005257 0.7563575 0.89257813
v 0.61140816 0.76408027 0.89257813
v 0.60368539 0.78272468 0.89257813
vt 0.15625 0.46875
vt 0.15625 0.5
vt 0.22254126 0.49084709
vt 0.25 0.46875
f 1837/1837 1838/1838 1839/1839 1840/1840
v 0.7876075 0.59880257 0.921875
v 0.79533027 0.61744699 0.921875
v 0.79533027 0.61744699 0.89257813
v 0.7876075 0.59880257 0.89257813
vt 0.0625 0.4375
vt 0.25 0.4375
vt 0.25 0.5
vt 0.0625 0.5
f 1841/1841 1842/1842 1843/1843 1844/1844
v 0.79533027 0.61744699 0.921875
v 0.81397468 0.62516976 0.921875
v 0.81397468 0.62516976 0.89257813
v 0.79533027 0.61744699 0.89257813
vt 0.0625 0.4375
vt 0.25 0.4375
vt 0.25 0.5
vt 0.0625 0.5
f 1845/1845 1846/1846 1847/1847 1848/1848
v 0.81397468 0.62516976 0.921875
v 0.8326191 0.61744699 0.921875
v 0.8326191 0.61744699 0.89257813
v 0.81397468 0.62516976 0.89257813
vt 0.0625 0.4375
vt 0.25 0.4375
vt 0.25 0.5
vt 0.0625 0.5
f 1849/1849 1850/1850 1851/1851 1852/1852
v 0.8326191 0.61744699 0.921875
v 0.84034187 0.59880257 0.921875
v 0.84034187 0.59880257 0.89257813
v 0.8326191 0.61744699 0.89257813
vt 0.0625 0.4375
vt 0.25 0.4375
vt 0.25 0.5
vt 0.0625 0.5
f 1853/1853 1854/1854 1855/1855 1856/1856
v 0.84034187 0.59880257 0.921875
v 0.8326191 0.58015816 0.921875
v 0.8326191 0.58015816 0.89257813
v 0.84034187 0.59880257 0.89257813
vt 0.0625 0.4375
vt 0.25 0.4375
vt 0.25 0.5
vt 0.0625 0.5
f 1857/1857 1858/1858 1859/1859 1860/1860
v 0.8326191 0.58015816 0.921875
v 0.81397468 0.57243539 0.921875
v 0.81397468 0.57243539 0.89257813
v 0.8326191 0.58015816 0.89257813
vt 0.0625 0.4375
vt 0.25 0.4375
vt 0.25 0.5
vt 0.0625 0.5
f 1861/1861 1862/1862 1863/1863 1864/1864
v 0.81397468 0.57243539 0.921875
v 0.79533027 0.58015816 0.921875
v 0.79533027 0.58015816 0.89257813
v 0.81397468 0.57243539 0.89257813
vt 0.0625 0.4375
vt 0.25 0.4375
vt 0.25 0.5
vt 0.0625 0.5
f 1865/1865 1866/1866 1867/1867 1868/1868
v 0.79533027 0.58015816 0.921875
v 0.7876075 0.59880257 0.921875
v 0.7876075 0.59880257 0.89257813
v 0.79533027 0.58015816 0.89257813
vt 0.0625 0.4375
vt 0.25 0.4375
vt 0.25 0.5
vt 0.0625 0.5
f 1869/1869 1870/1870 1871/1871 1872/1872
v 0.81397468 0.62516976 0.921875
v 0.79533027 0.61744699 0.921875
v 0.7876075 0.59880257 0.921875
v 0.81397468 0.59880257 0.921875
vt 0.15625 0.4375
vt 0.22254126 0.44665291
vt 0.25 0.46875
vt 0.15625 0.46875
f 1873/1873 1874/1874 1875/1875 1876/1876
v 0.84034187 0.59880257 0.921875
v 0.8326191 0.61744699 0.921875
v 0.81397468 0.62516976 0.921875
v 0.81397468 0.59880257 0.921875
vt 0.0625 0.46875
vt 0.08995874 0.44665291
vt 0.15625 0.4375
vt 0.15625 0.46875
f 1877/1877 1878/1878 1879/1879 1880/1880
v 0.81397468 0.57243539 0.921875
v 0.8326191 0.58015816 0.921875
v 0.84034187 0.59880257 0.921875
v 0.81397468 0.59880257 0.921875
vt 0.15625 0.5
vt 0.08995874 0.49084709
vt 0.0625 0.46875
vt 0.15625 0.46875
f 1881/1881 1882/1882 1883/1883 1884/1884
v 0.7876075 0.59880257 0.921875
v 0.79533027 0.58015816 0.921875
v 0.81397468 0.57243539 0.921875
v 0.81397468 0.59880257 0.921875
vt 0.25 0.46875
vt 0.22254126 0.49084709
vt 0.15625 0.5
vt 0.15625 0.46875
f 1885/1885 1886/1886 1887/1887 1888/1888
v 0.81397468 0.59880257 0.89257813
v 0.7876075 0.59880257 0.89257813
v 0.79533027 0.61744699 0.89257813
v 0.81397468 0.62516976 0.89257813
vt 0.15625 0.46875
vt 0.25 0.46875
vt 0.22254126 0.44665291
vt 0.15625 0.4375
f 1889/1889 1890/1890 1891/1891 1892/1892
v 0.81397468 0.59880257 0.89257813
v 0.81397468 0.62516976 0.89257813
v 0.8326191 0.61744699 0.89257813
v 0.84034187 0.59880257 0.89257813
vt 0.15625 0.46875
vt 0.15625 0.4375
vt 0.08995874 0.44665291
vt 0.0625 0.46875
f 1893/1893 1894/1894 1895/1895 1896/1896
v 0.81397468 0.59880257 0.89257813
v 0.84034187 0.59880257 0.89257813
v 0.8326191 0.58015816 0.89257813
v 0.81397468 0.57243539 0.89257813
vt 0.15625 0.46875
vt 0.0625 0.46875
vt 0.08995874 0.49084709
vt 0.15625 0.5
f 1897/1897 1898/1898 1899/1899 1900/1900
v 0.81397468 0.59880257 0.89257813
v 0.81397468 0.57243539 0.89257813
v 0.79533027 0.58015816 0.89257813
v 0.7876075 0.59880257 0.89257813
vt 0.15625 0.46875
vt 0.15625 0.5
vt 0.22254126 0.49084709
vt 0.25 0.46875
f 1901/1901 1902/1902 1903/1903 1904/1904
v 0.7876075 0.33869743 0.921875
v 0.79533027 0.35734184 0.921875
v 0.79533027 0.35734184 0.89257813
v 0.7876075 0.33869743 0.89257813
vt 0.0625 0.4375
vt 0.25 0.4375
vt 0.25 0.5
vt 0.0625 0.5
f 1905/1905 1906/1906 1907/1907 1908/1908
v 0.79533027 0.35734184 0.921875
v 0.81397468 0.36506461 0.921875
v 0.81397468 0.36506461 0.89257813
v 0.79533027 0.35734184 0.89257813
vt 0.0625 0.4375
vt 0.25 0.4375
vt 0.25 0.5
vt 0.0625 0.5
f 1909/1909 1910/1910 1911/1911 1912/1912
v 0.81397468 0.36506461 0.921875
v 0.8326191 0.35734184 0.921875
v 0.8326191 0.35734184 0.89257813
v 0.81397468 0.36506461 0.89257813
vt 0.0625 0.4375
vt 0.25 0.4375
vt 0.25 0.5
vt 0.0625 0.5
f 1913/1913 1914/1914 1915/1915 1916/1916
v 0.8326191 0.35734184 0.921875
v 0.84034187 0.33869743 0.921875
v 0.84034187 0.33869743 0.89257813
v 0.8326191 0.35734184 0.89257813
vt 0.0625 0.4375
vt 0.25 0.4375
vt 0.25 0.5
vt 0.0625 0.5
f 1917/1917 1918/1918 1919/1919 1920/1920
v 0.84034187 0.33869743 0.921875
v 0.8326191 0.32005301 0.921875
v 0.8326191 0.32005301 0.89257813
v 0.84034187 0.33869743 0.89257813
vt 0.0625 0.4375
vt 0.25 0.4375
vt 0.25 0.5
vt 0.0625 0.5
f 1921/1921 1922/1922 1923/1923 1924/1924
v 0.8326191 0.32005301 0.921875
v 0.81397468 0.31233024 0.921875
v 0.81397468 0.31233024 0.89257813
v 0.8326191 0.32005301 0.89257813
vt 0.0625 0.4375
vt 0.25 0.4375
vt 0.25 0.5
vt 0.0625 0.5
f 1925/1925 1926/1926 1927/1927 1928/1928
v 0.81397468 0.31233024 0.921875
v 0.79533027 0.32005301 0.921875
v 0.79533027 0.32005301 0.89257813
v 0.81397468 0.31233024 0.89257813
vt 0.0625 0.4375
vt 0.25 0.4375
vt 0.25 0.5
vt 0.0625 0.5
f 1929/1929 1930/1930 1931/1931 1932/1932
v 0.79533027 0.32005301 0.921875
v 0.7876075 0.33869743 0.921875
v 0.7876075 0.33869743 0.89257813
v 0.79533027 0.32005301 0.89257813
vt 0.0625 0.4375
vt 0.25 0.4375
vt 0.25 0.5
vt 0.0625 0.5
f 1933/1933 1934/1934 1935/1935 1936/1936
v 0.81397468 0.36506461 0.921875
v 0.79533027 0.35734184 0.921875
v 0.7876075 0.33869743 0.921875
v 0.81397468 0.33869743 0.921875
vt 0.15625 0.4375
vt 0.22254126 0.44665291
vt 0.25 0.46875
vt 0.15625 0.46875
f 1937/1937 1938/1938 1939/1939 1940/1940
v 0.84034187 0.33869743 0.921875
v 0.8326191 0.35734184 0.921875
v 0.81397468 0.36506461 0.921875
v 0.81397468 0.33869743 0.921875
vt 0.0625 0.46875
vt 0.08995874 0.44665291
vt 0.15625 0.4375
vt 0.15625 0.46875
f 1941/1941 1942/1942 1943/1943 1944/1944
v 0.81397468 0.31233024 0.921875
v 0.8326191 0.32005301 0.921875
v 0.84034187 0.33869743 0.921875
v 0.81397468 0.33869743 0.921875
vt 0.15625 0.5
vt 0.08995874 0.49084709
vt 0.0625 0.46875
vt 0.15625 0.46875
f 1945/1945 1946/1946 1947/1947 1948/1948
v 0.7876075 0.33869743 0.921875
v 0.79533027 0.32005301 0.921875
v 0.81397468 0.31233024 0.921875
v 0.81397468 0.33869743 0.921875
vt 0.25 0.46875
vt 0.22254126 0.49084709
vt 0.15625 0.5
vt 0.15625 0.46875
f 1949/1949 1950/1950 1951/1951 1952/1952
v 0.81397468 0.33869743 0.89257813
v 0.7876075 0.33869743 0.89257813
v 0.79533027 0.35734184 0.89257813
v 0.81397468 0.36506461 0.89257813
vt 0.15625 0.46875
vt 0.25 0.46875
vt 0.22254126 0.44665291
vt 0.15625 0.4375
f 1953/1953 1954/1954 1955/1955 1956/1956
v 0.81397468 0.33869743 0.89257813
v 0.81397468 0.36506461 0.89257813
v 0.8326191 0.35734184 0.89257813
v 0.84034187 0.33869743 0.89257813
vt 0.15625 0.46875
vt 0.15625 0.4375
vt 0.08995874 0.44665291
vt 0.0625 0.46875
f 1957/1957 1958/1958 1959/1959 1960/1960
v 0.81397468 0.33869743 0.89257813
v 0.84034187 0.33869743 0.89257813
v 0.8326191 0.32005301 0.89257813
v 0.81397468 0.31233024 0.89257813
vt 0.15625 0.46875
vt 0.0625 0.46875
vt 0.08995874 0.49084709
vt 0.15625 0.5
f 1961/1961 1962/1962 1963/1963 1964/1964
v 0.81397468 0.33869743 0.89257813
v 0.81397468 0.31233024 0.89257813
v 0.79533027 0.32005301 0.89257813
v 0.7876075 0.33869743 0.89257813
vt 0.15625 0.46875
vt 0.15625 0.5
vt 0.22254126 0.49084709
vt 0.25 0.46875
f 1965/1965 1966/1966 1967/1967 1968/1968
v 0.60368539 0.15477532 0.921875
v 0.61140816 0.17341973 0.921875
v 0.61140816 0.17341973 0.89257813
v 0.60368539 0.15477532 0.89257813
vt 0.0625 0.4375
vt 0.25 0.4375
vt 0.25 0.5
vt 0.0625 0.5
f 1969/1969 1970/1970 1971/1971 1972/1972
v 0.61140816 0.17341973 0.921875
v 0.63005257 0.1811425 0.921875
v 0.63005257 0.1811425 0.89257813
v 0.61140816 0.17341973 0.89257813
vt 0.0625 0.4375
vt 0.25 0.4375
vt 0.25 0.5
vt 0.0625 0.5
f 1973/1973 1974/1974 1975/1975 1976/1976
v 0.63005257 0.1811425 0.921875
v 0.64869699 0.17341973 0.921875
v 0.64869699 0.17341973 0.89257813
v 0.63005257 0.1811425 0.89257813
vt 0.0625 0.4375
vt 0.25 0.4375
vt 0.25 0.5
vt 0.0625 0.5
f 1977/1977 1978/1978 1979/1979 1980/1980
v 0.64869699 0.17341973 0.921875
v 0.65641976 0.15477532 0.921875
v 0.65641976 0.15477532 0.89257813
v 0.64869699 0.17341973 0.89257813
vt 0.0625 0.4375
vt 0.25 0.4375
vt 0.25 0.5
vt 0.0625 0.5
f 1981/1981 1982/1982 1983/1983 1984/1984
v 0.65641976 0.15477532 0.921875
v 0.64869699 0.1361309 0.921875
v 0.64869699 0.1361309 0.89257813
v 0.65641976 0.15477532 0.89257813
vt 0.0625 0.4375
vt 0.25 0.4375
vt 0.25 0.5
vt 0.0625 0.5
f 1985/1985 1986/1986 1987/1987 1988/1988
v 0.64869699 0.1361309 0.921875
v 0.63005257 0.12840813 0.921875
v 0.63005257 0.12840813 0.89257813
v 0.64869699 0.1361309 0.89257813
vt 0.0625 0.4375
vt 0.25 0.4375
vt 0.25 0.5
vt 0.0625 0.5
f 1989/1989 1990/1990 1991/1991 1992/1992
v 0.63005257 0.12840813 0.921875
v 0.61140816 0.1361309 0.921875
v 0.61140816 0.1361309 0.89257813
v 0.63005257 0.12840813 0.89257813
vt 0.0625 0.4375
vt 0.25 0.4375
vt 0.25 0.5
vt 0.0625 0.5
f 1993/1993 1994/1994 1995/1995 1996/1996
v 0.61140816 0.1361309 0.921875
v 0.60368539 0.15477532 0.921875
v 0.60368539 0.15477532 0.89257813
v 0.61140816 0.1361309 0.89257813
vt 0.0625 0.4375
vt 0.25 0.4375
vt 0.25 0.5
vt 0.0625 0.5
f 1997/1997 1998/1998 1999/1999 2000/2000
v 0.63005257 0.1811425 0.921875
v 0.61140816 0.17341973 0.921875
v 0.60368539 0.15477532 0.921875
v 0.63005257 0.15477532 0.921875
vt 0.15625 0.4375
vt 0.22254126 0.44665291
vt 0.25 0.46875
vt 0.15625 0.46875
f 2001/2001 2002/2002 2003/2003 2004/2004
v 0.65641976 0.15477532 0.921875
v 0.64869699 0.17341973 0.921875
v 0.63005257 0.1811425 0.921875
v 0.63005257 0.15477532 0.921875
vt 0.0625 0.46875
vt 0.08995874 0.44665291
vt 0.15625 0.4375
vt 0.15625 0.46875
f 2005/2005 2006/2006 2007/2007 2008/2008
v 0.63005257 0.12840813 0.921875
v 0.64869699 0.1361309 0.921875
v 0.65641976 0.15477532 0.921875
v 0.63005257 0.15477532 0.921875
vt 0.15625 0.5
vt 0.08995874 0.49084709
vt 0.0625 0.46875
vt 0.15625 0.46875
f 2009/2009 2010/2010 2011/2011 2012/2012
v 0.60368539 0.15477532 0.921875
v 0.61140816 0.1361309 0.921875
v 0.63005257 0.12840813 0.921875
v 0.63005257 0.15477532 0.921875
vt 0.25 0.46875
vt 0.22254126 0.49084709
vt 0.15625 0.5
vt 0.15625 0.46875
f 2013/2013 2014/2014 2015/2015 2016/2016
v 0.63005257 0.15477532 0.89257813
v 0.60368539 0.15477532 0.89257813
v 0.61140816 0.17341973 0.89257813
v 0.63005257 0.1811425 0.89257813
vt 0.15625 0.46875
vt 0.25 0.46875
vt 0.22254126 0.44665291
vt 0.15625 0.4375
f 2017/2017 2018/2018 2019/2019 2020/2020
v 0.63005257 0.15477532 0.89257813
v 0.63005257 0.1811425 0.89257813
v 0.64869699 0.17341973 0.89257813
v 0.65641976 0.15477532 0.89257813
vt 0.15625 0.46875
vt 0.15625 0.4375
vt 0.08995874 0.44665291
vt 0.0625 0.46875
f 2021/2021 2022/2022 2023/2023 2024/2024
v 0.63005257 0.15477532 0.89257813
v 0.65641976 0.15477532 0.89257813
v 0.64869699 0.1361309 0.89257813
v 0.63005257 0.12840813 0.89257813
vt 0.15625 0.46875
vt 0.0625 0.46875
vt 0.08995874 0.49084709
vt 0.15625 0.5
f 2025/2025 2026/2026 2027/2027 2028/2028
v 0.63005257 0.15477532 0.89257813
v 0.63005257 0.12840813 0.89257813
v 0.61140816 0.1361309 0.89257813
v 0.60368539 0.15477532 0.89257813
vt 0.15625 0.46875
vt 0.15625 0.5
vt 0.22254126 0.49084709
vt 0.25 0.46875
f 2029/2029 2030/2030 2031/2031 2032/2032
v 0.34358024 0.15477532 0.921875
v 0.35130301 0.17341973 0.921875
v 0.35130301 0.17341973 0.89257813
v 0.34358024 0.15477532 0.89257813
vt 0.0625 0.4375
vt 0.25 0.4375
vt 0.25 0.5
vt 0.0625 0.5
f 2033/2033 2034/2034 2035/2035 2036/2036
v 0.35130301 0.17341973 0.921875
v 0.36994743 0.1811425 0.921875
v 0.36994743 0.1811425 0.89257813
v 0.35130301 0.17341973 0.89257813
vt 0.0625 0.4375
vt 0.25 0.4375
vt 0.25 0.5
vt 0.0625 0.5
f 2037/2037 2038/2038 2039/2039 2040/2040
v 0.36994743 0.1811425 0.921875
v 0.38859184 0.17341973 0.921875
v 0.38859184 0.17341973 0.89257813
v 0.36994743 0.1811425 0.89257813
vt 0.0625 0.4375
vt 0.25 0.4375
vt 0.25 0.5
vt 0.0625 0.5
f 2041/2041 2042/2042 2043/2043 2044/2044
v 0.38859184 0.17341973 0.921875
v 0.39631461 0.15477532 0.921875
v 0.39631461 0.15477532 0.89257813
v 0.38859184 0.17341973 0.89257813
vt 0.0625 0.4375
vt 0.25 0.4375
vt 0.25 0.5
vt 0.0625 0.5
f 2045/2045 2046/2046 2047/2047 2048/2048
v 0.39631461 0.15477532 0.921875
v 0.38859184 0.1361309 0.921875
v 0.38859184 0.1361309 0.89257813
v 0.39631461 0.15477532 0.89257813
vt 0.0625 0.4375
vt 0.25 0.4375
vt 0.25 0.5
vt 0.0625 0.5
f 2049/2049 2050/2050 2051/2051 2052/2052
v 0.38859184 0.1361309 0.921875
v 0.36994743 0.12840813 0.921875
v 0.36994743 0.12840813 0.89257813
v 0.38859184 0.1361309 0.89257813
vt 0.0625 0.4375
vt 0.25 0.4375
vt 0.25 0.5
vt 0.0625 0.5
f 2053/2053 2054/2054 2055/2055 2056/2056
v 0.36994743 0.12840813 0.921875
v 0.35130301 0.1361309 0.921875
v 0.35130301 0.1361309 0.89257813
v 0.36994743 0.12840813 0.89257813
vt 0.0625 0.4375
vt 0.25 0.4375
vt 0.25 0.5
vt 0.0625 0.5
f 2057/2057 2058/2058 2059/2059 2060/2060
v 0.35130301 0.1361309 0.921875
v 0.34358024 0.15477532 0.921875
v 0.34358024 0.15477532 0.89257813
v 0.35130301 0.1361309 0.89257813
vt 0.0625 0.4375
vt 0.25 0.4375
vt 0.25 0.5
vt 0.0625 0.5
f 2061/2061 2062/2062 2063/2063 2064/2064
v 0.36994743 0.1811425 0.921875
v 0.35130301 0.17341973 0.921875
v 0.34358024 0.15477532 0.921875
v 0.36994743 0.15477532 0.921875
vt 0.15625 0.4375
vt 0.22254126 0.44665291
vt 0.25 0.46875
vt 0.15625 0.46875
f 2065/2065 2066/2066 2067/2067 2068/2068
v 0.39631461 0.15477532 0.921875
v 0.38859184 0.17341973 0.921875
v 0.36994743 0.1811425 0.921875
v 0.36994743 0.15477532 0.921875
vt 0.0625 0.46875
vt 0.08995874 0.44665291
vt 0.15625 0.4375
vt 0.15625 0.46875
f 2069/2069 2070/2070 2071/2071 2072/2072
v 0.36994743 0.12840813 0.921875
v 0.38859184 0.1361309 0.921875
v 0.39631461 0.15477532 0.921875
v 0.36994743 0.15477532 0.921875
vt 0.15625 0.5
vt 0.08995874 0.49084709
vt 0.0625 0.46875
vt 0.15625 0.46875
f 2073/2073 2074/2074 2075/2075 2076/2076
v 0.34358024 0.15477532 0.921875
v 0.35130301 0.1361309 0.921875
v 0.36994743 0.12840813 0.921875
v 0.36994743 0.15477532 0.921875
vt 0.25 0.46875
vt 0.22254126 0.49084709
vt 0.15625 0.5
vt 0.15625 0.46875
f 2077/2077 2078/2078 2079/2079 2080/2080
v 0.36994743 0.15477532 0.89257813
v 0.34358024 0.15477532 0.89257813
v 0.35130301 0.17341973 0.89257813
v 0.36994743 0.1811425 0.89257813
vt 0.15625 0.46875
vt 0.25 0.46875
vt 0.22254126 0.44665291
vt 0.15625 0.4375
f 2081/2081 2082/2082 2083/2083 2084/2084
v 0.36994743 0.15477532 0.89257813
v 0.36994743 0.1811425 0.89257813
v 0.38859184 0.17341973 0.89257813
v 0.39631461 0.15477532 0.89257813
vt 0.15625 0.46875
vt 0.15625 0.4375
vt 0.08995874 0.44665291
vt 0.0625 0.46875
f 2085/2085 2086/2086 2087/2087 2088/2088
v 0.36994743 0.15477532 0.89257813
v 0.39631461 0.15477532 0.89257813
v 0.38859184 0.1361309 0.89257813
v 0.36994743 0.12840813 0.89257813
vt 0.15625 0.46875
vt 0.0625 0.46875
vt 0.08995874 0.49084709
vt 0.15625 0.5
f 2089/2089 2090/2090 2091/2091 2092/2092
v 0.36994743 0.15477532 0.89257813
v 0.36994743 0.12840813 0.89257813
v 0.35130301 0.1361309 0.89257813
v 0.34358024 0.15477532 0.89257813
vt 0.15625 0.46875
vt 0.15625 0.5
vt 0.22254126 0.49084709
vt 0.25 0.46875
f 2093/2093 2094/2094 2095/2095 2096/2096
v 0.15965813 0.33869743 0.921875
v 0.1673809 0.35734184 0.921875
v 0.1673809 0.35734184 0.89257813
v 0.15965813 0.33869743 0.89257813
vt 0.0625 0.4375
vt 0.25 0.4375
vt 0.25 0.5
vt 0.0625 0.5
f 2097/2097 2098/2098 2099/2099 2100/2100
v 0.1673809 0.35734184 0.921875
v 0.18602532 0.36506461 0.921875
v 0.18602532 0.36506461 0.89257813
v 0.1673809 0.35734184 0.89257813
vt 0.0625 0.4375
vt 0.25 0.4375
vt 0.25 0.5
vt 0.0625 0.5
f 2101/2101 2102/2102 2103/2103 2104/2104
v 0.18602532 0.36506461 0.921875
v 0.20466973 0.35734184 0.921875
v 0.20466973 0.35734184 0.89257813
v 0.18602532 0.36506461 0.89257813
vt 0.0625 0.4375
vt 0.25 0.4375
vt 0.25 0.5
vt 0.0625 0.5
f 2105/2105 2106/2106 2107/2107 2108/2108
v 0.20466973 0.35734184 0.921875
v 0.2123925 0.33869743 0.921875
v 0.2123925 0.33869743 0.89257813
v 0.20466973 0.35734184 0.89257813
vt 0.0625 0.4375
vt 0.25 0.4375
vt 0.25 0.5
vt 0.0625 0.5
f 2109/2109 2110/2110 2111/2111 2112/2112
v 0.2123925 0.33869743 0.921875
v 0.20466973 0.32005301 0.921875
v 0.20466973 0.32005301 0.89257813
v 0.2123925 0.33869743 0.89257813
vt 0.0625 0.4375
vt 0.25 0.4375
vt 0.25 0.5
vt 0.0625 0.5
f 2113/2113 2114/2114 2115/2115 2116/2116
v 0.20466973 0.32005301 0.921875
v 0.18602532 0.31233024 0.921875
v 0.18602532 0.31233024 0.89257813
v 0.20466973 0.32005301 0.89257813
vt 0.0625 0.4375
vt 0.25 0.4375
vt 0.25 0.5
vt 0.0625 0.5
f 2117/2117 2118/2118 2119/2119 2120/2120
v 0.18602532 0.31233024 0.921875
v 0.1673809 0.32005301 0.921875
v 0.1673809 0.32005301 0.89257813
v 0.18602532 0.31233024 0.89257813
vt 0.0625 0.4375
vt 0.25 0.4375
vt 0.25 0.5
vt 0.0625 0.5
f 2121/2121 2122/2122 2123/2123 2124/2124
v 0.1673809 0.32005301 0.921875
v 0.15965813 0.33869743 0.921875
v 0.15965813 0.33869743 0.89257813
v 0.1673809 0.32005301 0.89257813
vt 0.0625 0.4375
vt 0.25 0.4375
vt 0.25 0.5
vt 0.0625 0.5
f 2125/2125 2126/2126 2127/2127 2128/2128
v 0.18602532 0.36506461 0.921875
v 0.1673809 0.35734184 0.921875
v 0.15965813 0.33869743 0.921875
v 0.18602532 0.33869743 0.921875
vt 0.15625 0.4375
vt 0.22254126 0.44665291
vt 0.25 0.46875
vt 0.15625 0.46875
f 2129/2129 2130/2130 2131/2131 2132/2132
v 0.2123925 0.33869743 0.921875
v 0.20466973 0.35734184 0.921875
v 0.18602532 0.36506461 0.921875
v 0.18602532 0.33869743 0.921875
vt 0.0625 0.46875
vt 0.08995874 0.44665291
vt 0.15625 0.4375
vt 0.15625 0.46875
f 2133/2133 2134/2134 2135/2135 2136/2136
v 0.18602532 0.31233024 0.921875
v 0.20466973 0.32005301 0.921875
v 0.2123925 0.33869743 0.921875
v 0.18602532 0.33869743 0.921875
vt 0.15625 0.5
vt 0.08995874 0.49084709
vt 0.0625 0.46875
vt 0.15625 0.46875
f 2137/2137 2138/2138 2139/2139 2140/2140
v 0.15965813 0.33869743 0.921875
v 0.1673809 0.32005301 0.921875
v 0.18602532 0.31233024 0.921875
v 0.18602532 0.33869743 0.921875
vt 0.25 0.46875
vt 0.22254126 0.49084709
vt 0.15625 0.5
vt 0.15625 0.46875
f 2141/2141 2142/2142 2143/2143 2144/2144
v 0.18602532 0.33869743 0.89257813
v 0.15965813 0.33869743 0.89257813
v 0.1673809 0.35734184 0.89257813
v 0.18602532 0.36506461 0.89257813
vt 0.15625 0.46875
vt 0.25 0.46875
vt 0.22254126 0.44665291
vt 0.15625 0.4375
f 2145/2145 2146/2146 2147/2147 2148/2148
v 0.18602532 0.33869743 0.89257813
v 0.18602532 0.36506461 0.89257813
v 0.20466973 0.35734184 0.89257813
v 0.2123925 0.33869743 0.89257813
vt 0.15625 0.46875
vt 0.15625 0.4375
vt 0.08995874 0.44665291
vt 0.0625 0.46875
f 2149/2149 2150/2150 2151/2151 2152/2152
v 0.18602532 0.33869743 0.89257813
v 0.2123925 0.33869743 0.89257813
v 0.20466973 0.32005301 0.89257813
v 0.18602532 0.31233024 0.89257813
vt 0.15625 0.46875
vt 0.0625 0.46875
vt 0.08995874 0.49084709
vt 0.15625 0.5
f 2153/2153 2154/2154 2155/2155 2156/2156
v 0.18602532 0.33869743 0.89257813
v 0.18602532 0.31233024 0.89257813
v 0.1673809 0.32005301 0.89257813
v 0.15965813 0.33869743 0.89257813
vt 0.15625 0.46875
vt 0.15625 0.5
vt 0.22254126 0.49084709
vt 0.25 0.46875
f 2157/2157 2158/2158 2159/2159 2160/2160
